type,classe,nom,prenom,naissance,sexe,statut,date,heure,categorie,fait
META,2025/2026,semestre,2025-09-01,2026-01-31,2026-02-01,2026-08-31,,
ELEVE,301,Michel,Gabriel,05/05/2011,Masculin,actif,,,,
ELEVE,301,Meunier,Lucie,20/02/2012,Feminin,actif,,,,
ELEVE,301,Robert,Axel,08/04/2010,Masculin,actif,,,,
ELEVE,301,Denis,Nathan,18/11/2010,Masculin,actif,,,,
ELEVE,301,Morel,Jade,25/11/2012,Feminin,actif,,,,
ELEVE,301,Sanchez,Adam,19/11/2012,Masculin,actif,,,,
ELEVE,301,Fontaine,Eliott,23/02/2010,Masculin,actif,,,,
ELEVE,301,Simon,Milo,21/02/2011,Masculin,actif,,,,
ELEVE,401,Bertrand,Eliott,20/07/2010,Masculin,actif,,,,
ELEVE,401,Barbier,Adam,26/09/2010,Masculin,actif,,,,
ELEVE,401,Laurent,Chloe,25/07/2010,Feminin,actif,,,,
ELEVE,401,Fontanel,Lucas,09/01/2010,Masculin,actif,,,,
ELEVE,401,David,Nora,27/10/2010,Feminin,actif,,,,
ELEVE,401,Bernard,Camille,08/01/2010,Feminin,actif,,,,
ELEVE,401,Robin,Noah,16/03/2011,Masculin,actif,,,,
ELEVE,401,Mercier,Zoe,28/01/2012,Feminin,actif,,,,
SESSION,301,demo_301_202509080900,1757314800000,1757318100000
OBS,301,Michel,Gabriel,,,,2025-09-08,09:02,tutorat,donne_reponse_directe
OBS,301,Michel,Gabriel,,,,2025-09-08,09:04,participation,repond_si_sollicite
OBS,301,Michel,Gabriel,,,,2025-09-08,09:06,attention,bavarde_travail
OBS,301,Michel,Gabriel,,,,2025-09-08,09:08,difficulte,attend_d
OBS,301,Meunier,Lucie,,,,2025-09-08,09:21,tutorat,explique_camarade
OBS,301,Meunier,Lucie,,,,2025-09-08,09:23,participation,repond_si_sollicite
OBS,301,Meunier,Lucie,,,,2025-09-08,09:25,ressources,echange_camarade
OBS,301,Meunier,Lucie,,,,2025-09-08,09:27,entree,demarre_relance
OBS,301,Robert,Axel,,,,2025-09-08,09:06,tutorat,donne_reponse_directe
OBS,301,Robert,Axel,,,,2025-09-08,09:08,participation,repond_si_sollicite
OBS,301,Robert,Axel,,,,2025-09-08,09:10,entree,attend_sans_commencer
OBS,301,Robert,Axel,,,,2025-09-08,09:12,attention,bavarde_travail
OBS,301,Robert,Axel,,,,2025-09-08,09:14,finalisation,passe_autre_activite
OBS,301,Denis,Nathan,,,,2025-09-08,09:22,tutorat,refuse_aider
OBS,301,Denis,Nathan,,,,2025-09-08,09:24,participation,ne_participe_pas
OBS,301,Denis,Nathan,,,,2025-09-08,09:26,difficulte,copie_correction
OBS,301,Denis,Nathan,,,,2025-09-08,09:28,entree,ne_demarre_pas
OBS,301,Denis,Nathan,,,,2025-09-08,09:30,finalisation,recopie_correction
OBS,301,Sanchez,Adam,,,,2025-09-08,09:10,tutorat,refuse_aider
OBS,301,Sanchez,Adam,,,,2025-09-08,09:12,participation,ne_participe_pas
OBS,301,Sanchez,Adam,,,,2025-09-08,09:14,difficulte,attend_d
OBS,301,Sanchez,Adam,,,,2025-09-08,09:16,entree,attend_sans_commencer
OBS,301,Sanchez,Adam,,,,2025-09-08,09:18,ressources,attend_correction
OBS,301,Fontaine,Eliott,,,,2025-09-08,09:20,tutorat,aide_si_sollicite
OBS,301,Fontaine,Eliott,,,,2025-09-08,09:22,participation,repond_si_sollicite
OBS,301,Fontaine,Eliott,,,,2025-09-08,09:24,finalisation,activite_incomplete
OBS,301,Fontaine,Eliott,,,,2025-09-08,09:26,ressources,sollicite_immediat
SESSION,301,demo_301_202509120900,1757660400000,1757663700000
OBS,301,Michel,Gabriel,,,,2025-09-12,09:25,tutorat,aide_si_sollicite
OBS,301,Michel,Gabriel,,,,2025-09-12,09:27,participation,repond_si_sollicite
OBS,301,Michel,Gabriel,,,,2025-09-12,09:29,difficulte,cherche_seul
OBS,301,Michel,Gabriel,,,,2025-09-12,09:31,attention,reconcentre_seul
OBS,301,Meunier,Lucie,,,,2025-09-12,09:40,tutorat,donne_reponse_directe
OBS,301,Meunier,Lucie,,,,2025-09-12,09:42,participation,repond_si_insiste
OBS,301,Meunier,Lucie,,,,2025-09-12,09:44,difficulte,copie_camarade
OBS,301,Meunier,Lucie,,,,2025-09-12,09:46,finalisation,activite_incomplete
OBS,301,Robert,Axel,,,,2025-09-12,09:01,tutorat,donne_reponse_directe
OBS,301,Robert,Axel,,,,2025-09-12,09:03,participation,ne_participe_pas
OBS,301,Robert,Axel,,,,2025-09-12,09:05,difficulte,copie_camarade
OBS,301,Robert,Axel,,,,2025-09-12,09:07,entree,ne_demarre_pas
OBS,301,Denis,Nathan,,,,2025-09-12,09:42,tutorat,refuse_aider
OBS,301,Denis,Nathan,,,,2025-09-12,09:44,participation,ne_participe_pas
OBS,301,Denis,Nathan,,,,2025-09-12,09:46,entree,ne_demarre_pas
OBS,301,Denis,Nathan,,,,2025-09-12,09:48,difficulte,copie_correction
OBS,301,Morel,Jade,,,,2025-09-12,09:13,tutorat,explique_camarade
OBS,301,Morel,Jade,,,,2025-09-12,09:15,participation,repond_si_sollicite
OBS,301,Morel,Jade,,,,2025-09-12,09:17,difficulte,demande_aide_pertinente
OBS,301,Morel,Jade,,,,2025-09-12,09:19,entree,demarre_immediat
OBS,301,Morel,Jade,,,,2025-09-12,09:21,attention,distrait_momentanement
OBS,301,Sanchez,Adam,,,,2025-09-12,09:12,tutorat,aide_si_sollicite
OBS,301,Sanchez,Adam,,,,2025-09-12,09:14,participation,repond_si_insiste
OBS,301,Sanchez,Adam,,,,2025-09-12,09:16,entree,demarre_relance
OBS,301,Sanchez,Adam,,,,2025-09-12,09:18,finalisation,passe_autre_activite
OBS,301,Sanchez,Adam,,,,2025-09-12,09:20,attention,reconcentre_seul
OBS,301,Simon,Milo,,,,2025-09-12,09:30,tutorat,aide_si_sollicite
OBS,301,Simon,Milo,,,,2025-09-12,09:32,participation,participe_spontanement
OBS,301,Simon,Milo,,,,2025-09-12,09:34,attention,reconcentre_seul
OBS,301,Simon,Milo,,,,2025-09-12,09:36,difficulte,utilise_document_d
SESSION,301,demo_301_202509180900,1758178800000,1758182100000
OBS,301,Michel,Gabriel,,,,2025-09-18,09:46,tutorat,donne_reponse_directe
OBS,301,Michel,Gabriel,,,,2025-09-18,09:48,participation,repond_si_sollicite
OBS,301,Michel,Gabriel,,,,2025-09-18,09:50,attention,distrait_momentanement
OBS,301,Michel,Gabriel,,,,2025-09-18,09:52,difficulte,attend_d
OBS,301,Meunier,Lucie,,,,2025-09-18,09:42,tutorat,aide_si_sollicite
OBS,301,Meunier,Lucie,,,,2025-09-18,09:44,participation,repond_si_sollicite
OBS,301,Meunier,Lucie,,,,2025-09-18,09:46,difficulte,attend_d
OBS,301,Meunier,Lucie,,,,2025-09-18,09:48,attention,reconcentre_seul
OBS,301,Meunier,Lucie,,,,2025-09-18,09:50,finalisation,activite_incomplete
OBS,301,Robert,Axel,,,,2025-09-18,09:40,tutorat,donne_reponse_directe
OBS,301,Robert,Axel,,,,2025-09-18,09:42,participation,ne_participe_pas
OBS,301,Robert,Axel,,,,2025-09-18,09:44,entree,attend_sans_commencer
OBS,301,Robert,Axel,,,,2025-09-18,09:46,finalisation,recopie_correction
OBS,301,Robert,Axel,,,,2025-09-18,09:48,ressources,sollicite_immediat
OBS,301,Denis,Nathan,,,,2025-09-18,09:24,tutorat,refuse_aider
OBS,301,Denis,Nathan,,,,2025-09-18,09:26,participation,ne_participe_pas
OBS,301,Denis,Nathan,,,,2025-09-18,09:28,ressources,attend_correction
OBS,301,Denis,Nathan,,,,2025-09-18,09:30,attention,revasse
OBS,301,Denis,Nathan,,,,2025-09-18,09:32,difficulte,copie_correction
OBS,301,Morel,Jade,,,,2025-09-18,09:44,tutorat,donne_reponse_directe
OBS,301,Morel,Jade,,,,2025-09-18,09:46,participation,repond_si_sollicite
OBS,301,Morel,Jade,,,,2025-09-18,09:48,ressources,attend_professeur
OBS,301,Morel,Jade,,,,2025-09-18,09:50,entree,attend_sans_commencer
OBS,301,Sanchez,Adam,,,,2025-09-18,09:25,tutorat,aide_si_sollicite
OBS,301,Sanchez,Adam,,,,2025-09-18,09:27,participation,repond_si_sollicite
OBS,301,Sanchez,Adam,,,,2025-09-18,09:29,attention,bavarde_travail
OBS,301,Sanchez,Adam,,,,2025-09-18,09:31,finalisation,verifie_travail
OBS,301,Sanchez,Adam,,,,2025-09-18,09:33,difficulte,attend_d
OBS,301,Fontaine,Eliott,,,,2025-09-18,09:43,tutorat,explique_camarade
OBS,301,Fontaine,Eliott,,,,2025-09-18,09:45,participation,participe_spontanement
OBS,301,Fontaine,Eliott,,,,2025-09-18,09:47,finalisation,verifie_travail
OBS,301,Fontaine,Eliott,,,,2025-09-18,09:49,attention,concentre
OBS,301,Fontaine,Eliott,,,,2025-09-18,09:51,difficulte,utilise_document_d
SESSION,301,demo_301_202509240900,1758697200000,1758700500000
OBS,301,Michel,Gabriel,,,,2025-09-24,09:44,tutorat,donne_reponse_directe
OBS,301,Michel,Gabriel,,,,2025-09-24,09:46,participation,repond_si_sollicite
OBS,301,Michel,Gabriel,,,,2025-09-24,09:48,difficulte,attend_d
OBS,301,Michel,Gabriel,,,,2025-09-24,09:50,attention,distrait_momentanement
OBS,301,Michel,Gabriel,,,,2025-09-24,09:52,finalisation,activite_incomplete
OBS,301,Meunier,Lucie,,,,2025-09-24,09:08,tutorat,explique_camarade
OBS,301,Meunier,Lucie,,,,2025-09-24,09:10,participation,repond_si_insiste
OBS,301,Meunier,Lucie,,,,2025-09-24,09:12,entree,demarre_relance
OBS,301,Meunier,Lucie,,,,2025-09-24,09:14,ressources,sollicite_apres_cherche
OBS,301,Meunier,Lucie,,,,2025-09-24,09:16,difficulte,observe_camarade
OBS,301,Robert,Axel,,,,2025-09-24,09:06,tutorat,refuse_aider
OBS,301,Robert,Axel,,,,2025-09-24,09:08,participation,ne_participe_pas
OBS,301,Robert,Axel,,,,2025-09-24,09:10,finalisation,recopie_correction
OBS,301,Robert,Axel,,,,2025-09-24,09:12,difficulte,copie_correction
OBS,301,Robert,Axel,,,,2025-09-24,09:14,attention,distrait_momentanement
OBS,301,Denis,Nathan,,,,2025-09-24,09:45,tutorat,donne_reponse_directe
OBS,301,Denis,Nathan,,,,2025-09-24,09:47,participation,repond_si_insiste
OBS,301,Denis,Nathan,,,,2025-09-24,09:49,difficulte,observe_camarade
OBS,301,Denis,Nathan,,,,2025-09-24,09:51,ressources,sollicite_immediat
OBS,301,Sanchez,Adam,,,,2025-09-24,09:40,tutorat,aide_si_sollicite
OBS,301,Sanchez,Adam,,,,2025-09-24,09:42,participation,repond_si_sollicite
OBS,301,Sanchez,Adam,,,,2025-09-24,09:44,entree,demarre_relance
OBS,301,Sanchez,Adam,,,,2025-09-24,09:46,attention,bavarde_travail
OBS,301,Fontaine,Eliott,,,,2025-09-24,09:46,tutorat,aide_si_sollicite
OBS,301,Fontaine,Eliott,,,,2025-09-24,09:48,participation,participe_spontanement
OBS,301,Fontaine,Eliott,,,,2025-09-24,09:50,ressources,utilise_aides_activite
OBS,301,Fontaine,Eliott,,,,2025-09-24,09:52,entree,demarre_relance
OBS,301,Simon,Milo,,,,2025-09-24,09:25,tutorat,aide_si_sollicite
OBS,301,Simon,Milo,,,,2025-09-24,09:27,participation,repond_si_sollicite
OBS,301,Simon,Milo,,,,2025-09-24,09:29,attention,concentre
OBS,301,Simon,Milo,,,,2025-09-24,09:31,finalisation,verifie_travail
OBS,301,Simon,Milo,,,,2025-09-24,09:33,entree,demarre_immediat
SESSION,301,demo_301_202510010900,1759302000000,1759305300000
OBS,301,Michel,Gabriel,,,,2025-10-01,09:08,tutorat,aide_si_sollicite
OBS,301,Michel,Gabriel,,,,2025-10-01,09:10,participation,participe_spontanement
OBS,301,Michel,Gabriel,,,,2025-10-01,09:12,finalisation,corrige_erreur
OBS,301,Michel,Gabriel,,,,2025-10-01,09:14,entree,demarre_immediat
OBS,301,Michel,Gabriel,,,,2025-10-01,09:16,attention,reconcentre_seul
OBS,301,Meunier,Lucie,,,,2025-10-01,09:16,tutorat,explique_camarade
OBS,301,Meunier,Lucie,,,,2025-10-01,09:18,participation,participe_spontanement
OBS,301,Meunier,Lucie,,,,2025-10-01,09:20,difficulte,utilise_coup_de_pouce
OBS,301,Meunier,Lucie,,,,2025-10-01,09:22,attention,concentre
OBS,301,Robert,Axel,,,,2025-10-01,09:46,tutorat,donne_reponse_directe
OBS,301,Robert,Axel,,,,2025-10-01,09:48,participation,repond_si_insiste
OBS,301,Robert,Axel,,,,2025-10-01,09:50,difficulte,copie_camarade
OBS,301,Robert,Axel,,,,2025-10-01,09:52,entree,attend_sans_commencer
OBS,301,Denis,Nathan,,,,2025-10-01,09:42,tutorat,refuse_aider
OBS,301,Denis,Nathan,,,,2025-10-01,09:44,participation,ne_participe_pas
OBS,301,Denis,Nathan,,,,2025-10-01,09:46,finalisation,recopie_correction
OBS,301,Denis,Nathan,,,,2025-10-01,09:48,entree,ne_demarre_pas
OBS,301,Morel,Jade,,,,2025-10-01,09:13,tutorat,aide_si_sollicite
OBS,301,Morel,Jade,,,,2025-10-01,09:15,participation,repond_si_sollicite
OBS,301,Morel,Jade,,,,2025-10-01,09:17,finalisation,passe_autre_activite
OBS,301,Morel,Jade,,,,2025-10-01,09:19,attention,concentre
OBS,301,Sanchez,Adam,,,,2025-10-01,09:20,tutorat,aide_si_sollicite
OBS,301,Sanchez,Adam,,,,2025-10-01,09:22,participation,participe_spontanement
OBS,301,Sanchez,Adam,,,,2025-10-01,09:24,entree,demarre_immediat
OBS,301,Sanchez,Adam,,,,2025-10-01,09:26,attention,concentre
OBS,301,Fontaine,Eliott,,,,2025-10-01,09:20,tutorat,explique_camarade
OBS,301,Fontaine,Eliott,,,,2025-10-01,09:22,participation,participe_spontanement
OBS,301,Fontaine,Eliott,,,,2025-10-01,09:24,finalisation,verifie_travail
OBS,301,Fontaine,Eliott,,,,2025-10-01,09:26,entree,demarre_immediat
OBS,301,Fontaine,Eliott,,,,2025-10-01,09:28,attention,reconcentre_seul
OBS,301,Simon,Milo,,,,2025-10-01,09:47,tutorat,explique_camarade
OBS,301,Simon,Milo,,,,2025-10-01,09:49,participation,repond_si_sollicite
OBS,301,Simon,Milo,,,,2025-10-01,09:51,attention,reconcentre_seul
OBS,301,Simon,Milo,,,,2025-10-01,09:53,difficulte,cherche_seul
SESSION,301,demo_301_202510070900,1759820400000,1759823700000
OBS,301,Michel,Gabriel,,,,2025-10-07,09:26,tutorat,donne_reponse_directe
OBS,301,Michel,Gabriel,,,,2025-10-07,09:28,participation,repond_si_sollicite
OBS,301,Michel,Gabriel,,,,2025-10-07,09:30,attention,distrait_momentanement
OBS,301,Michel,Gabriel,,,,2025-10-07,09:32,difficulte,observe_camarade
OBS,301,Michel,Gabriel,,,,2025-10-07,09:34,ressources,attend_professeur
OBS,301,Meunier,Lucie,,,,2025-10-07,09:18,tutorat,aide_si_sollicite
OBS,301,Meunier,Lucie,,,,2025-10-07,09:20,participation,repond_si_sollicite
OBS,301,Meunier,Lucie,,,,2025-10-07,09:22,ressources,attend_professeur
OBS,301,Meunier,Lucie,,,,2025-10-07,09:24,finalisation,activite_terminee
OBS,301,Robert,Axel,,,,2025-10-07,09:38,tutorat,donne_reponse_directe
OBS,301,Robert,Axel,,,,2025-10-07,09:40,participation,repond_si_insiste
OBS,301,Robert,Axel,,,,2025-10-07,09:42,difficulte,copie_camarade
OBS,301,Robert,Axel,,,,2025-10-07,09:44,entree,ne_demarre_pas
OBS,301,Robert,Axel,,,,2025-10-07,09:46,ressources,sollicite_immediat
OBS,301,Denis,Nathan,,,,2025-10-07,09:20,tutorat,donne_reponse_directe
OBS,301,Denis,Nathan,,,,2025-10-07,09:22,participation,ne_participe_pas
OBS,301,Denis,Nathan,,,,2025-10-07,09:24,attention,bavarde_travail
OBS,301,Denis,Nathan,,,,2025-10-07,09:26,ressources,sollicite_immediat
OBS,301,Morel,Jade,,,,2025-10-07,09:45,tutorat,donne_reponse_directe
OBS,301,Morel,Jade,,,,2025-10-07,09:47,participation,repond_si_sollicite
OBS,301,Morel,Jade,,,,2025-10-07,09:49,ressources,attend_professeur
OBS,301,Morel,Jade,,,,2025-10-07,09:51,finalisation,activite_terminee
OBS,301,Morel,Jade,,,,2025-10-07,09:53,attention,bavarde_travail
OBS,301,Sanchez,Adam,,,,2025-10-07,09:45,tutorat,explique_camarade
OBS,301,Sanchez,Adam,,,,2025-10-07,09:47,participation,repond_si_sollicite
OBS,301,Sanchez,Adam,,,,2025-10-07,09:49,ressources,sollicite_apres_cherche
OBS,301,Sanchez,Adam,,,,2025-10-07,09:51,difficulte,cherche_seul
OBS,301,Fontaine,Eliott,,,,2025-10-07,09:46,tutorat,aide_si_sollicite
OBS,301,Fontaine,Eliott,,,,2025-10-07,09:48,participation,repond_si_sollicite
OBS,301,Fontaine,Eliott,,,,2025-10-07,09:50,finalisation,corrige_erreur
OBS,301,Fontaine,Eliott,,,,2025-10-07,09:52,difficulte,utilise_coup_de_pouce
OBS,301,Simon,Milo,,,,2025-10-07,09:33,tutorat,explique_camarade
OBS,301,Simon,Milo,,,,2025-10-07,09:35,participation,participe_spontanement
OBS,301,Simon,Milo,,,,2025-10-07,09:37,finalisation,activite_terminee
OBS,301,Simon,Milo,,,,2025-10-07,09:39,ressources,utilise_aides_activite
OBS,301,Simon,Milo,,,,2025-10-07,09:41,attention,reconcentre_seul
SESSION,301,demo_301_202510130900,1760338800000,1760342100000
OBS,301,Michel,Gabriel,,,,2025-10-13,09:20,tutorat,aide_si_sollicite
OBS,301,Michel,Gabriel,,,,2025-10-13,09:22,participation,participe_spontanement
OBS,301,Michel,Gabriel,,,,2025-10-13,09:24,attention,distrait_momentanement
OBS,301,Michel,Gabriel,,,,2025-10-13,09:26,ressources,sollicite_apres_cherche
OBS,301,Meunier,Lucie,,,,2025-10-13,09:24,tutorat,aide_si_sollicite
OBS,301,Meunier,Lucie,,,,2025-10-13,09:26,participation,repond_si_insiste
OBS,301,Meunier,Lucie,,,,2025-10-13,09:28,ressources,sollicite_immediat
OBS,301,Meunier,Lucie,,,,2025-10-13,09:30,attention,bavarde_travail
OBS,301,Meunier,Lucie,,,,2025-10-13,09:32,entree,demarre_relance
OBS,301,Robert,Axel,,,,2025-10-13,09:38,tutorat,refuse_aider
OBS,301,Robert,Axel,,,,2025-10-13,09:40,participation,repond_si_insiste
OBS,301,Robert,Axel,,,,2025-10-13,09:42,finalisation,recopie_correction
OBS,301,Robert,Axel,,,,2025-10-13,09:44,ressources,attend_correction
OBS,301,Robert,Axel,,,,2025-10-13,09:46,attention,revasse
OBS,301,Denis,Nathan,,,,2025-10-13,09:23,tutorat,refuse_aider
OBS,301,Denis,Nathan,,,,2025-10-13,09:25,participation,repond_si_insiste
OBS,301,Denis,Nathan,,,,2025-10-13,09:27,attention,perturbe_camarade
OBS,301,Denis,Nathan,,,,2025-10-13,09:29,finalisation,recopie_correction
OBS,301,Denis,Nathan,,,,2025-10-13,09:31,entree,ne_demarre_pas
OBS,301,Morel,Jade,,,,2025-10-13,09:34,tutorat,aide_si_sollicite
OBS,301,Morel,Jade,,,,2025-10-13,09:36,participation,repond_si_sollicite
OBS,301,Morel,Jade,,,,2025-10-13,09:38,attention,distrait_momentanement
OBS,301,Morel,Jade,,,,2025-10-13,09:40,difficulte,observe_camarade
OBS,301,Sanchez,Adam,,,,2025-10-13,09:29,tutorat,donne_reponse_directe
OBS,301,Sanchez,Adam,,,,2025-10-13,09:31,participation,repond_si_sollicite
OBS,301,Sanchez,Adam,,,,2025-10-13,09:33,difficulte,attend_d
OBS,301,Sanchez,Adam,,,,2025-10-13,09:35,ressources,echange_camarade
OBS,301,Simon,Milo,,,,2025-10-13,09:38,tutorat,explique_camarade
OBS,301,Simon,Milo,,,,2025-10-13,09:40,participation,participe_spontanement
OBS,301,Simon,Milo,,,,2025-10-13,09:42,attention,concentre
OBS,301,Simon,Milo,,,,2025-10-13,09:44,finalisation,corrige_erreur
OBS,301,Simon,Milo,,,,2025-10-13,09:46,ressources,utilise_document_r
SESSION,301,demo_301_202510170900,1760684400000,1760687700000
OBS,301,Michel,Gabriel,,,,2025-10-17,09:41,tutorat,donne_reponse_directe
OBS,301,Michel,Gabriel,,,,2025-10-17,09:43,participation,repond_si_sollicite
OBS,301,Michel,Gabriel,,,,2025-10-17,09:45,finalisation,activite_incomplete
OBS,301,Michel,Gabriel,,,,2025-10-17,09:47,attention,bavarde_travail
OBS,301,Michel,Gabriel,,,,2025-10-17,09:49,ressources,attend_professeur
OBS,301,Denis,Nathan,,,,2025-10-17,09:41,tutorat,refuse_aider
OBS,301,Denis,Nathan,,,,2025-10-17,09:43,participation,ne_participe_pas
OBS,301,Denis,Nathan,,,,2025-10-17,09:45,attention,distrait_momentanement
OBS,301,Denis,Nathan,,,,2025-10-17,09:47,ressources,attend_correction
OBS,301,Morel,Jade,,,,2025-10-17,09:36,tutorat,aide_si_sollicite
OBS,301,Morel,Jade,,,,2025-10-17,09:38,participation,repond_si_sollicite
OBS,301,Morel,Jade,,,,2025-10-17,09:40,attention,distrait_momentanement
OBS,301,Morel,Jade,,,,2025-10-17,09:42,entree,demarre_relance
OBS,301,Fontaine,Eliott,,,,2025-10-17,09:20,tutorat,explique_camarade
OBS,301,Fontaine,Eliott,,,,2025-10-17,09:22,participation,repond_si_sollicite
OBS,301,Fontaine,Eliott,,,,2025-10-17,09:24,entree,demarre_immediat
OBS,301,Fontaine,Eliott,,,,2025-10-17,09:26,difficulte,utilise_coup_de_pouce
OBS,301,Fontaine,Eliott,,,,2025-10-17,09:28,ressources,echange_camarade
OBS,301,Simon,Milo,,,,2025-10-17,09:48,tutorat,aide_si_sollicite
OBS,301,Simon,Milo,,,,2025-10-17,09:50,participation,participe_spontanement
OBS,301,Simon,Milo,,,,2025-10-17,09:52,ressources,utilise_aides_activite
OBS,301,Simon,Milo,,,,2025-10-17,09:53,finalisation,verifie_travail
OBS,301,Simon,Milo,,,,2025-10-17,09:53,difficulte,cherche_seul
SESSION,301,demo_301_202511070900,1762502400000,1762505700000
OBS,301,Robert,Axel,,,,2025-11-07,09:12,tutorat,refuse_aider
OBS,301,Robert,Axel,,,,2025-11-07,09:14,participation,ne_participe_pas
OBS,301,Robert,Axel,,,,2025-11-07,09:16,ressources,attend_correction
OBS,301,Robert,Axel,,,,2025-11-07,09:18,finalisation,recopie_correction
OBS,301,Robert,Axel,,,,2025-11-07,09:20,entree,ne_demarre_pas
OBS,301,Denis,Nathan,,,,2025-11-07,09:41,tutorat,refuse_aider
OBS,301,Denis,Nathan,,,,2025-11-07,09:43,participation,repond_si_insiste
OBS,301,Denis,Nathan,,,,2025-11-07,09:45,difficulte,copie_camarade
OBS,301,Denis,Nathan,,,,2025-11-07,09:47,ressources,sollicite_immediat
OBS,301,Denis,Nathan,,,,2025-11-07,09:49,entree,ne_demarre_pas
OBS,301,Morel,Jade,,,,2025-11-07,09:40,tutorat,aide_si_sollicite
OBS,301,Morel,Jade,,,,2025-11-07,09:42,participation,repond_si_sollicite
OBS,301,Morel,Jade,,,,2025-11-07,09:44,difficulte,cherche_seul
OBS,301,Morel,Jade,,,,2025-11-07,09:46,finalisation,corrige_erreur
OBS,301,Morel,Jade,,,,2025-11-07,09:48,entree,attend_sans_commencer
OBS,301,Sanchez,Adam,,,,2025-11-07,09:11,tutorat,aide_si_sollicite
OBS,301,Sanchez,Adam,,,,2025-11-07,09:13,participation,repond_si_insiste
OBS,301,Sanchez,Adam,,,,2025-11-07,09:15,finalisation,passe_autre_activite
OBS,301,Sanchez,Adam,,,,2025-11-07,09:17,entree,attend_sans_commencer
OBS,301,Sanchez,Adam,,,,2025-11-07,09:19,difficulte,observe_camarade
OBS,301,Fontaine,Eliott,,,,2025-11-07,09:48,tutorat,aide_si_sollicite
OBS,301,Fontaine,Eliott,,,,2025-11-07,09:50,participation,repond_si_sollicite
OBS,301,Fontaine,Eliott,,,,2025-11-07,09:52,difficulte,attend_d
OBS,301,Fontaine,Eliott,,,,2025-11-07,09:53,finalisation,passe_autre_activite
SESSION,301,demo_301_202511130900,1763020800000,1763024100000
OBS,301,Michel,Gabriel,,,,2025-11-13,09:13,tutorat,donne_reponse_directe
OBS,301,Michel,Gabriel,,,,2025-11-13,09:15,participation,repond_si_insiste
OBS,301,Michel,Gabriel,,,,2025-11-13,09:17,attention,bavarde_travail
OBS,301,Michel,Gabriel,,,,2025-11-13,09:19,entree,attend_sans_commencer
OBS,301,Meunier,Lucie,,,,2025-11-13,09:10,tutorat,donne_reponse_directe
OBS,301,Meunier,Lucie,,,,2025-11-13,09:12,participation,repond_si_sollicite
OBS,301,Meunier,Lucie,,,,2025-11-13,09:14,ressources,utilise_document_r
OBS,301,Meunier,Lucie,,,,2025-11-13,09:16,difficulte,attend_d
OBS,301,Robert,Axel,,,,2025-11-13,09:20,tutorat,refuse_aider
OBS,301,Robert,Axel,,,,2025-11-13,09:22,participation,ne_participe_pas
OBS,301,Robert,Axel,,,,2025-11-13,09:24,entree,attend_sans_commencer
OBS,301,Robert,Axel,,,,2025-11-13,09:26,ressources,sollicite_immediat
OBS,301,Denis,Nathan,,,,2025-11-13,09:20,tutorat,refuse_aider
OBS,301,Denis,Nathan,,,,2025-11-13,09:22,participation,ne_participe_pas
OBS,301,Denis,Nathan,,,,2025-11-13,09:24,difficulte,copie_correction
OBS,301,Denis,Nathan,,,,2025-11-13,09:26,attention,perturbe_camarade
OBS,301,Morel,Jade,,,,2025-11-13,09:48,tutorat,aide_si_sollicite
OBS,301,Morel,Jade,,,,2025-11-13,09:50,participation,participe_spontanement
OBS,301,Morel,Jade,,,,2025-11-13,09:52,finalisation,verifie_travail
OBS,301,Morel,Jade,,,,2025-11-13,09:53,difficulte,utilise_coup_de_pouce
OBS,301,Morel,Jade,,,,2025-11-13,09:53,ressources,sollicite_apres_cherche
OBS,301,Sanchez,Adam,,,,2025-11-13,09:41,tutorat,donne_reponse_directe
OBS,301,Sanchez,Adam,,,,2025-11-13,09:43,participation,repond_si_insiste
OBS,301,Sanchez,Adam,,,,2025-11-13,09:45,entree,attend_sans_commencer
OBS,301,Sanchez,Adam,,,,2025-11-13,09:47,difficulte,observe_camarade
OBS,301,Sanchez,Adam,,,,2025-11-13,09:49,finalisation,passe_autre_activite
OBS,301,Fontaine,Eliott,,,,2025-11-13,09:34,tutorat,aide_si_sollicite
OBS,301,Fontaine,Eliott,,,,2025-11-13,09:36,participation,participe_spontanement
OBS,301,Fontaine,Eliott,,,,2025-11-13,09:38,entree,demarre_relance
OBS,301,Fontaine,Eliott,,,,2025-11-13,09:40,finalisation,verifie_travail
OBS,301,Simon,Milo,,,,2025-11-13,09:28,tutorat,aide_si_sollicite
OBS,301,Simon,Milo,,,,2025-11-13,09:30,participation,repond_si_sollicite
OBS,301,Simon,Milo,,,,2025-11-13,09:32,finalisation,corrige_erreur
OBS,301,Simon,Milo,,,,2025-11-13,09:34,attention,reconcentre_seul
SESSION,301,demo_301_202511190900,1763539200000,1763542500000
OBS,301,Meunier,Lucie,,,,2025-11-19,09:27,tutorat,refuse_aider
OBS,301,Meunier,Lucie,,,,2025-11-19,09:29,participation,repond_si_insiste
OBS,301,Meunier,Lucie,,,,2025-11-19,09:31,attention,distrait_momentanement
OBS,301,Meunier,Lucie,,,,2025-11-19,09:33,entree,attend_sans_commencer
OBS,301,Meunier,Lucie,,,,2025-11-19,09:35,difficulte,copie_correction
OBS,301,Robert,Axel,,,,2025-11-19,09:23,tutorat,refuse_aider
OBS,301,Robert,Axel,,,,2025-11-19,09:25,participation,ne_participe_pas
OBS,301,Robert,Axel,,,,2025-11-19,09:27,attention,bavarde_hors_sujet
OBS,301,Robert,Axel,,,,2025-11-19,09:29,ressources,attend_correction
OBS,301,Robert,Axel,,,,2025-11-19,09:31,finalisation,activite_incomplete
OBS,301,Denis,Nathan,,,,2025-11-19,09:24,tutorat,donne_reponse_directe
OBS,301,Denis,Nathan,,,,2025-11-19,09:26,participation,ne_participe_pas
OBS,301,Denis,Nathan,,,,2025-11-19,09:28,difficulte,copie_camarade
OBS,301,Denis,Nathan,,,,2025-11-19,09:30,attention,distrait_momentanement
OBS,301,Denis,Nathan,,,,2025-11-19,09:32,ressources,sollicite_immediat
OBS,301,Morel,Jade,,,,2025-11-19,09:18,tutorat,aide_si_sollicite
OBS,301,Morel,Jade,,,,2025-11-19,09:20,participation,participe_spontanement
OBS,301,Morel,Jade,,,,2025-11-19,09:22,attention,reconcentre_seul
OBS,301,Morel,Jade,,,,2025-11-19,09:24,ressources,utilise_document_r
OBS,301,Sanchez,Adam,,,,2025-11-19,09:20,tutorat,aide_si_sollicite
OBS,301,Sanchez,Adam,,,,2025-11-19,09:22,participation,repond_si_sollicite
OBS,301,Sanchez,Adam,,,,2025-11-19,09:24,finalisation,passe_autre_activite
OBS,301,Sanchez,Adam,,,,2025-11-19,09:26,difficulte,attend_d
OBS,301,Sanchez,Adam,,,,2025-11-19,09:28,ressources,sollicite_apres_cherche
OBS,301,Fontaine,Eliott,,,,2025-11-19,09:15,tutorat,explique_camarade
OBS,301,Fontaine,Eliott,,,,2025-11-19,09:17,participation,repond_si_sollicite
OBS,301,Fontaine,Eliott,,,,2025-11-19,09:19,difficulte,demande_aide_pertinente
OBS,301,Fontaine,Eliott,,,,2025-11-19,09:21,entree,demarre_immediat
OBS,301,Simon,Milo,,,,2025-11-19,09:06,tutorat,aide_si_sollicite
OBS,301,Simon,Milo,,,,2025-11-19,09:08,participation,participe_spontanement
OBS,301,Simon,Milo,,,,2025-11-19,09:10,finalisation,verifie_travail
OBS,301,Simon,Milo,,,,2025-11-19,09:12,entree,demarre_relance
OBS,301,Simon,Milo,,,,2025-11-19,09:14,ressources,echange_camarade
SESSION,301,demo_301_202511250900,1764057600000,1764060900000
OBS,301,Michel,Gabriel,,,,2025-11-25,09:38,tutorat,aide_si_sollicite
OBS,301,Michel,Gabriel,,,,2025-11-25,09:40,participation,repond_si_sollicite
OBS,301,Michel,Gabriel,,,,2025-11-25,09:42,difficulte,utilise_coup_de_pouce
OBS,301,Michel,Gabriel,,,,2025-11-25,09:44,attention,concentre
OBS,301,Michel,Gabriel,,,,2025-11-25,09:46,entree,demarre_relance
OBS,301,Meunier,Lucie,,,,2025-11-25,09:24,tutorat,aide_si_sollicite
OBS,301,Meunier,Lucie,,,,2025-11-25,09:26,participation,repond_si_sollicite
OBS,301,Meunier,Lucie,,,,2025-11-25,09:28,finalisation,verifie_travail
OBS,301,Meunier,Lucie,,,,2025-11-25,09:30,difficulte,attend_d
OBS,301,Meunier,Lucie,,,,2025-11-25,09:32,ressources,attend_professeur
OBS,301,Robert,Axel,,,,2025-11-25,09:38,tutorat,refuse_aider
OBS,301,Robert,Axel,,,,2025-11-25,09:40,participation,ne_participe_pas
OBS,301,Robert,Axel,,,,2025-11-25,09:42,attention,perturbe_camarade
OBS,301,Robert,Axel,,,,2025-11-25,09:44,ressources,attend_correction
OBS,301,Denis,Nathan,,,,2025-11-25,09:02,tutorat,refuse_aider
OBS,301,Denis,Nathan,,,,2025-11-25,09:04,participation,repond_si_insiste
OBS,301,Denis,Nathan,,,,2025-11-25,09:06,entree,attend_sans_commencer
OBS,301,Denis,Nathan,,,,2025-11-25,09:08,attention,revasse
OBS,301,Morel,Jade,,,,2025-11-25,09:35,tutorat,donne_reponse_directe
OBS,301,Morel,Jade,,,,2025-11-25,09:37,participation,repond_si_insiste
OBS,301,Morel,Jade,,,,2025-11-25,09:39,difficulte,attend_d
OBS,301,Morel,Jade,,,,2025-11-25,09:41,entree,demarre_relance
OBS,301,Sanchez,Adam,,,,2025-11-25,09:37,tutorat,donne_reponse_directe
OBS,301,Sanchez,Adam,,,,2025-11-25,09:39,participation,repond_si_sollicite
OBS,301,Sanchez,Adam,,,,2025-11-25,09:41,difficulte,observe_camarade
OBS,301,Sanchez,Adam,,,,2025-11-25,09:43,entree,attend_sans_commencer
OBS,301,Simon,Milo,,,,2025-11-25,09:42,tutorat,aide_si_sollicite
OBS,301,Simon,Milo,,,,2025-11-25,09:44,participation,repond_si_insiste
OBS,301,Simon,Milo,,,,2025-11-25,09:46,finalisation,passe_autre_activite
OBS,301,Simon,Milo,,,,2025-11-25,09:48,ressources,echange_camarade
OBS,301,Simon,Milo,,,,2025-11-25,09:50,difficulte,cherche_seul
SESSION,301,demo_301_202512020900,1764662400000,1764665700000
OBS,301,Michel,Gabriel,,,,2025-12-02,09:04,tutorat,aide_si_sollicite
OBS,301,Michel,Gabriel,,,,2025-12-02,09:06,participation,repond_si_insiste
OBS,301,Michel,Gabriel,,,,2025-12-02,09:08,entree,attend_sans_commencer
OBS,301,Michel,Gabriel,,,,2025-12-02,09:10,difficulte,observe_camarade
OBS,301,Meunier,Lucie,,,,2025-12-02,09:27,tutorat,donne_reponse_directe
OBS,301,Meunier,Lucie,,,,2025-12-02,09:29,participation,repond_si_sollicite
OBS,301,Meunier,Lucie,,,,2025-12-02,09:31,difficulte,attend_d
OBS,301,Meunier,Lucie,,,,2025-12-02,09:33,entree,attend_sans_commencer
OBS,301,Meunier,Lucie,,,,2025-12-02,09:35,attention,distrait_momentanement
OBS,301,Robert,Axel,,,,2025-12-02,09:26,tutorat,refuse_aider
OBS,301,Robert,Axel,,,,2025-12-02,09:28,participation,ne_participe_pas
OBS,301,Robert,Axel,,,,2025-12-02,09:30,ressources,attend_correction
OBS,301,Robert,Axel,,,,2025-12-02,09:32,attention,revasse
OBS,301,Denis,Nathan,,,,2025-12-02,09:03,tutorat,refuse_aider
OBS,301,Denis,Nathan,,,,2025-12-02,09:05,participation,ne_participe_pas
OBS,301,Denis,Nathan,,,,2025-12-02,09:07,attention,revasse
OBS,301,Denis,Nathan,,,,2025-12-02,09:09,ressources,attend_correction
OBS,301,Denis,Nathan,,,,2025-12-02,09:11,difficulte,copie_camarade
OBS,301,Morel,Jade,,,,2025-12-02,09:23,tutorat,aide_si_sollicite
OBS,301,Morel,Jade,,,,2025-12-02,09:25,participation,repond_si_sollicite
OBS,301,Morel,Jade,,,,2025-12-02,09:27,difficulte,observe_camarade
OBS,301,Morel,Jade,,,,2025-12-02,09:29,finalisation,verifie_travail
OBS,301,Sanchez,Adam,,,,2025-12-02,09:15,tutorat,donne_reponse_directe
OBS,301,Sanchez,Adam,,,,2025-12-02,09:17,participation,repond_si_sollicite
OBS,301,Sanchez,Adam,,,,2025-12-02,09:19,ressources,sollicite_immediat
OBS,301,Sanchez,Adam,,,,2025-12-02,09:21,entree,demarre_relance
OBS,301,Sanchez,Adam,,,,2025-12-02,09:23,finalisation,passe_autre_activite
OBS,301,Fontaine,Eliott,,,,2025-12-02,09:26,tutorat,aide_si_sollicite
OBS,301,Fontaine,Eliott,,,,2025-12-02,09:28,participation,participe_spontanement
OBS,301,Fontaine,Eliott,,,,2025-12-02,09:30,difficulte,utilise_coup_de_pouce
OBS,301,Fontaine,Eliott,,,,2025-12-02,09:32,ressources,utilise_document_r
OBS,301,Fontaine,Eliott,,,,2025-12-02,09:34,attention,concentre
OBS,301,Simon,Milo,,,,2025-12-02,09:01,tutorat,aide_si_sollicite
OBS,301,Simon,Milo,,,,2025-12-02,09:03,participation,repond_si_sollicite
OBS,301,Simon,Milo,,,,2025-12-02,09:05,entree,demarre_relance
OBS,301,Simon,Milo,,,,2025-12-02,09:07,difficulte,cherche_seul
OBS,301,Simon,Milo,,,,2025-12-02,09:09,finalisation,corrige_erreur
SESSION,301,demo_301_202512080900,1765180800000,1765184100000
OBS,301,Michel,Gabriel,,,,2025-12-08,09:46,tutorat,aide_si_sollicite
OBS,301,Michel,Gabriel,,,,2025-12-08,09:48,participation,repond_si_sollicite
OBS,301,Michel,Gabriel,,,,2025-12-08,09:50,attention,distrait_momentanement
OBS,301,Michel,Gabriel,,,,2025-12-08,09:52,difficulte,cherche_seul
OBS,301,Robert,Axel,,,,2025-12-08,09:06,tutorat,refuse_aider
OBS,301,Robert,Axel,,,,2025-12-08,09:08,participation,repond_si_insiste
OBS,301,Robert,Axel,,,,2025-12-08,09:10,ressources,attend_correction
OBS,301,Robert,Axel,,,,2025-12-08,09:12,attention,bavarde_hors_sujet
OBS,301,Robert,Axel,,,,2025-12-08,09:14,finalisation,recopie_correction
OBS,301,Denis,Nathan,,,,2025-12-08,09:40,tutorat,refuse_aider
OBS,301,Denis,Nathan,,,,2025-12-08,09:42,participation,ne_participe_pas
OBS,301,Denis,Nathan,,,,2025-12-08,09:44,finalisation,recopie_correction
OBS,301,Denis,Nathan,,,,2025-12-08,09:46,ressources,attend_correction
OBS,301,Morel,Jade,,,,2025-12-08,09:24,tutorat,aide_si_sollicite
OBS,301,Morel,Jade,,,,2025-12-08,09:26,participation,repond_si_sollicite
OBS,301,Morel,Jade,,,,2025-12-08,09:28,finalisation,activite_incomplete
OBS,301,Morel,Jade,,,,2025-12-08,09:30,attention,distrait_momentanement
OBS,301,Morel,Jade,,,,2025-12-08,09:32,ressources,echange_camarade
OBS,301,Sanchez,Adam,,,,2025-12-08,09:04,tutorat,aide_si_sollicite
OBS,301,Sanchez,Adam,,,,2025-12-08,09:06,participation,repond_si_sollicite
OBS,301,Sanchez,Adam,,,,2025-12-08,09:08,entree,demarre_relance
OBS,301,Sanchez,Adam,,,,2025-12-08,09:10,difficulte,demande_aide_pertinente
OBS,301,Sanchez,Adam,,,,2025-12-08,09:12,finalisation,corrige_erreur
OBS,301,Fontaine,Eliott,,,,2025-12-08,09:33,tutorat,explique_camarade
OBS,301,Fontaine,Eliott,,,,2025-12-08,09:35,participation,repond_si_sollicite
OBS,301,Fontaine,Eliott,,,,2025-12-08,09:37,difficulte,utilise_coup_de_pouce
OBS,301,Fontaine,Eliott,,,,2025-12-08,09:39,finalisation,activite_terminee
OBS,301,Fontaine,Eliott,,,,2025-12-08,09:41,ressources,sollicite_apres_cherche
OBS,301,Simon,Milo,,,,2025-12-08,09:04,tutorat,explique_camarade
OBS,301,Simon,Milo,,,,2025-12-08,09:06,participation,repond_si_sollicite
OBS,301,Simon,Milo,,,,2025-12-08,09:08,attention,concentre
OBS,301,Simon,Milo,,,,2025-12-08,09:10,difficulte,demande_aide_pertinente
SESSION,301,demo_301_202512120900,1765526400000,1765529700000
OBS,301,Michel,Gabriel,,,,2025-12-12,09:06,tutorat,donne_reponse_directe
OBS,301,Michel,Gabriel,,,,2025-12-12,09:08,participation,repond_si_sollicite
OBS,301,Michel,Gabriel,,,,2025-12-12,09:10,attention,distrait_momentanement
OBS,301,Michel,Gabriel,,,,2025-12-12,09:12,ressources,attend_professeur
OBS,301,Meunier,Lucie,,,,2025-12-12,09:41,tutorat,donne_reponse_directe
OBS,301,Meunier,Lucie,,,,2025-12-12,09:43,participation,repond_si_insiste
OBS,301,Meunier,Lucie,,,,2025-12-12,09:45,ressources,attend_professeur
OBS,301,Meunier,Lucie,,,,2025-12-12,09:47,entree,attend_sans_commencer
OBS,301,Meunier,Lucie,,,,2025-12-12,09:49,attention,reconcentre_seul
OBS,301,Robert,Axel,,,,2025-12-12,09:01,tutorat,refuse_aider
OBS,301,Robert,Axel,,,,2025-12-12,09:03,participation,ne_participe_pas
OBS,301,Robert,Axel,,,,2025-12-12,09:05,entree,ne_demarre_pas
OBS,301,Robert,Axel,,,,2025-12-12,09:07,attention,distrait_momentanement
OBS,301,Denis,Nathan,,,,2025-12-12,09:12,tutorat,donne_reponse_directe
OBS,301,Denis,Nathan,,,,2025-12-12,09:14,participation,ne_participe_pas
OBS,301,Denis,Nathan,,,,2025-12-12,09:16,attention,bavarde_travail
OBS,301,Denis,Nathan,,,,2025-12-12,09:18,finalisation,passe_autre_activite
OBS,301,Morel,Jade,,,,2025-12-12,09:19,tutorat,aide_si_sollicite
OBS,301,Morel,Jade,,,,2025-12-12,09:21,participation,repond_si_sollicite
OBS,301,Morel,Jade,,,,2025-12-12,09:23,difficulte,observe_camarade
OBS,301,Morel,Jade,,,,2025-12-12,09:25,entree,demarre_relance
OBS,301,Sanchez,Adam,,,,2025-12-12,09:07,tutorat,explique_camarade
OBS,301,Sanchez,Adam,,,,2025-12-12,09:09,participation,repond_si_sollicite
OBS,301,Sanchez,Adam,,,,2025-12-12,09:11,ressources,utilise_document_r
OBS,301,Sanchez,Adam,,,,2025-12-12,09:13,finalisation,corrige_erreur
OBS,301,Fontaine,Eliott,,,,2025-12-12,09:44,tutorat,explique_camarade
OBS,301,Fontaine,Eliott,,,,2025-12-12,09:46,participation,participe_spontanement
OBS,301,Fontaine,Eliott,,,,2025-12-12,09:48,entree,demarre_immediat
OBS,301,Fontaine,Eliott,,,,2025-12-12,09:50,difficulte,demande_aide_pertinente
OBS,301,Fontaine,Eliott,,,,2025-12-12,09:52,attention,reconcentre_seul
OBS,301,Simon,Milo,,,,2025-12-12,09:38,tutorat,aide_si_sollicite
OBS,301,Simon,Milo,,,,2025-12-12,09:40,participation,repond_si_sollicite
OBS,301,Simon,Milo,,,,2025-12-12,09:42,finalisation,activite_terminee
OBS,301,Simon,Milo,,,,2025-12-12,09:44,attention,reconcentre_seul
SESSION,301,demo_301_202512180900,1766044800000,1766048100000
OBS,301,Michel,Gabriel,,,,2025-12-18,09:07,tutorat,aide_si_sollicite
OBS,301,Michel,Gabriel,,,,2025-12-18,09:09,participation,participe_spontanement
OBS,301,Michel,Gabriel,,,,2025-12-18,09:11,attention,concentre
OBS,301,Michel,Gabriel,,,,2025-12-18,09:13,finalisation,activite_terminee
OBS,301,Michel,Gabriel,,,,2025-12-18,09:15,entree,demarre_relance
OBS,301,Robert,Axel,,,,2025-12-18,09:10,tutorat,donne_reponse_directe
OBS,301,Robert,Axel,,,,2025-12-18,09:12,participation,ne_participe_pas
OBS,301,Robert,Axel,,,,2025-12-18,09:14,difficulte,copie_correction
OBS,301,Robert,Axel,,,,2025-12-18,09:16,ressources,attend_correction
OBS,301,Robert,Axel,,,,2025-12-18,09:18,finalisation,passe_autre_activite
OBS,301,Denis,Nathan,,,,2025-12-18,09:06,tutorat,refuse_aider
OBS,301,Denis,Nathan,,,,2025-12-18,09:08,participation,ne_participe_pas
OBS,301,Denis,Nathan,,,,2025-12-18,09:10,ressources,attend_correction
OBS,301,Denis,Nathan,,,,2025-12-18,09:12,attention,perturbe_camarade
OBS,301,Simon,Milo,,,,2025-12-18,09:34,tutorat,aide_si_sollicite
OBS,301,Simon,Milo,,,,2025-12-18,09:36,participation,participe_spontanement
OBS,301,Simon,Milo,,,,2025-12-18,09:38,finalisation,verifie_travail
OBS,301,Simon,Milo,,,,2025-12-18,09:40,ressources,sollicite_apres_cherche
OBS,301,Simon,Milo,,,,2025-12-18,09:42,attention,concentre
SESSION,301,demo_301_202601080900,1767859200000,1767862500000
OBS,301,Michel,Gabriel,,,,2026-01-08,09:02,tutorat,aide_si_sollicite
OBS,301,Michel,Gabriel,,,,2026-01-08,09:04,participation,repond_si_sollicite
OBS,301,Michel,Gabriel,,,,2026-01-08,09:06,ressources,echange_camarade
OBS,301,Michel,Gabriel,,,,2026-01-08,09:08,difficulte,attend_d
OBS,301,Michel,Gabriel,,,,2026-01-08,09:10,attention,distrait_momentanement
OBS,301,Meunier,Lucie,,,,2026-01-08,09:28,tutorat,refuse_aider
OBS,301,Meunier,Lucie,,,,2026-01-08,09:30,participation,repond_si_insiste
OBS,301,Meunier,Lucie,,,,2026-01-08,09:32,finalisation,passe_autre_activite
OBS,301,Meunier,Lucie,,,,2026-01-08,09:34,attention,distrait_momentanement
OBS,301,Meunier,Lucie,,,,2026-01-08,09:36,difficulte,copie_camarade
OBS,301,Denis,Nathan,,,,2026-01-08,09:15,tutorat,refuse_aider
OBS,301,Denis,Nathan,,,,2026-01-08,09:17,participation,repond_si_insiste
OBS,301,Denis,Nathan,,,,2026-01-08,09:19,ressources,attend_professeur
OBS,301,Denis,Nathan,,,,2026-01-08,09:21,attention,revasse
OBS,301,Sanchez,Adam,,,,2026-01-08,09:21,tutorat,donne_reponse_directe
OBS,301,Sanchez,Adam,,,,2026-01-08,09:23,participation,repond_si_sollicite
OBS,301,Sanchez,Adam,,,,2026-01-08,09:25,difficulte,observe_camarade
OBS,301,Sanchez,Adam,,,,2026-01-08,09:27,attention,distrait_momentanement
OBS,301,Simon,Milo,,,,2026-01-08,09:22,tutorat,explique_camarade
OBS,301,Simon,Milo,,,,2026-01-08,09:24,participation,participe_spontanement
OBS,301,Simon,Milo,,,,2026-01-08,09:26,difficulte,utilise_coup_de_pouce
OBS,301,Simon,Milo,,,,2026-01-08,09:28,ressources,utilise_document_r
OBS,301,Simon,Milo,,,,2026-01-08,09:30,finalisation,activite_terminee
SESSION,301,demo_301_202601140900,1768377600000,1768380900000
OBS,301,Meunier,Lucie,,,,2026-01-14,09:33,tutorat,refuse_aider
OBS,301,Meunier,Lucie,,,,2026-01-14,09:35,participation,repond_si_insiste
OBS,301,Meunier,Lucie,,,,2026-01-14,09:37,entree,ne_demarre_pas
OBS,301,Meunier,Lucie,,,,2026-01-14,09:39,difficulte,copie_correction
OBS,301,Meunier,Lucie,,,,2026-01-14,09:41,attention,distrait_momentanement
OBS,301,Robert,Axel,,,,2026-01-14,09:39,tutorat,refuse_aider
OBS,301,Robert,Axel,,,,2026-01-14,09:41,participation,ne_participe_pas
OBS,301,Robert,Axel,,,,2026-01-14,09:43,difficulte,copie_correction
OBS,301,Robert,Axel,,,,2026-01-14,09:45,entree,ne_demarre_pas
OBS,301,Robert,Axel,,,,2026-01-14,09:47,attention,revasse
OBS,301,Denis,Nathan,,,,2026-01-14,09:39,tutorat,donne_reponse_directe
OBS,301,Denis,Nathan,,,,2026-01-14,09:41,participation,repond_si_insiste
OBS,301,Denis,Nathan,,,,2026-01-14,09:43,ressources,attend_correction
OBS,301,Denis,Nathan,,,,2026-01-14,09:45,attention,bavarde_travail
OBS,301,Morel,Jade,,,,2026-01-14,09:13,tutorat,aide_si_sollicite
OBS,301,Morel,Jade,,,,2026-01-14,09:15,participation,repond_si_sollicite
OBS,301,Morel,Jade,,,,2026-01-14,09:17,attention,bavarde_travail
OBS,301,Morel,Jade,,,,2026-01-14,09:19,finalisation,verifie_travail
OBS,301,Morel,Jade,,,,2026-01-14,09:21,entree,demarre_relance
OBS,301,Sanchez,Adam,,,,2026-01-14,09:32,tutorat,aide_si_sollicite
OBS,301,Sanchez,Adam,,,,2026-01-14,09:34,participation,repond_si_sollicite
OBS,301,Sanchez,Adam,,,,2026-01-14,09:36,difficulte,utilise_document_d
OBS,301,Sanchez,Adam,,,,2026-01-14,09:38,entree,demarre_relance
OBS,301,Sanchez,Adam,,,,2026-01-14,09:40,finalisation,verifie_travail
OBS,301,Fontaine,Eliott,,,,2026-01-14,09:43,tutorat,explique_camarade
OBS,301,Fontaine,Eliott,,,,2026-01-14,09:45,participation,participe_spontanement
OBS,301,Fontaine,Eliott,,,,2026-01-14,09:47,finalisation,passe_autre_activite
OBS,301,Fontaine,Eliott,,,,2026-01-14,09:49,difficulte,attend_d
OBS,301,Fontaine,Eliott,,,,2026-01-14,09:51,entree,demarre_relance
OBS,301,Simon,Milo,,,,2026-01-14,09:08,tutorat,aide_si_sollicite
OBS,301,Simon,Milo,,,,2026-01-14,09:10,participation,participe_spontanement
OBS,301,Simon,Milo,,,,2026-01-14,09:12,difficulte,demande_aide_pertinente
OBS,301,Simon,Milo,,,,2026-01-14,09:14,ressources,utilise_document_r
SESSION,301,demo_301_202601200900,1768896000000,1768899300000
OBS,301,Michel,Gabriel,,,,2026-01-20,09:19,tutorat,aide_si_sollicite
OBS,301,Michel,Gabriel,,,,2026-01-20,09:21,participation,participe_spontanement
OBS,301,Michel,Gabriel,,,,2026-01-20,09:23,attention,concentre
OBS,301,Michel,Gabriel,,,,2026-01-20,09:25,difficulte,demande_aide_pertinente
OBS,301,Meunier,Lucie,,,,2026-01-20,09:47,tutorat,refuse_aider
OBS,301,Meunier,Lucie,,,,2026-01-20,09:49,participation,ne_participe_pas
OBS,301,Meunier,Lucie,,,,2026-01-20,09:51,entree,ne_demarre_pas
OBS,301,Meunier,Lucie,,,,2026-01-20,09:53,difficulte,observe_camarade
OBS,301,Meunier,Lucie,,,,2026-01-20,09:53,attention,bavarde_hors_sujet
OBS,301,Robert,Axel,,,,2026-01-20,09:23,tutorat,refuse_aider
OBS,301,Robert,Axel,,,,2026-01-20,09:25,participation,ne_participe_pas
OBS,301,Robert,Axel,,,,2026-01-20,09:27,ressources,attend_professeur
OBS,301,Robert,Axel,,,,2026-01-20,09:29,attention,bavarde_travail
OBS,301,Denis,Nathan,,,,2026-01-20,09:26,tutorat,refuse_aider
OBS,301,Denis,Nathan,,,,2026-01-20,09:28,participation,ne_participe_pas
OBS,301,Denis,Nathan,,,,2026-01-20,09:30,finalisation,recopie_correction
OBS,301,Denis,Nathan,,,,2026-01-20,09:32,attention,bavarde_hors_sujet
OBS,301,Denis,Nathan,,,,2026-01-20,09:34,entree,ne_demarre_pas
OBS,301,Sanchez,Adam,,,,2026-01-20,09:18,tutorat,aide_si_sollicite
OBS,301,Sanchez,Adam,,,,2026-01-20,09:20,participation,repond_si_sollicite
OBS,301,Sanchez,Adam,,,,2026-01-20,09:22,ressources,attend_professeur
OBS,301,Sanchez,Adam,,,,2026-01-20,09:24,difficulte,cherche_seul
OBS,301,Fontaine,Eliott,,,,2026-01-20,09:37,tutorat,explique_camarade
OBS,301,Fontaine,Eliott,,,,2026-01-20,09:39,participation,participe_spontanement
OBS,301,Fontaine,Eliott,,,,2026-01-20,09:41,difficulte,utilise_coup_de_pouce
OBS,301,Fontaine,Eliott,,,,2026-01-20,09:43,ressources,utilise_document_r
SESSION,301,demo_301_202601260900,1769414400000,1769417700000
OBS,301,Meunier,Lucie,,,,2026-01-26,09:39,tutorat,donne_reponse_directe
OBS,301,Meunier,Lucie,,,,2026-01-26,09:41,participation,repond_si_insiste
OBS,301,Meunier,Lucie,,,,2026-01-26,09:43,difficulte,copie_camarade
OBS,301,Meunier,Lucie,,,,2026-01-26,09:45,ressources,sollicite_immediat
OBS,301,Robert,Axel,,,,2026-01-26,09:02,tutorat,refuse_aider
OBS,301,Robert,Axel,,,,2026-01-26,09:04,participation,repond_si_insiste
OBS,301,Robert,Axel,,,,2026-01-26,09:06,entree,ne_demarre_pas
OBS,301,Robert,Axel,,,,2026-01-26,09:08,difficulte,copie_correction
OBS,301,Robert,Axel,,,,2026-01-26,09:10,ressources,attend_correction
OBS,301,Denis,Nathan,,,,2026-01-26,09:21,tutorat,refuse_aider
OBS,301,Denis,Nathan,,,,2026-01-26,09:23,participation,repond_si_insiste
OBS,301,Denis,Nathan,,,,2026-01-26,09:25,attention,perturbe_camarade
OBS,301,Denis,Nathan,,,,2026-01-26,09:27,ressources,attend_correction
OBS,301,Denis,Nathan,,,,2026-01-26,09:29,difficulte,observe_camarade
OBS,301,Morel,Jade,,,,2026-01-26,09:47,tutorat,donne_reponse_directe
OBS,301,Morel,Jade,,,,2026-01-26,09:49,participation,ne_participe_pas
OBS,301,Morel,Jade,,,,2026-01-26,09:51,finalisation,activite_incomplete
OBS,301,Morel,Jade,,,,2026-01-26,09:53,ressources,sollicite_immediat
OBS,301,Morel,Jade,,,,2026-01-26,09:53,entree,attend_sans_commencer
OBS,301,Sanchez,Adam,,,,2026-01-26,09:07,tutorat,aide_si_sollicite
OBS,301,Sanchez,Adam,,,,2026-01-26,09:09,participation,repond_si_sollicite
OBS,301,Sanchez,Adam,,,,2026-01-26,09:11,finalisation,passe_autre_activite
OBS,301,Sanchez,Adam,,,,2026-01-26,09:13,difficulte,observe_camarade
OBS,301,Sanchez,Adam,,,,2026-01-26,09:15,entree,demarre_relance
OBS,301,Fontaine,Eliott,,,,2026-01-26,09:45,tutorat,explique_camarade
OBS,301,Fontaine,Eliott,,,,2026-01-26,09:47,participation,participe_spontanement
OBS,301,Fontaine,Eliott,,,,2026-01-26,09:49,finalisation,corrige_erreur
OBS,301,Fontaine,Eliott,,,,2026-01-26,09:51,entree,demarre_immediat
OBS,301,Fontaine,Eliott,,,,2026-01-26,09:53,attention,reconcentre_seul
OBS,301,Simon,Milo,,,,2026-01-26,09:23,tutorat,aide_si_sollicite
OBS,301,Simon,Milo,,,,2026-01-26,09:25,participation,repond_si_sollicite
OBS,301,Simon,Milo,,,,2026-01-26,09:27,finalisation,activite_terminee
OBS,301,Simon,Milo,,,,2026-01-26,09:29,attention,reconcentre_seul
OBS,301,Simon,Milo,,,,2026-01-26,09:31,ressources,attend_professeur
SESSION,301,demo_301_202602020900,1770019200000,1770022500000
OBS,301,Meunier,Lucie,,,,2026-02-02,09:25,tutorat,refuse_aider
OBS,301,Meunier,Lucie,,,,2026-02-02,09:27,participation,ne_participe_pas
OBS,301,Meunier,Lucie,,,,2026-02-02,09:29,difficulte,attend_d
OBS,301,Meunier,Lucie,,,,2026-02-02,09:31,attention,distrait_momentanement
OBS,301,Meunier,Lucie,,,,2026-02-02,09:33,entree,ne_demarre_pas
OBS,301,Robert,Axel,,,,2026-02-02,09:23,tutorat,refuse_aider
OBS,301,Robert,Axel,,,,2026-02-02,09:25,participation,ne_participe_pas
OBS,301,Robert,Axel,,,,2026-02-02,09:27,finalisation,recopie_correction
OBS,301,Robert,Axel,,,,2026-02-02,09:29,attention,revasse
OBS,301,Denis,Nathan,,,,2026-02-02,09:46,tutorat,donne_reponse_directe
OBS,301,Denis,Nathan,,,,2026-02-02,09:48,participation,ne_participe_pas
OBS,301,Denis,Nathan,,,,2026-02-02,09:50,attention,revasse
OBS,301,Denis,Nathan,,,,2026-02-02,09:52,finalisation,recopie_correction
OBS,301,Denis,Nathan,,,,2026-02-02,09:53,entree,ne_demarre_pas
OBS,301,Sanchez,Adam,,,,2026-02-02,09:22,tutorat,explique_camarade
OBS,301,Sanchez,Adam,,,,2026-02-02,09:24,participation,participe_spontanement
OBS,301,Sanchez,Adam,,,,2026-02-02,09:26,difficulte,cherche_seul
OBS,301,Sanchez,Adam,,,,2026-02-02,09:28,ressources,sollicite_apres_cherche
OBS,301,Fontaine,Eliott,,,,2026-02-02,09:01,tutorat,explique_camarade
OBS,301,Fontaine,Eliott,,,,2026-02-02,09:03,participation,participe_spontanement
OBS,301,Fontaine,Eliott,,,,2026-02-02,09:05,ressources,sollicite_apres_cherche
OBS,301,Fontaine,Eliott,,,,2026-02-02,09:07,finalisation,activite_terminee
OBS,301,Fontaine,Eliott,,,,2026-02-02,09:09,entree,demarre_immediat
OBS,301,Simon,Milo,,,,2026-02-02,09:05,tutorat,explique_camarade
OBS,301,Simon,Milo,,,,2026-02-02,09:07,participation,participe_spontanement
OBS,301,Simon,Milo,,,,2026-02-02,09:09,ressources,sollicite_apres_cherche
OBS,301,Simon,Milo,,,,2026-02-02,09:11,finalisation,activite_terminee
OBS,301,Simon,Milo,,,,2026-02-02,09:13,attention,reconcentre_seul
SESSION,301,demo_301_202602060900,1770364800000,1770368100000
OBS,301,Meunier,Lucie,,,,2026-02-06,09:41,tutorat,refuse_aider
OBS,301,Meunier,Lucie,,,,2026-02-06,09:43,participation,repond_si_sollicite
OBS,301,Meunier,Lucie,,,,2026-02-06,09:45,finalisation,activite_incomplete
OBS,301,Meunier,Lucie,,,,2026-02-06,09:47,entree,attend_sans_commencer
OBS,301,Robert,Axel,,,,2026-02-06,09:09,tutorat,refuse_aider
OBS,301,Robert,Axel,,,,2026-02-06,09:11,participation,ne_participe_pas
OBS,301,Robert,Axel,,,,2026-02-06,09:13,finalisation,recopie_correction
OBS,301,Robert,Axel,,,,2026-02-06,09:15,entree,ne_demarre_pas
OBS,301,Denis,Nathan,,,,2026-02-06,09:47,tutorat,refuse_aider
OBS,301,Denis,Nathan,,,,2026-02-06,09:49,participation,repond_si_insiste
OBS,301,Denis,Nathan,,,,2026-02-06,09:51,attention,bavarde_hors_sujet
OBS,301,Denis,Nathan,,,,2026-02-06,09:53,difficulte,observe_camarade
OBS,301,Denis,Nathan,,,,2026-02-06,09:53,finalisation,recopie_correction
OBS,301,Fontaine,Eliott,,,,2026-02-06,09:34,tutorat,explique_camarade
OBS,301,Fontaine,Eliott,,,,2026-02-06,09:36,participation,participe_spontanement
OBS,301,Fontaine,Eliott,,,,2026-02-06,09:38,ressources,echange_camarade
OBS,301,Fontaine,Eliott,,,,2026-02-06,09:40,entree,demarre_immediat
OBS,301,Simon,Milo,,,,2026-02-06,09:29,tutorat,explique_camarade
OBS,301,Simon,Milo,,,,2026-02-06,09:31,participation,participe_spontanement
OBS,301,Simon,Milo,,,,2026-02-06,09:33,attention,reconcentre_seul
OBS,301,Simon,Milo,,,,2026-02-06,09:35,entree,demarre_immediat
SESSION,301,demo_301_202602120900,1770883200000,1770886500000
OBS,301,Meunier,Lucie,,,,2026-02-12,09:06,tutorat,refuse_aider
OBS,301,Meunier,Lucie,,,,2026-02-12,09:08,participation,repond_si_insiste
OBS,301,Meunier,Lucie,,,,2026-02-12,09:10,finalisation,recopie_correction
OBS,301,Meunier,Lucie,,,,2026-02-12,09:12,ressources,attend_professeur
OBS,301,Fontaine,Eliott,,,,2026-02-12,09:47,tutorat,explique_camarade
OBS,301,Fontaine,Eliott,,,,2026-02-12,09:49,participation,participe_spontanement
OBS,301,Fontaine,Eliott,,,,2026-02-12,09:51,entree,demarre_relance
OBS,301,Fontaine,Eliott,,,,2026-02-12,09:53,finalisation,verifie_travail
OBS,301,Simon,Milo,,,,2026-02-12,09:45,tutorat,explique_camarade
OBS,301,Simon,Milo,,,,2026-02-12,09:47,participation,participe_spontanement
OBS,301,Simon,Milo,,,,2026-02-12,09:49,difficulte,cherche_seul
OBS,301,Simon,Milo,,,,2026-02-12,09:51,finalisation,corrige_erreur
SESSION,301,demo_301_202602190900,1771488000000,1771491300000
OBS,301,Meunier,Lucie,,,,2026-02-19,09:40,tutorat,refuse_aider
OBS,301,Meunier,Lucie,,,,2026-02-19,09:42,participation,ne_participe_pas
OBS,301,Meunier,Lucie,,,,2026-02-19,09:44,finalisation,recopie_correction
OBS,301,Meunier,Lucie,,,,2026-02-19,09:46,ressources,attend_correction
OBS,301,Meunier,Lucie,,,,2026-02-19,09:48,difficulte,copie_correction
OBS,301,Robert,Axel,,,,2026-02-19,09:02,tutorat,refuse_aider
OBS,301,Robert,Axel,,,,2026-02-19,09:04,participation,ne_participe_pas
OBS,301,Robert,Axel,,,,2026-02-19,09:06,entree,ne_demarre_pas
OBS,301,Robert,Axel,,,,2026-02-19,09:08,attention,perturbe_camarade
OBS,301,Robert,Axel,,,,2026-02-19,09:10,finalisation,recopie_correction
OBS,301,Denis,Nathan,,,,2026-02-19,09:48,tutorat,refuse_aider
OBS,301,Denis,Nathan,,,,2026-02-19,09:50,participation,ne_participe_pas
OBS,301,Denis,Nathan,,,,2026-02-19,09:52,entree,ne_demarre_pas
OBS,301,Denis,Nathan,,,,2026-02-19,09:53,attention,perturbe_camarade
OBS,301,Denis,Nathan,,,,2026-02-19,09:53,difficulte,copie_camarade
OBS,301,Fontaine,Eliott,,,,2026-02-19,09:28,tutorat,aide_si_sollicite
OBS,301,Fontaine,Eliott,,,,2026-02-19,09:30,participation,participe_spontanement
OBS,301,Fontaine,Eliott,,,,2026-02-19,09:32,finalisation,corrige_erreur
OBS,301,Fontaine,Eliott,,,,2026-02-19,09:34,entree,demarre_immediat
OBS,301,Fontaine,Eliott,,,,2026-02-19,09:36,difficulte,utilise_coup_de_pouce
OBS,301,Simon,Milo,,,,2026-02-19,09:42,tutorat,aide_si_sollicite
OBS,301,Simon,Milo,,,,2026-02-19,09:44,participation,repond_si_sollicite
OBS,301,Simon,Milo,,,,2026-02-19,09:46,attention,reconcentre_seul
OBS,301,Simon,Milo,,,,2026-02-19,09:48,finalisation,verifie_travail
OBS,301,Simon,Milo,,,,2026-02-19,09:50,difficulte,demande_aide_pertinente
SESSION,301,demo_301_202602250900,1772006400000,1772009700000
OBS,301,Meunier,Lucie,,,,2026-02-25,09:47,tutorat,refuse_aider
OBS,301,Meunier,Lucie,,,,2026-02-25,09:49,participation,ne_participe_pas
OBS,301,Meunier,Lucie,,,,2026-02-25,09:51,ressources,attend_professeur
OBS,301,Meunier,Lucie,,,,2026-02-25,09:53,finalisation,activite_incomplete
OBS,301,Meunier,Lucie,,,,2026-02-25,09:53,difficulte,attend_d
OBS,301,Denis,Nathan,,,,2026-02-25,09:08,tutorat,refuse_aider
OBS,301,Denis,Nathan,,,,2026-02-25,09:10,participation,repond_si_insiste
OBS,301,Denis,Nathan,,,,2026-02-25,09:12,ressources,sollicite_immediat
OBS,301,Denis,Nathan,,,,2026-02-25,09:14,entree,attend_sans_commencer
OBS,301,Simon,Milo,,,,2026-02-25,09:35,tutorat,explique_camarade
OBS,301,Simon,Milo,,,,2026-02-25,09:37,participation,participe_spontanement
OBS,301,Simon,Milo,,,,2026-02-25,09:39,ressources,utilise_document_r
OBS,301,Simon,Milo,,,,2026-02-25,09:41,finalisation,corrige_erreur
OBS,301,Simon,Milo,,,,2026-02-25,09:43,entree,demarre_immediat
SESSION,301,demo_301_202603030900,1772524800000,1772528100000
OBS,301,Meunier,Lucie,,,,2026-03-03,09:47,tutorat,donne_reponse_directe
OBS,301,Meunier,Lucie,,,,2026-03-03,09:49,participation,repond_si_insiste
OBS,301,Meunier,Lucie,,,,2026-03-03,09:51,entree,attend_sans_commencer
OBS,301,Meunier,Lucie,,,,2026-03-03,09:53,finalisation,activite_incomplete
OBS,301,Meunier,Lucie,,,,2026-03-03,09:53,difficulte,observe_camarade
OBS,301,Robert,Axel,,,,2026-03-03,09:10,tutorat,refuse_aider
OBS,301,Robert,Axel,,,,2026-03-03,09:12,participation,ne_participe_pas
OBS,301,Robert,Axel,,,,2026-03-03,09:14,difficulte,copie_camarade
OBS,301,Robert,Axel,,,,2026-03-03,09:16,finalisation,recopie_correction
OBS,301,Robert,Axel,,,,2026-03-03,09:18,attention,bavarde_hors_sujet
OBS,301,Denis,Nathan,,,,2026-03-03,09:25,tutorat,donne_reponse_directe
OBS,301,Denis,Nathan,,,,2026-03-03,09:27,participation,ne_participe_pas
OBS,301,Denis,Nathan,,,,2026-03-03,09:29,entree,attend_sans_commencer
OBS,301,Denis,Nathan,,,,2026-03-03,09:31,ressources,sollicite_immediat
OBS,301,Fontaine,Eliott,,,,2026-03-03,09:48,tutorat,explique_camarade
OBS,301,Fontaine,Eliott,,,,2026-03-03,09:50,participation,participe_spontanement
OBS,301,Fontaine,Eliott,,,,2026-03-03,09:52,finalisation,verifie_travail
OBS,301,Fontaine,Eliott,,,,2026-03-03,09:53,attention,concentre
OBS,301,Simon,Milo,,,,2026-03-03,09:47,tutorat,explique_camarade
OBS,301,Simon,Milo,,,,2026-03-03,09:49,participation,participe_spontanement
OBS,301,Simon,Milo,,,,2026-03-03,09:51,difficulte,utilise_document_d
OBS,301,Simon,Milo,,,,2026-03-03,09:53,entree,demarre_immediat
SESSION,301,demo_301_202603100900,1773129600000,1773132900000
OBS,301,Meunier,Lucie,,,,2026-03-10,09:47,tutorat,refuse_aider
OBS,301,Meunier,Lucie,,,,2026-03-10,09:49,participation,ne_participe_pas
OBS,301,Meunier,Lucie,,,,2026-03-10,09:51,attention,bavarde_hors_sujet
OBS,301,Meunier,Lucie,,,,2026-03-10,09:53,finalisation,recopie_correction
OBS,301,Meunier,Lucie,,,,2026-03-10,09:53,ressources,attend_correction
OBS,301,Robert,Axel,,,,2026-03-10,09:18,tutorat,refuse_aider
OBS,301,Robert,Axel,,,,2026-03-10,09:20,participation,ne_participe_pas
OBS,301,Robert,Axel,,,,2026-03-10,09:22,finalisation,recopie_correction
OBS,301,Robert,Axel,,,,2026-03-10,09:24,attention,revasse
OBS,301,Denis,Nathan,,,,2026-03-10,09:24,tutorat,refuse_aider
OBS,301,Denis,Nathan,,,,2026-03-10,09:26,participation,ne_participe_pas
OBS,301,Denis,Nathan,,,,2026-03-10,09:28,entree,ne_demarre_pas
OBS,301,Denis,Nathan,,,,2026-03-10,09:30,attention,bavarde_hors_sujet
OBS,301,Fontaine,Eliott,,,,2026-03-10,09:04,tutorat,aide_si_sollicite
OBS,301,Fontaine,Eliott,,,,2026-03-10,09:06,participation,participe_spontanement
OBS,301,Fontaine,Eliott,,,,2026-03-10,09:08,ressources,utilise_aides_activite
OBS,301,Fontaine,Eliott,,,,2026-03-10,09:10,difficulte,utilise_document_d
OBS,301,Fontaine,Eliott,,,,2026-03-10,09:12,entree,demarre_immediat
OBS,301,Simon,Milo,,,,2026-03-10,09:10,tutorat,aide_si_sollicite
OBS,301,Simon,Milo,,,,2026-03-10,09:12,participation,repond_si_sollicite
OBS,301,Simon,Milo,,,,2026-03-10,09:14,ressources,sollicite_apres_cherche
OBS,301,Simon,Milo,,,,2026-03-10,09:16,finalisation,verifie_travail
OBS,301,Simon,Milo,,,,2026-03-10,09:18,difficulte,utilise_document_d
SESSION,301,demo_301_202603160900,1773648000000,1773651300000
OBS,301,Michel,Gabriel,,,,2026-03-16,09:03,tutorat,aide_si_sollicite
OBS,301,Michel,Gabriel,,,,2026-03-16,09:05,participation,repond_si_insiste
OBS,301,Michel,Gabriel,,,,2026-03-16,09:07,finalisation,activite_incomplete
OBS,301,Michel,Gabriel,,,,2026-03-16,09:09,difficulte,attend_d
OBS,301,Michel,Gabriel,,,,2026-03-16,09:11,ressources,utilise_document_r
OBS,301,Meunier,Lucie,,,,2026-03-16,09:27,tutorat,refuse_aider
OBS,301,Meunier,Lucie,,,,2026-03-16,09:29,participation,ne_participe_pas
OBS,301,Meunier,Lucie,,,,2026-03-16,09:31,finalisation,recopie_correction
OBS,301,Meunier,Lucie,,,,2026-03-16,09:33,attention,revasse
OBS,301,Robert,Axel,,,,2026-03-16,09:45,tutorat,donne_reponse_directe
OBS,301,Robert,Axel,,,,2026-03-16,09:47,participation,repond_si_insiste
OBS,301,Robert,Axel,,,,2026-03-16,09:49,attention,perturbe_camarade
OBS,301,Robert,Axel,,,,2026-03-16,09:51,entree,attend_sans_commencer
OBS,301,Denis,Nathan,,,,2026-03-16,09:47,tutorat,refuse_aider
OBS,301,Denis,Nathan,,,,2026-03-16,09:49,participation,ne_participe_pas
OBS,301,Denis,Nathan,,,,2026-03-16,09:51,difficulte,copie_correction
OBS,301,Denis,Nathan,,,,2026-03-16,09:53,ressources,attend_correction
OBS,301,Denis,Nathan,,,,2026-03-16,09:53,finalisation,recopie_correction
OBS,301,Fontaine,Eliott,,,,2026-03-16,09:14,tutorat,aide_si_sollicite
OBS,301,Fontaine,Eliott,,,,2026-03-16,09:16,participation,repond_si_sollicite
OBS,301,Fontaine,Eliott,,,,2026-03-16,09:18,entree,demarre_immediat
OBS,301,Fontaine,Eliott,,,,2026-03-16,09:20,attention,concentre
OBS,301,Fontaine,Eliott,,,,2026-03-16,09:22,ressources,echange_camarade
OBS,301,Simon,Milo,,,,2026-03-16,09:38,tutorat,explique_camarade
OBS,301,Simon,Milo,,,,2026-03-16,09:40,participation,participe_spontanement
OBS,301,Simon,Milo,,,,2026-03-16,09:42,ressources,sollicite_apres_cherche
OBS,301,Simon,Milo,,,,2026-03-16,09:44,difficulte,demande_aide_pertinente
SESSION,401,demo_401_202509081000,1757318400000,1757321700000
OBS,401,Laurent,Chloe,,,,2025-09-08,10:06,tutorat,donne_reponse_directe
OBS,401,Laurent,Chloe,,,,2025-09-08,10:08,participation,repond_si_insiste
OBS,401,Laurent,Chloe,,,,2025-09-08,10:10,ressources,attend_professeur
OBS,401,Laurent,Chloe,,,,2025-09-08,10:12,attention,bavarde_travail
OBS,401,Fontanel,Lucas,,,,2025-09-08,10:14,tutorat,donne_reponse_directe
OBS,401,Fontanel,Lucas,,,,2025-09-08,10:16,participation,repond_si_sollicite
OBS,401,Fontanel,Lucas,,,,2025-09-08,10:18,ressources,attend_professeur
OBS,401,Fontanel,Lucas,,,,2025-09-08,10:20,difficulte,attend_d
OBS,401,Bernard,Camille,,,,2025-09-08,10:15,tutorat,aide_si_sollicite
OBS,401,Bernard,Camille,,,,2025-09-08,10:17,participation,participe_spontanement
OBS,401,Bernard,Camille,,,,2025-09-08,10:19,ressources,sollicite_apres_cherche
OBS,401,Bernard,Camille,,,,2025-09-08,10:21,difficulte,attend_d
OBS,401,Bernard,Camille,,,,2025-09-08,10:23,attention,distrait_momentanement
OBS,401,Robin,Noah,,,,2025-09-08,10:08,tutorat,refuse_aider
OBS,401,Robin,Noah,,,,2025-09-08,10:10,participation,ne_participe_pas
OBS,401,Robin,Noah,,,,2025-09-08,10:12,difficulte,copie_camarade
OBS,401,Robin,Noah,,,,2025-09-08,10:14,ressources,attend_correction
OBS,401,Mercier,Zoe,,,,2025-09-08,10:03,tutorat,aide_si_sollicite
OBS,401,Mercier,Zoe,,,,2025-09-08,10:05,participation,repond_si_sollicite
OBS,401,Mercier,Zoe,,,,2025-09-08,10:07,ressources,echange_camarade
OBS,401,Mercier,Zoe,,,,2025-09-08,10:09,attention,bavarde_travail
SESSION,401,demo_401_202509121000,1757664000000,1757667300000
OBS,401,Barbier,Adam,,,,2025-09-12,10:38,tutorat,aide_si_sollicite
OBS,401,Barbier,Adam,,,,2025-09-12,10:40,participation,repond_si_sollicite
OBS,401,Barbier,Adam,,,,2025-09-12,10:42,finalisation,passe_autre_activite
OBS,401,Barbier,Adam,,,,2025-09-12,10:44,attention,bavarde_travail
OBS,401,Laurent,Chloe,,,,2025-09-12,10:10,tutorat,donne_reponse_directe
OBS,401,Laurent,Chloe,,,,2025-09-12,10:12,participation,ne_participe_pas
OBS,401,Laurent,Chloe,,,,2025-09-12,10:14,difficulte,attend_d
OBS,401,Laurent,Chloe,,,,2025-09-12,10:16,entree,attend_sans_commencer
OBS,401,Laurent,Chloe,,,,2025-09-12,10:18,finalisation,recopie_correction
OBS,401,Bernard,Camille,,,,2025-09-12,10:32,tutorat,donne_reponse_directe
OBS,401,Bernard,Camille,,,,2025-09-12,10:34,participation,repond_si_insiste
OBS,401,Bernard,Camille,,,,2025-09-12,10:36,finalisation,activite_incomplete
OBS,401,Bernard,Camille,,,,2025-09-12,10:38,difficulte,attend_d
OBS,401,Robin,Noah,,,,2025-09-12,10:38,tutorat,refuse_aider
OBS,401,Robin,Noah,,,,2025-09-12,10:40,participation,ne_participe_pas
OBS,401,Robin,Noah,,,,2025-09-12,10:42,difficulte,copie_camarade
OBS,401,Robin,Noah,,,,2025-09-12,10:44,entree,ne_demarre_pas
OBS,401,Robin,Noah,,,,2025-09-12,10:46,attention,bavarde_hors_sujet
OBS,401,Mercier,Zoe,,,,2025-09-12,10:24,tutorat,aide_si_sollicite
OBS,401,Mercier,Zoe,,,,2025-09-12,10:26,participation,repond_si_sollicite
OBS,401,Mercier,Zoe,,,,2025-09-12,10:28,ressources,sollicite_apres_cherche
OBS,401,Mercier,Zoe,,,,2025-09-12,10:30,finalisation,activite_incomplete
SESSION,401,demo_401_202509181000,1758182400000,1758185700000
OBS,401,Bertrand,Eliott,,,,2025-09-18,10:20,tutorat,aide_si_sollicite
OBS,401,Bertrand,Eliott,,,,2025-09-18,10:22,participation,repond_si_sollicite
OBS,401,Bertrand,Eliott,,,,2025-09-18,10:24,difficulte,demande_aide_pertinente
OBS,401,Barbier,Adam,,,,2025-09-18,10:14,tutorat,explique_camarade
OBS,401,Barbier,Adam,,,,2025-09-18,10:16,participation,participe_spontanement
OBS,401,Barbier,Adam,,,,2025-09-18,10:18,attention,reconcentre_seul
OBS,401,Laurent,Chloe,,,,2025-09-18,10:32,tutorat,donne_reponse_directe
OBS,401,Laurent,Chloe,,,,2025-09-18,10:34,participation,ne_participe_pas
OBS,401,Laurent,Chloe,,,,2025-09-18,10:36,difficulte,observe_camarade
OBS,401,Laurent,Chloe,,,,2025-09-18,10:38,entree,attend_sans_commencer
OBS,401,Bernard,Camille,,,,2025-09-18,10:42,tutorat,aide_si_sollicite
OBS,401,Bernard,Camille,,,,2025-09-18,10:44,participation,repond_si_sollicite
OBS,401,Bernard,Camille,,,,2025-09-18,10:46,difficulte,observe_camarade
OBS,401,Bernard,Camille,,,,2025-09-18,10:48,finalisation,activite_incomplete
OBS,401,Robin,Noah,,,,2025-09-18,10:03,tutorat,refuse_aider
OBS,401,Robin,Noah,,,,2025-09-18,10:05,participation,ne_participe_pas
OBS,401,Robin,Noah,,,,2025-09-18,10:07,entree,ne_demarre_pas
OBS,401,Robin,Noah,,,,2025-09-18,10:09,finalisation,recopie_correction
SESSION,401,demo_401_202509241000,1758700800000,1758704100000
OBS,401,Laurent,Chloe,,,,2025-09-24,10:28,tutorat,refuse_aider
OBS,401,Laurent,Chloe,,,,2025-09-24,10:30,participation,ne_participe_pas
OBS,401,Laurent,Chloe,,,,2025-09-24,10:32,entree,ne_demarre_pas
OBS,401,Laurent,Chloe,,,,2025-09-24,10:34,attention,bavarde_travail
OBS,401,Laurent,Chloe,,,,2025-09-24,10:36,ressources,attend_correction
OBS,401,Fontanel,Lucas,,,,2025-09-24,10:02,tutorat,aide_si_sollicite
OBS,401,Fontanel,Lucas,,,,2025-09-24,10:04,participation,repond_si_sollicite
OBS,401,Fontanel,Lucas,,,,2025-09-24,10:06,entree,demarre_immediat
OBS,401,Fontanel,Lucas,,,,2025-09-24,10:08,finalisation,corrige_erreur
OBS,401,Bernard,Camille,,,,2025-09-24,10:43,tutorat,aide_si_sollicite
OBS,401,Bernard,Camille,,,,2025-09-24,10:45,participation,repond_si_sollicite
OBS,401,Bernard,Camille,,,,2025-09-24,10:47,attention,bavarde_travail
OBS,401,Bernard,Camille,,,,2025-09-24,10:49,ressources,sollicite_immediat
OBS,401,Bernard,Camille,,,,2025-09-24,10:51,finalisation,passe_autre_activite
OBS,401,Robin,Noah,,,,2025-09-24,10:24,tutorat,donne_reponse_directe
OBS,401,Robin,Noah,,,,2025-09-24,10:26,participation,repond_si_insiste
OBS,401,Robin,Noah,,,,2025-09-24,10:28,ressources,attend_correction
OBS,401,Robin,Noah,,,,2025-09-24,10:30,finalisation,activite_incomplete
OBS,401,Robin,Noah,,,,2025-09-24,10:32,difficulte,copie_camarade
OBS,401,Mercier,Zoe,,,,2025-09-24,10:20,tutorat,donne_reponse_directe
OBS,401,Mercier,Zoe,,,,2025-09-24,10:22,participation,repond_si_sollicite
OBS,401,Mercier,Zoe,,,,2025-09-24,10:24,attention,bavarde_travail
OBS,401,Mercier,Zoe,,,,2025-09-24,10:26,ressources,sollicite_immediat
SESSION,401,demo_401_202510011000,1759305600000,1759308900000
OBS,401,Laurent,Chloe,,,,2025-10-01,10:43,tutorat,refuse_aider
OBS,401,Laurent,Chloe,,,,2025-10-01,10:45,participation,ne_participe_pas
OBS,401,Laurent,Chloe,,,,2025-10-01,10:47,ressources,attend_correction
OBS,401,Laurent,Chloe,,,,2025-10-01,10:49,difficulte,copie_camarade
OBS,401,Fontanel,Lucas,,,,2025-10-01,10:31,tutorat,explique_camarade
OBS,401,Fontanel,Lucas,,,,2025-10-01,10:33,participation,participe_spontanement
OBS,401,Fontanel,Lucas,,,,2025-10-01,10:35,ressources,echange_camarade
OBS,401,Fontanel,Lucas,,,,2025-10-01,10:37,attention,reconcentre_seul
OBS,401,Bernard,Camille,,,,2025-10-01,10:45,tutorat,aide_si_sollicite
OBS,401,Bernard,Camille,,,,2025-10-01,10:47,participation,repond_si_insiste
OBS,401,Bernard,Camille,,,,2025-10-01,10:49,difficulte,attend_d
OBS,401,Bernard,Camille,,,,2025-10-01,10:51,entree,attend_sans_commencer
OBS,401,Robin,Noah,,,,2025-10-01,10:39,tutorat,refuse_aider
OBS,401,Robin,Noah,,,,2025-10-01,10:41,participation,ne_participe_pas
OBS,401,Robin,Noah,,,,2025-10-01,10:43,entree,ne_demarre_pas
OBS,401,Robin,Noah,,,,2025-10-01,10:45,ressources,attend_correction
OBS,401,Mercier,Zoe,,,,2025-10-01,10:34,tutorat,aide_si_sollicite
OBS,401,Mercier,Zoe,,,,2025-10-01,10:36,participation,repond_si_sollicite
OBS,401,Mercier,Zoe,,,,2025-10-01,10:38,difficulte,cherche_seul
OBS,401,Mercier,Zoe,,,,2025-10-01,10:40,finalisation,activite_terminee
OBS,401,Mercier,Zoe,,,,2025-10-01,10:42,entree,demarre_relance
SESSION,401,demo_401_202510071000,1759824000000,1759827300000
OBS,401,Barbier,Adam,,,,2025-10-07,10:39,tutorat,donne_reponse_directe
OBS,401,Barbier,Adam,,,,2025-10-07,10:41,participation,repond_si_insiste
OBS,401,Barbier,Adam,,,,2025-10-07,10:43,ressources,attend_professeur
OBS,401,Laurent,Chloe,,,,2025-10-07,10:30,tutorat,refuse_aider
OBS,401,Laurent,Chloe,,,,2025-10-07,10:32,participation,ne_participe_pas
OBS,401,Laurent,Chloe,,,,2025-10-07,10:34,difficulte,copie_correction
OBS,401,Laurent,Chloe,,,,2025-10-07,10:36,ressources,attend_correction
OBS,401,Fontanel,Lucas,,,,2025-10-07,10:14,tutorat,explique_camarade
OBS,401,Fontanel,Lucas,,,,2025-10-07,10:16,participation,participe_spontanement
OBS,401,Fontanel,Lucas,,,,2025-10-07,10:18,difficulte,utilise_document_d
OBS,401,Fontanel,Lucas,,,,2025-10-07,10:20,finalisation,activite_terminee
OBS,401,Bernard,Camille,,,,2025-10-07,10:15,tutorat,donne_reponse_directe
OBS,401,Bernard,Camille,,,,2025-10-07,10:17,participation,repond_si_sollicite
OBS,401,Bernard,Camille,,,,2025-10-07,10:19,difficulte,attend_d
OBS,401,Bernard,Camille,,,,2025-10-07,10:21,finalisation,activite_incomplete
OBS,401,Robin,Noah,,,,2025-10-07,10:34,tutorat,refuse_aider
OBS,401,Robin,Noah,,,,2025-10-07,10:36,participation,ne_participe_pas
OBS,401,Robin,Noah,,,,2025-10-07,10:38,entree,attend_sans_commencer
OBS,401,Robin,Noah,,,,2025-10-07,10:40,finalisation,recopie_correction
OBS,401,Mercier,Zoe,,,,2025-10-07,10:33,tutorat,aide_si_sollicite
OBS,401,Mercier,Zoe,,,,2025-10-07,10:35,participation,repond_si_insiste
OBS,401,Mercier,Zoe,,,,2025-10-07,10:37,attention,distrait_momentanement
OBS,401,Mercier,Zoe,,,,2025-10-07,10:39,difficulte,attend_d
SESSION,401,demo_401_202510131000,1760342400000,1760345700000
OBS,401,Laurent,Chloe,,,,2025-10-13,10:36,tutorat,donne_reponse_directe
OBS,401,Laurent,Chloe,,,,2025-10-13,10:38,participation,repond_si_insiste
OBS,401,Laurent,Chloe,,,,2025-10-13,10:40,difficulte,observe_camarade
OBS,401,Laurent,Chloe,,,,2025-10-13,10:42,ressources,attend_correction
OBS,401,Laurent,Chloe,,,,2025-10-13,10:44,entree,attend_sans_commencer
OBS,401,David,Nora,,,,2025-10-13,10:14,tutorat,donne_reponse_directe
OBS,401,David,Nora,,,,2025-10-13,10:16,participation,repond_si_sollicite
OBS,401,David,Nora,,,,2025-10-13,10:18,ressources,sollicite_immediat
OBS,401,Bernard,Camille,,,,2025-10-13,10:39,tutorat,aide_si_sollicite
OBS,401,Bernard,Camille,,,,2025-10-13,10:41,participation,repond_si_sollicite
OBS,401,Bernard,Camille,,,,2025-10-13,10:43,entree,demarre_relance
OBS,401,Bernard,Camille,,,,2025-10-13,10:45,finalisation,verifie_travail
OBS,401,Robin,Noah,,,,2025-10-13,10:24,tutorat,refuse_aider
OBS,401,Robin,Noah,,,,2025-10-13,10:26,participation,repond_si_insiste
OBS,401,Robin,Noah,,,,2025-10-13,10:28,attention,bavarde_hors_sujet
OBS,401,Robin,Noah,,,,2025-10-13,10:30,finalisation,recopie_correction
OBS,401,Robin,Noah,,,,2025-10-13,10:32,entree,ne_demarre_pas
OBS,401,Mercier,Zoe,,,,2025-10-13,10:26,tutorat,donne_reponse_directe
OBS,401,Mercier,Zoe,,,,2025-10-13,10:28,participation,repond_si_sollicite
OBS,401,Mercier,Zoe,,,,2025-10-13,10:30,difficulte,attend_d
OBS,401,Mercier,Zoe,,,,2025-10-13,10:32,attention,distrait_momentanement
OBS,401,Mercier,Zoe,,,,2025-10-13,10:34,finalisation,passe_autre_activite
SESSION,401,demo_401_202510171000,1760688000000,1760691300000
OBS,401,Laurent,Chloe,,,,2025-10-17,10:18,tutorat,refuse_aider
OBS,401,Laurent,Chloe,,,,2025-10-17,10:20,participation,repond_si_insiste
OBS,401,Laurent,Chloe,,,,2025-10-17,10:22,difficulte,attend_d
OBS,401,Laurent,Chloe,,,,2025-10-17,10:24,entree,ne_demarre_pas
OBS,401,Laurent,Chloe,,,,2025-10-17,10:26,attention,perturbe_camarade
OBS,401,Fontanel,Lucas,,,,2025-10-17,10:47,tutorat,explique_camarade
OBS,401,Fontanel,Lucas,,,,2025-10-17,10:49,participation,repond_si_sollicite
OBS,401,Fontanel,Lucas,,,,2025-10-17,10:51,ressources,sollicite_apres_cherche
OBS,401,Fontanel,Lucas,,,,2025-10-17,10:53,entree,demarre_relance
OBS,401,Fontanel,Lucas,,,,2025-10-17,10:53,attention,bavarde_travail
OBS,401,Bernard,Camille,,,,2025-10-17,10:38,tutorat,aide_si_sollicite
OBS,401,Bernard,Camille,,,,2025-10-17,10:40,participation,repond_si_sollicite
OBS,401,Bernard,Camille,,,,2025-10-17,10:42,difficulte,attend_d
OBS,401,Bernard,Camille,,,,2025-10-17,10:44,ressources,sollicite_immediat
OBS,401,Bernard,Camille,,,,2025-10-17,10:46,entree,attend_sans_commencer
OBS,401,Robin,Noah,,,,2025-10-17,10:11,tutorat,donne_reponse_directe
OBS,401,Robin,Noah,,,,2025-10-17,10:13,participation,repond_si_insiste
OBS,401,Robin,Noah,,,,2025-10-17,10:15,entree,attend_sans_commencer
OBS,401,Robin,Noah,,,,2025-10-17,10:17,difficulte,observe_camarade
OBS,401,Robin,Noah,,,,2025-10-17,10:19,attention,bavarde_travail
OBS,401,Mercier,Zoe,,,,2025-10-17,10:33,tutorat,aide_si_sollicite
OBS,401,Mercier,Zoe,,,,2025-10-17,10:35,participation,repond_si_sollicite
OBS,401,Mercier,Zoe,,,,2025-10-17,10:37,entree,demarre_relance
OBS,401,Mercier,Zoe,,,,2025-10-17,10:39,difficulte,observe_camarade
SESSION,401,demo_401_202511071000,1762506000000,1762509300000
OBS,401,Barbier,Adam,,,,2025-11-07,10:40,tutorat,aide_si_sollicite
OBS,401,Barbier,Adam,,,,2025-11-07,10:42,participation,repond_si_insiste
OBS,401,Barbier,Adam,,,,2025-11-07,10:44,attention,bavarde_hors_sujet
OBS,401,Laurent,Chloe,,,,2025-11-07,10:10,tutorat,donne_reponse_directe
OBS,401,Laurent,Chloe,,,,2025-11-07,10:12,participation,repond_si_insiste
OBS,401,Laurent,Chloe,,,,2025-11-07,10:14,attention,bavarde_travail
OBS,401,Laurent,Chloe,,,,2025-11-07,10:16,entree,attend_sans_commencer
OBS,401,Laurent,Chloe,,,,2025-11-07,10:18,difficulte,observe_camarade
OBS,401,David,Nora,,,,2025-11-07,10:18,tutorat,aide_si_sollicite
OBS,401,David,Nora,,,,2025-11-07,10:20,participation,repond_si_insiste
OBS,401,David,Nora,,,,2025-11-07,10:22,attention,distrait_momentanement
OBS,401,David,Nora,,,,2025-11-07,10:24,ressources,attend_professeur
OBS,401,Bernard,Camille,,,,2025-11-07,10:05,tutorat,donne_reponse_directe
OBS,401,Bernard,Camille,,,,2025-11-07,10:07,participation,repond_si_insiste
OBS,401,Bernard,Camille,,,,2025-11-07,10:09,attention,bavarde_travail
OBS,401,Bernard,Camille,,,,2025-11-07,10:11,entree,attend_sans_commencer
OBS,401,Robin,Noah,,,,2025-11-07,10:37,tutorat,refuse_aider
OBS,401,Robin,Noah,,,,2025-11-07,10:39,participation,ne_participe_pas
OBS,401,Robin,Noah,,,,2025-11-07,10:41,finalisation,recopie_correction
OBS,401,Robin,Noah,,,,2025-11-07,10:43,difficulte,copie_camarade
OBS,401,Robin,Noah,,,,2025-11-07,10:45,attention,perturbe_camarade
OBS,401,Mercier,Zoe,,,,2025-11-07,10:33,tutorat,aide_si_sollicite
OBS,401,Mercier,Zoe,,,,2025-11-07,10:35,participation,repond_si_sollicite
OBS,401,Mercier,Zoe,,,,2025-11-07,10:37,ressources,sollicite_immediat
OBS,401,Mercier,Zoe,,,,2025-11-07,10:39,entree,attend_sans_commencer
SESSION,401,demo_401_202511131000,1763024400000,1763027700000
OBS,401,Barbier,Adam,,,,2025-11-13,10:11,tutorat,donne_reponse_directe
OBS,401,Barbier,Adam,,,,2025-11-13,10:13,participation,repond_si_sollicite
OBS,401,Barbier,Adam,,,,2025-11-13,10:15,ressources,utilise_aides_activite
OBS,401,Laurent,Chloe,,,,2025-11-13,10:41,tutorat,donne_reponse_directe
OBS,401,Laurent,Chloe,,,,2025-11-13,10:43,participation,repond_si_insiste
OBS,401,Laurent,Chloe,,,,2025-11-13,10:45,entree,attend_sans_commencer
OBS,401,Laurent,Chloe,,,,2025-11-13,10:47,attention,perturbe_camarade
OBS,401,Fontanel,Lucas,,,,2025-11-13,10:39,tutorat,explique_camarade
OBS,401,Fontanel,Lucas,,,,2025-11-13,10:41,participation,repond_si_sollicite
OBS,401,Fontanel,Lucas,,,,2025-11-13,10:43,entree,demarre_immediat
OBS,401,Fontanel,Lucas,,,,2025-11-13,10:45,attention,reconcentre_seul
OBS,401,Fontanel,Lucas,,,,2025-11-13,10:47,difficulte,demande_aide_pertinente
OBS,401,Bernard,Camille,,,,2025-11-13,10:25,tutorat,explique_camarade
OBS,401,Bernard,Camille,,,,2025-11-13,10:27,participation,repond_si_sollicite
OBS,401,Bernard,Camille,,,,2025-11-13,10:29,entree,demarre_relance
OBS,401,Bernard,Camille,,,,2025-11-13,10:31,finalisation,activite_incomplete
OBS,401,Robin,Noah,,,,2025-11-13,10:42,tutorat,donne_reponse_directe
OBS,401,Robin,Noah,,,,2025-11-13,10:44,participation,repond_si_insiste
OBS,401,Robin,Noah,,,,2025-11-13,10:46,ressources,sollicite_immediat
OBS,401,Robin,Noah,,,,2025-11-13,10:48,finalisation,passe_autre_activite
OBS,401,Robin,Noah,,,,2025-11-13,10:50,entree,attend_sans_commencer
SESSION,401,demo_401_202511191000,1763542800000,1763546100000
OBS,401,Laurent,Chloe,,,,2025-11-19,10:24,tutorat,refuse_aider
OBS,401,Laurent,Chloe,,,,2025-11-19,10:26,participation,repond_si_insiste
OBS,401,Laurent,Chloe,,,,2025-11-19,10:28,finalisation,activite_incomplete
OBS,401,Laurent,Chloe,,,,2025-11-19,10:30,attention,bavarde_travail
OBS,401,Laurent,Chloe,,,,2025-11-19,10:32,ressources,attend_correction
OBS,401,Fontanel,Lucas,,,,2025-11-19,10:12,tutorat,aide_si_sollicite
OBS,401,Fontanel,Lucas,,,,2025-11-19,10:14,participation,repond_si_sollicite
OBS,401,Fontanel,Lucas,,,,2025-11-19,10:16,ressources,echange_camarade
OBS,401,Fontanel,Lucas,,,,2025-11-19,10:18,attention,concentre
OBS,401,Fontanel,Lucas,,,,2025-11-19,10:20,entree,demarre_immediat
OBS,401,Bernard,Camille,,,,2025-11-19,10:34,tutorat,aide_si_sollicite
OBS,401,Bernard,Camille,,,,2025-11-19,10:36,participation,repond_si_sollicite
OBS,401,Bernard,Camille,,,,2025-11-19,10:38,attention,bavarde_travail
OBS,401,Bernard,Camille,,,,2025-11-19,10:40,finalisation,corrige_erreur
OBS,401,Bernard,Camille,,,,2025-11-19,10:42,entree,demarre_relance
OBS,401,Robin,Noah,,,,2025-11-19,10:33,tutorat,refuse_aider
OBS,401,Robin,Noah,,,,2025-11-19,10:35,participation,repond_si_insiste
OBS,401,Robin,Noah,,,,2025-11-19,10:37,finalisation,passe_autre_activite
OBS,401,Robin,Noah,,,,2025-11-19,10:39,entree,ne_demarre_pas
OBS,401,Robin,Noah,,,,2025-11-19,10:41,attention,perturbe_camarade
OBS,401,Mercier,Zoe,,,,2025-11-19,10:15,tutorat,donne_reponse_directe
OBS,401,Mercier,Zoe,,,,2025-11-19,10:17,participation,repond_si_insiste
OBS,401,Mercier,Zoe,,,,2025-11-19,10:19,entree,attend_sans_commencer
OBS,401,Mercier,Zoe,,,,2025-11-19,10:21,ressources,sollicite_immediat
SESSION,401,demo_401_202511251000,1764061200000,1764064500000
OBS,401,Laurent,Chloe,,,,2025-11-25,10:34,tutorat,refuse_aider
OBS,401,Laurent,Chloe,,,,2025-11-25,10:36,participation,repond_si_insiste
OBS,401,Laurent,Chloe,,,,2025-11-25,10:38,difficulte,observe_camarade
OBS,401,Laurent,Chloe,,,,2025-11-25,10:40,attention,bavarde_travail
OBS,401,Fontanel,Lucas,,,,2025-11-25,10:02,tutorat,aide_si_sollicite
OBS,401,Fontanel,Lucas,,,,2025-11-25,10:04,participation,participe_spontanement
OBS,401,Fontanel,Lucas,,,,2025-11-25,10:06,difficulte,utilise_document_d
OBS,401,Fontanel,Lucas,,,,2025-11-25,10:08,entree,demarre_immediat
OBS,401,Bernard,Camille,,,,2025-11-25,10:32,tutorat,donne_reponse_directe
OBS,401,Bernard,Camille,,,,2025-11-25,10:34,participation,repond_si_insiste
OBS,401,Bernard,Camille,,,,2025-11-25,10:36,ressources,attend_professeur
OBS,401,Bernard,Camille,,,,2025-11-25,10:38,finalisation,activite_incomplete
OBS,401,Robin,Noah,,,,2025-11-25,10:04,tutorat,aide_si_sollicite
OBS,401,Robin,Noah,,,,2025-11-25,10:06,participation,repond_si_insiste
OBS,401,Robin,Noah,,,,2025-11-25,10:08,entree,attend_sans_commencer
OBS,401,Robin,Noah,,,,2025-11-25,10:10,attention,distrait_momentanement
OBS,401,Robin,Noah,,,,2025-11-25,10:12,difficulte,observe_camarade
SESSION,401,demo_401_202512021000,1764666000000,1764669300000
OBS,401,Laurent,Chloe,,,,2025-12-02,10:11,tutorat,donne_reponse_directe
OBS,401,Laurent,Chloe,,,,2025-12-02,10:13,participation,repond_si_insiste
OBS,401,Laurent,Chloe,,,,2025-12-02,10:15,difficulte,attend_d
OBS,401,Laurent,Chloe,,,,2025-12-02,10:17,entree,attend_sans_commencer
OBS,401,Fontanel,Lucas,,,,2025-12-02,10:23,tutorat,aide_si_sollicite
OBS,401,Fontanel,Lucas,,,,2025-12-02,10:25,participation,repond_si_sollicite
OBS,401,Fontanel,Lucas,,,,2025-12-02,10:27,ressources,echange_camarade
OBS,401,Fontanel,Lucas,,,,2025-12-02,10:29,finalisation,activite_incomplete
OBS,401,David,Nora,,,,2025-12-02,10:38,tutorat,aide_si_sollicite
OBS,401,David,Nora,,,,2025-12-02,10:40,participation,repond_si_insiste
OBS,401,David,Nora,,,,2025-12-02,10:42,entree,ne_demarre_pas
OBS,401,David,Nora,,,,2025-12-02,10:44,ressources,attend_correction
OBS,401,Bernard,Camille,,,,2025-12-02,10:12,tutorat,aide_si_sollicite
OBS,401,Bernard,Camille,,,,2025-12-02,10:14,participation,repond_si_sollicite
OBS,401,Bernard,Camille,,,,2025-12-02,10:16,attention,reconcentre_seul
OBS,401,Bernard,Camille,,,,2025-12-02,10:18,finalisation,corrige_erreur
OBS,401,Robin,Noah,,,,2025-12-02,10:45,tutorat,donne_reponse_directe
OBS,401,Robin,Noah,,,,2025-12-02,10:47,participation,repond_si_insiste
OBS,401,Robin,Noah,,,,2025-12-02,10:49,ressources,attend_professeur
OBS,401,Robin,Noah,,,,2025-12-02,10:51,finalisation,passe_autre_activite
OBS,401,Mercier,Zoe,,,,2025-12-02,10:44,tutorat,donne_reponse_directe
OBS,401,Mercier,Zoe,,,,2025-12-02,10:46,participation,repond_si_insiste
OBS,401,Mercier,Zoe,,,,2025-12-02,10:48,finalisation,passe_autre_activite
OBS,401,Mercier,Zoe,,,,2025-12-02,10:50,ressources,attend_professeur
SESSION,401,demo_401_202512081000,1765184400000,1765187700000
OBS,401,Barbier,Adam,,,,2025-12-08,10:43,tutorat,donne_reponse_directe
OBS,401,Barbier,Adam,,,,2025-12-08,10:45,participation,repond_si_insiste
OBS,401,Barbier,Adam,,,,2025-12-08,10:47,finalisation,verifie_travail
OBS,401,Fontanel,Lucas,,,,2025-12-08,10:11,tutorat,explique_camarade
OBS,401,Fontanel,Lucas,,,,2025-12-08,10:13,participation,participe_spontanement
OBS,401,Fontanel,Lucas,,,,2025-12-08,10:15,difficulte,demande_aide_pertinente
OBS,401,Fontanel,Lucas,,,,2025-12-08,10:17,finalisation,activite_terminee
OBS,401,Fontanel,Lucas,,,,2025-12-08,10:19,attention,reconcentre_seul
OBS,401,Robin,Noah,,,,2025-12-08,10:48,tutorat,donne_reponse_directe
OBS,401,Robin,Noah,,,,2025-12-08,10:50,participation,repond_si_sollicite
OBS,401,Robin,Noah,,,,2025-12-08,10:52,ressources,sollicite_immediat
OBS,401,Robin,Noah,,,,2025-12-08,10:53,finalisation,activite_incomplete
OBS,401,Mercier,Zoe,,,,2025-12-08,10:14,tutorat,aide_si_sollicite
OBS,401,Mercier,Zoe,,,,2025-12-08,10:16,participation,repond_si_sollicite
OBS,401,Mercier,Zoe,,,,2025-12-08,10:18,difficulte,observe_camarade
OBS,401,Mercier,Zoe,,,,2025-12-08,10:20,attention,bavarde_travail
SESSION,401,demo_401_202512121000,1765530000000,1765533300000
OBS,401,Laurent,Chloe,,,,2025-12-12,10:39,tutorat,aide_si_sollicite
OBS,401,Laurent,Chloe,,,,2025-12-12,10:41,participation,repond_si_insiste
OBS,401,Laurent,Chloe,,,,2025-12-12,10:43,difficulte,attend_d
OBS,401,Laurent,Chloe,,,,2025-12-12,10:45,ressources,attend_professeur
OBS,401,Fontanel,Lucas,,,,2025-12-12,10:11,tutorat,aide_si_sollicite
OBS,401,Fontanel,Lucas,,,,2025-12-12,10:13,participation,participe_spontanement
OBS,401,Fontanel,Lucas,,,,2025-12-12,10:15,attention,concentre
OBS,401,Fontanel,Lucas,,,,2025-12-12,10:17,entree,demarre_immediat
OBS,401,Fontanel,Lucas,,,,2025-12-12,10:19,ressources,sollicite_apres_cherche
OBS,401,David,Nora,,,,2025-12-12,10:33,tutorat,donne_reponse_directe
OBS,401,David,Nora,,,,2025-12-12,10:35,participation,ne_participe_pas
OBS,401,David,Nora,,,,2025-12-12,10:37,ressources,attend_correction
OBS,401,David,Nora,,,,2025-12-12,10:39,attention,distrait_momentanement
OBS,401,Bernard,Camille,,,,2025-12-12,10:35,tutorat,aide_si_sollicite
OBS,401,Bernard,Camille,,,,2025-12-12,10:37,participation,repond_si_sollicite
OBS,401,Bernard,Camille,,,,2025-12-12,10:39,ressources,utilise_document_r
OBS,401,Bernard,Camille,,,,2025-12-12,10:41,difficulte,demande_aide_pertinente
OBS,401,Robin,Noah,,,,2025-12-12,10:01,tutorat,aide_si_sollicite
OBS,401,Robin,Noah,,,,2025-12-12,10:03,participation,repond_si_sollicite
OBS,401,Robin,Noah,,,,2025-12-12,10:05,entree,demarre_relance
OBS,401,Robin,Noah,,,,2025-12-12,10:07,attention,distrait_momentanement
OBS,401,Robin,Noah,,,,2025-12-12,10:09,difficulte,attend_d
OBS,401,Mercier,Zoe,,,,2025-12-12,10:07,tutorat,aide_si_sollicite
OBS,401,Mercier,Zoe,,,,2025-12-12,10:09,participation,repond_si_insiste
OBS,401,Mercier,Zoe,,,,2025-12-12,10:11,ressources,sollicite_apres_cherche
OBS,401,Mercier,Zoe,,,,2025-12-12,10:13,finalisation,passe_autre_activite
SESSION,401,demo_401_202512181000,1766048400000,1766051700000
OBS,401,Bertrand,Eliott,,,,2025-12-18,10:45,tutorat,aide_si_sollicite
OBS,401,Bertrand,Eliott,,,,2025-12-18,10:47,participation,repond_si_insiste
OBS,401,Bertrand,Eliott,,,,2025-12-18,10:49,attention,revasse
OBS,401,Laurent,Chloe,,,,2025-12-18,10:11,tutorat,donne_reponse_directe
OBS,401,Laurent,Chloe,,,,2025-12-18,10:13,participation,repond_si_insiste
OBS,401,Laurent,Chloe,,,,2025-12-18,10:15,entree,attend_sans_commencer
OBS,401,Laurent,Chloe,,,,2025-12-18,10:17,finalisation,recopie_correction
OBS,401,Laurent,Chloe,,,,2025-12-18,10:19,difficulte,observe_camarade
OBS,401,Fontanel,Lucas,,,,2025-12-18,10:48,tutorat,explique_camarade
OBS,401,Fontanel,Lucas,,,,2025-12-18,10:50,participation,participe_spontanement
OBS,401,Fontanel,Lucas,,,,2025-12-18,10:52,entree,demarre_immediat
OBS,401,Fontanel,Lucas,,,,2025-12-18,10:53,difficulte,utilise_document_d
OBS,401,Fontanel,Lucas,,,,2025-12-18,10:53,ressources,echange_camarade
OBS,401,Robin,Noah,,,,2025-12-18,10:37,tutorat,donne_reponse_directe
OBS,401,Robin,Noah,,,,2025-12-18,10:39,participation,repond_si_sollicite
OBS,401,Robin,Noah,,,,2025-12-18,10:41,entree,attend_sans_commencer
OBS,401,Robin,Noah,,,,2025-12-18,10:43,difficulte,attend_d
OBS,401,Robin,Noah,,,,2025-12-18,10:45,attention,distrait_momentanement
OBS,401,Mercier,Zoe,,,,2025-12-18,10:32,tutorat,donne_reponse_directe
OBS,401,Mercier,Zoe,,,,2025-12-18,10:34,participation,repond_si_insiste
OBS,401,Mercier,Zoe,,,,2025-12-18,10:36,ressources,attend_professeur
OBS,401,Mercier,Zoe,,,,2025-12-18,10:38,entree,attend_sans_commencer
OBS,401,Mercier,Zoe,,,,2025-12-18,10:40,attention,distrait_momentanement
SESSION,401,demo_401_202601081000,1767862800000,1767866100000
OBS,401,Bertrand,Eliott,,,,2026-01-08,10:12,tutorat,refuse_aider
OBS,401,Bertrand,Eliott,,,,2026-01-08,10:14,participation,ne_participe_pas
OBS,401,Bertrand,Eliott,,,,2026-01-08,10:16,entree,demarre_relance
OBS,401,Bertrand,Eliott,,,,2026-01-08,10:18,ressources,attend_correction
OBS,401,Laurent,Chloe,,,,2026-01-08,10:34,tutorat,aide_si_sollicite
OBS,401,Laurent,Chloe,,,,2026-01-08,10:36,participation,repond_si_sollicite
OBS,401,Laurent,Chloe,,,,2026-01-08,10:38,entree,demarre_relance
OBS,401,Laurent,Chloe,,,,2026-01-08,10:40,ressources,sollicite_immediat
OBS,401,Laurent,Chloe,,,,2026-01-08,10:42,finalisation,activite_terminee
OBS,401,David,Nora,,,,2026-01-08,10:15,tutorat,aide_si_sollicite
OBS,401,David,Nora,,,,2026-01-08,10:17,participation,repond_si_sollicite
OBS,401,David,Nora,,,,2026-01-08,10:19,difficulte,attend_d
OBS,401,Bernard,Camille,,,,2026-01-08,10:21,tutorat,aide_si_sollicite
OBS,401,Bernard,Camille,,,,2026-01-08,10:23,participation,repond_si_sollicite
OBS,401,Bernard,Camille,,,,2026-01-08,10:25,ressources,utilise_document_r
OBS,401,Bernard,Camille,,,,2026-01-08,10:27,finalisation,activite_incomplete
OBS,401,Robin,Noah,,,,2026-01-08,10:39,tutorat,aide_si_sollicite
OBS,401,Robin,Noah,,,,2026-01-08,10:41,participation,participe_spontanement
OBS,401,Robin,Noah,,,,2026-01-08,10:43,ressources,sollicite_apres_cherche
OBS,401,Robin,Noah,,,,2026-01-08,10:45,finalisation,corrige_erreur
OBS,401,Mercier,Zoe,,,,2026-01-08,10:32,tutorat,aide_si_sollicite
OBS,401,Mercier,Zoe,,,,2026-01-08,10:34,participation,repond_si_insiste
OBS,401,Mercier,Zoe,,,,2026-01-08,10:36,difficulte,observe_camarade
OBS,401,Mercier,Zoe,,,,2026-01-08,10:38,entree,demarre_relance
SESSION,401,demo_401_202601141000,1768381200000,1768384500000
OBS,401,Laurent,Chloe,,,,2026-01-14,10:36,tutorat,donne_reponse_directe
OBS,401,Laurent,Chloe,,,,2026-01-14,10:38,participation,repond_si_insiste
OBS,401,Laurent,Chloe,,,,2026-01-14,10:40,difficulte,observe_camarade
OBS,401,Laurent,Chloe,,,,2026-01-14,10:42,finalisation,activite_incomplete
OBS,401,Fontanel,Lucas,,,,2026-01-14,10:43,tutorat,aide_si_sollicite
OBS,401,Fontanel,Lucas,,,,2026-01-14,10:45,participation,repond_si_sollicite
OBS,401,Fontanel,Lucas,,,,2026-01-14,10:47,finalisation,verifie_travail
OBS,401,Fontanel,Lucas,,,,2026-01-14,10:49,difficulte,utilise_document_d
OBS,401,Fontanel,Lucas,,,,2026-01-14,10:51,ressources,echange_camarade
OBS,401,David,Nora,,,,2026-01-14,10:37,tutorat,donne_reponse_directe
OBS,401,David,Nora,,,,2026-01-14,10:39,participation,ne_participe_pas
OBS,401,David,Nora,,,,2026-01-14,10:41,entree,attend_sans_commencer
OBS,401,Robin,Noah,,,,2026-01-14,10:29,tutorat,aide_si_sollicite
OBS,401,Robin,Noah,,,,2026-01-14,10:31,participation,repond_si_sollicite
OBS,401,Robin,Noah,,,,2026-01-14,10:33,difficulte,observe_camarade
OBS,401,Robin,Noah,,,,2026-01-14,10:35,finalisation,activite_incomplete
SESSION,401,demo_401_202601201000,1768899600000,1768902900000
OBS,401,Bertrand,Eliott,,,,2026-01-20,10:12,tutorat,aide_si_sollicite
OBS,401,Bertrand,Eliott,,,,2026-01-20,10:14,participation,repond_si_insiste
OBS,401,Bertrand,Eliott,,,,2026-01-20,10:16,difficulte,observe_camarade
OBS,401,Laurent,Chloe,,,,2026-01-20,10:36,tutorat,refuse_aider
OBS,401,Laurent,Chloe,,,,2026-01-20,10:38,participation,ne_participe_pas
OBS,401,Laurent,Chloe,,,,2026-01-20,10:40,entree,attend_sans_commencer
OBS,401,Laurent,Chloe,,,,2026-01-20,10:42,attention,distrait_momentanement
OBS,401,Laurent,Chloe,,,,2026-01-20,10:44,ressources,attend_professeur
OBS,401,Fontanel,Lucas,,,,2026-01-20,10:22,tutorat,explique_camarade
OBS,401,Fontanel,Lucas,,,,2026-01-20,10:24,participation,participe_spontanement
OBS,401,Fontanel,Lucas,,,,2026-01-20,10:26,ressources,utilise_document_r
OBS,401,Fontanel,Lucas,,,,2026-01-20,10:28,difficulte,demande_aide_pertinente
OBS,401,Fontanel,Lucas,,,,2026-01-20,10:30,entree,demarre_immediat
OBS,401,Bernard,Camille,,,,2026-01-20,10:29,tutorat,aide_si_sollicite
OBS,401,Bernard,Camille,,,,2026-01-20,10:31,participation,repond_si_sollicite
OBS,401,Bernard,Camille,,,,2026-01-20,10:33,attention,concentre
OBS,401,Bernard,Camille,,,,2026-01-20,10:35,entree,demarre_relance
OBS,401,Bernard,Camille,,,,2026-01-20,10:37,difficulte,observe_camarade
OBS,401,Robin,Noah,,,,2026-01-20,10:07,tutorat,aide_si_sollicite
OBS,401,Robin,Noah,,,,2026-01-20,10:09,participation,repond_si_sollicite
OBS,401,Robin,Noah,,,,2026-01-20,10:11,finalisation,passe_autre_activite
OBS,401,Robin,Noah,,,,2026-01-20,10:13,difficulte,attend_d
OBS,401,Mercier,Zoe,,,,2026-01-20,10:34,tutorat,aide_si_sollicite
OBS,401,Mercier,Zoe,,,,2026-01-20,10:36,participation,repond_si_insiste
OBS,401,Mercier,Zoe,,,,2026-01-20,10:38,finalisation,passe_autre_activite
OBS,401,Mercier,Zoe,,,,2026-01-20,10:40,attention,reconcentre_seul
OBS,401,Mercier,Zoe,,,,2026-01-20,10:42,entree,demarre_relance
SESSION,401,demo_401_202601261000,1769418000000,1769421300000
OBS,401,Barbier,Adam,,,,2026-01-26,10:33,tutorat,refuse_aider
OBS,401,Barbier,Adam,,,,2026-01-26,10:35,participation,repond_si_insiste
OBS,401,Barbier,Adam,,,,2026-01-26,10:37,ressources,attend_correction
OBS,401,Laurent,Chloe,,,,2026-01-26,10:19,tutorat,aide_si_sollicite
OBS,401,Laurent,Chloe,,,,2026-01-26,10:21,participation,repond_si_insiste
OBS,401,Laurent,Chloe,,,,2026-01-26,10:23,ressources,sollicite_immediat
OBS,401,Laurent,Chloe,,,,2026-01-26,10:25,finalisation,activite_incomplete
OBS,401,Laurent,Chloe,,,,2026-01-26,10:27,difficulte,observe_camarade
OBS,401,Fontanel,Lucas,,,,2026-01-26,10:28,tutorat,explique_camarade
OBS,401,Fontanel,Lucas,,,,2026-01-26,10:30,participation,participe_spontanement
OBS,401,Fontanel,Lucas,,,,2026-01-26,10:32,entree,demarre_relance
OBS,401,Fontanel,Lucas,,,,2026-01-26,10:34,difficulte,utilise_document_d
OBS,401,Fontanel,Lucas,,,,2026-01-26,10:36,finalisation,activite_terminee
OBS,401,David,Nora,,,,2026-01-26,10:14,tutorat,donne_reponse_directe
OBS,401,David,Nora,,,,2026-01-26,10:16,participation,repond_si_sollicite
OBS,401,David,Nora,,,,2026-01-26,10:18,finalisation,passe_autre_activite
OBS,401,David,Nora,,,,2026-01-26,10:20,difficulte,copie_camarade
OBS,401,Bernard,Camille,,,,2026-01-26,10:06,tutorat,aide_si_sollicite
OBS,401,Bernard,Camille,,,,2026-01-26,10:08,participation,repond_si_sollicite
OBS,401,Bernard,Camille,,,,2026-01-26,10:10,difficulte,observe_camarade
OBS,401,Bernard,Camille,,,,2026-01-26,10:12,attention,bavarde_travail
OBS,401,Robin,Noah,,,,2026-01-26,10:46,tutorat,aide_si_sollicite
OBS,401,Robin,Noah,,,,2026-01-26,10:48,participation,repond_si_sollicite
OBS,401,Robin,Noah,,,,2026-01-26,10:50,finalisation,passe_autre_activite
OBS,401,Robin,Noah,,,,2026-01-26,10:52,ressources,attend_professeur
SESSION,401,demo_401_202602021000,1770022800000,1770026100000
OBS,401,Laurent,Chloe,,,,2026-02-02,10:27,tutorat,donne_reponse_directe
OBS,401,Laurent,Chloe,,,,2026-02-02,10:29,participation,repond_si_insiste
OBS,401,Laurent,Chloe,,,,2026-02-02,10:31,finalisation,passe_autre_activite
OBS,401,Laurent,Chloe,,,,2026-02-02,10:33,ressources,attend_professeur
OBS,401,Laurent,Chloe,,,,2026-02-02,10:35,difficulte,observe_camarade
OBS,401,Fontanel,Lucas,,,,2026-02-02,10:26,tutorat,aide_si_sollicite
OBS,401,Fontanel,Lucas,,,,2026-02-02,10:28,participation,repond_si_sollicite
OBS,401,Fontanel,Lucas,,,,2026-02-02,10:30,entree,demarre_relance
OBS,401,Fontanel,Lucas,,,,2026-02-02,10:32,attention,reconcentre_seul
OBS,401,Fontanel,Lucas,,,,2026-02-02,10:34,ressources,sollicite_immediat
OBS,401,David,Nora,,,,2026-02-02,10:38,tutorat,refuse_aider
OBS,401,David,Nora,,,,2026-02-02,10:40,participation,ne_participe_pas
OBS,401,David,Nora,,,,2026-02-02,10:42,entree,attend_sans_commencer
OBS,401,Robin,Noah,,,,2026-02-02,10:40,tutorat,donne_reponse_directe
OBS,401,Robin,Noah,,,,2026-02-02,10:42,participation,repond_si_insiste
OBS,401,Robin,Noah,,,,2026-02-02,10:44,ressources,sollicite_immediat
OBS,401,Robin,Noah,,,,2026-02-02,10:46,entree,demarre_relance
OBS,401,Mercier,Zoe,,,,2026-02-02,10:09,tutorat,aide_si_sollicite
OBS,401,Mercier,Zoe,,,,2026-02-02,10:11,participation,repond_si_insiste
OBS,401,Mercier,Zoe,,,,2026-02-02,10:13,attention,distrait_momentanement
OBS,401,Mercier,Zoe,,,,2026-02-02,10:15,ressources,sollicite_immediat
SESSION,401,demo_401_202602061000,1770368400000,1770371700000
OBS,401,Laurent,Chloe,,,,2026-02-06,10:40,tutorat,aide_si_sollicite
OBS,401,Laurent,Chloe,,,,2026-02-06,10:42,participation,repond_si_sollicite
OBS,401,Laurent,Chloe,,,,2026-02-06,10:44,difficulte,utilise_document_d
OBS,401,Laurent,Chloe,,,,2026-02-06,10:46,ressources,sollicite_apres_cherche
OBS,401,Laurent,Chloe,,,,2026-02-06,10:48,entree,demarre_immediat
OBS,401,Fontanel,Lucas,,,,2026-02-06,10:44,tutorat,aide_si_sollicite
OBS,401,Fontanel,Lucas,,,,2026-02-06,10:46,participation,repond_si_sollicite
OBS,401,Fontanel,Lucas,,,,2026-02-06,10:48,difficulte,cherche_seul
OBS,401,Fontanel,Lucas,,,,2026-02-06,10:50,attention,concentre
OBS,401,Robin,Noah,,,,2026-02-06,10:02,tutorat,explique_camarade
OBS,401,Robin,Noah,,,,2026-02-06,10:04,participation,repond_si_sollicite
OBS,401,Robin,Noah,,,,2026-02-06,10:06,ressources,sollicite_immediat
OBS,401,Robin,Noah,,,,2026-02-06,10:08,difficulte,observe_camarade
OBS,401,Robin,Noah,,,,2026-02-06,10:10,entree,demarre_relance
SESSION,401,demo_401_202602121000,1770886800000,1770890100000
OBS,401,Laurent,Chloe,,,,2026-02-12,10:06,tutorat,aide_si_sollicite
OBS,401,Laurent,Chloe,,,,2026-02-12,10:08,participation,repond_si_insiste
OBS,401,Laurent,Chloe,,,,2026-02-12,10:10,attention,bavarde_travail
OBS,401,Laurent,Chloe,,,,2026-02-12,10:12,entree,attend_sans_commencer
OBS,401,Fontanel,Lucas,,,,2026-02-12,10:15,tutorat,explique_camarade
OBS,401,Fontanel,Lucas,,,,2026-02-12,10:17,participation,participe_spontanement
OBS,401,Fontanel,Lucas,,,,2026-02-12,10:19,finalisation,verifie_travail
OBS,401,Fontanel,Lucas,,,,2026-02-12,10:21,attention,reconcentre_seul
OBS,401,David,Nora,,,,2026-02-12,10:42,tutorat,donne_reponse_directe
OBS,401,David,Nora,,,,2026-02-12,10:44,participation,repond_si_insiste
OBS,401,David,Nora,,,,2026-02-12,10:46,finalisation,recopie_correction
OBS,401,Robin,Noah,,,,2026-02-12,10:36,tutorat,aide_si_sollicite
OBS,401,Robin,Noah,,,,2026-02-12,10:38,participation,repond_si_sollicite
OBS,401,Robin,Noah,,,,2026-02-12,10:40,difficulte,attend_d
OBS,401,Robin,Noah,,,,2026-02-12,10:42,finalisation,passe_autre_activite
OBS,401,Robin,Noah,,,,2026-02-12,10:44,ressources,sollicite_immediat
SESSION,401,demo_401_202602191000,1771491600000,1771494900000
OBS,401,Bertrand,Eliott,,,,2026-02-19,10:32,tutorat,explique_camarade
OBS,401,Bertrand,Eliott,,,,2026-02-19,10:34,participation,repond_si_insiste
OBS,401,Bertrand,Eliott,,,,2026-02-19,10:36,difficulte,copie_correction
OBS,401,Bertrand,Eliott,,,,2026-02-19,10:38,entree,ne_demarre_pas
OBS,401,Laurent,Chloe,,,,2026-02-19,10:38,tutorat,aide_si_sollicite
OBS,401,Laurent,Chloe,,,,2026-02-19,10:40,participation,repond_si_sollicite
OBS,401,Laurent,Chloe,,,,2026-02-19,10:42,attention,concentre
OBS,401,Laurent,Chloe,,,,2026-02-19,10:44,ressources,sollicite_immediat
OBS,401,Laurent,Chloe,,,,2026-02-19,10:46,finalisation,activite_incomplete
OBS,401,Robin,Noah,,,,2026-02-19,10:23,tutorat,donne_reponse_directe
OBS,401,Robin,Noah,,,,2026-02-19,10:25,participation,repond_si_insiste
OBS,401,Robin,Noah,,,,2026-02-19,10:27,attention,distrait_momentanement
OBS,401,Robin,Noah,,,,2026-02-19,10:29,difficulte,utilise_document_d
OBS,401,Mercier,Zoe,,,,2026-02-19,10:37,tutorat,donne_reponse_directe
OBS,401,Mercier,Zoe,,,,2026-02-19,10:39,participation,repond_si_insiste
OBS,401,Mercier,Zoe,,,,2026-02-19,10:41,ressources,echange_camarade
OBS,401,Mercier,Zoe,,,,2026-02-19,10:43,entree,demarre_relance
OBS,401,Mercier,Zoe,,,,2026-02-19,10:45,difficulte,observe_camarade
SESSION,401,demo_401_202602251000,1772010000000,1772013300000
OBS,401,Barbier,Adam,,,,2026-02-25,10:16,tutorat,donne_reponse_directe
OBS,401,Barbier,Adam,,,,2026-02-25,10:18,participation,ne_participe_pas
OBS,401,Barbier,Adam,,,,2026-02-25,10:20,ressources,attend_professeur
OBS,401,Barbier,Adam,,,,2026-02-25,10:22,finalisation,recopie_correction
OBS,401,Laurent,Chloe,,,,2026-02-25,10:37,tutorat,aide_si_sollicite
OBS,401,Laurent,Chloe,,,,2026-02-25,10:39,participation,repond_si_sollicite
OBS,401,Laurent,Chloe,,,,2026-02-25,10:41,ressources,attend_professeur
OBS,401,Laurent,Chloe,,,,2026-02-25,10:43,difficulte,observe_camarade
OBS,401,Fontanel,Lucas,,,,2026-02-25,10:13,tutorat,explique_camarade
OBS,401,Fontanel,Lucas,,,,2026-02-25,10:15,participation,participe_spontanement
OBS,401,Fontanel,Lucas,,,,2026-02-25,10:17,attention,concentre
OBS,401,Fontanel,Lucas,,,,2026-02-25,10:19,ressources,sollicite_apres_cherche
OBS,401,Fontanel,Lucas,,,,2026-02-25,10:21,finalisation,verifie_travail
OBS,401,Robin,Noah,,,,2026-02-25,10:36,tutorat,donne_reponse_directe
OBS,401,Robin,Noah,,,,2026-02-25,10:38,participation,repond_si_insiste
OBS,401,Robin,Noah,,,,2026-02-25,10:40,attention,bavarde_travail
OBS,401,Robin,Noah,,,,2026-02-25,10:42,ressources,attend_professeur
OBS,401,Mercier,Zoe,,,,2026-02-25,10:23,tutorat,donne_reponse_directe
OBS,401,Mercier,Zoe,,,,2026-02-25,10:25,participation,repond_si_insiste
OBS,401,Mercier,Zoe,,,,2026-02-25,10:27,entree,attend_sans_commencer
OBS,401,Mercier,Zoe,,,,2026-02-25,10:29,finalisation,activite_incomplete
SESSION,401,demo_401_202603031000,1772528400000,1772531700000
OBS,401,Bertrand,Eliott,,,,2026-03-03,10:38,tutorat,donne_reponse_directe
OBS,401,Bertrand,Eliott,,,,2026-03-03,10:40,participation,repond_si_sollicite
OBS,401,Bertrand,Eliott,,,,2026-03-03,10:42,entree,ne_demarre_pas
OBS,401,Bertrand,Eliott,,,,2026-03-03,10:44,finalisation,activite_incomplete
OBS,401,Laurent,Chloe,,,,2026-03-03,10:21,tutorat,aide_si_sollicite
OBS,401,Laurent,Chloe,,,,2026-03-03,10:23,participation,participe_spontanement
OBS,401,Laurent,Chloe,,,,2026-03-03,10:25,finalisation,corrige_erreur
OBS,401,Laurent,Chloe,,,,2026-03-03,10:27,ressources,sollicite_apres_cherche
OBS,401,Laurent,Chloe,,,,2026-03-03,10:29,attention,concentre
OBS,401,Fontanel,Lucas,,,,2026-03-03,10:14,tutorat,explique_camarade
OBS,401,Fontanel,Lucas,,,,2026-03-03,10:16,participation,participe_spontanement
OBS,401,Fontanel,Lucas,,,,2026-03-03,10:18,ressources,utilise_document_r
OBS,401,Fontanel,Lucas,,,,2026-03-03,10:20,finalisation,activite_terminee
OBS,401,Fontanel,Lucas,,,,2026-03-03,10:22,difficulte,demande_aide_pertinente
OBS,401,Bernard,Camille,,,,2026-03-03,10:27,tutorat,donne_reponse_directe
OBS,401,Bernard,Camille,,,,2026-03-03,10:29,participation,repond_si_sollicite
OBS,401,Bernard,Camille,,,,2026-03-03,10:31,entree,demarre_relance
OBS,401,Bernard,Camille,,,,2026-03-03,10:33,ressources,utilise_aides_activite
OBS,401,Robin,Noah,,,,2026-03-03,10:06,tutorat,aide_si_sollicite
OBS,401,Robin,Noah,,,,2026-03-03,10:08,participation,repond_si_sollicite
OBS,401,Robin,Noah,,,,2026-03-03,10:10,entree,demarre_relance
OBS,401,Robin,Noah,,,,2026-03-03,10:12,ressources,utilise_document_r
OBS,401,Mercier,Zoe,,,,2026-03-03,10:11,tutorat,donne_reponse_directe
OBS,401,Mercier,Zoe,,,,2026-03-03,10:13,participation,repond_si_sollicite
OBS,401,Mercier,Zoe,,,,2026-03-03,10:15,finalisation,activite_incomplete
OBS,401,Mercier,Zoe,,,,2026-03-03,10:17,attention,bavarde_travail
SESSION,401,demo_401_202603101000,1773133200000,1773136500000
OBS,401,Barbier,Adam,,,,2026-03-10,10:15,tutorat,refuse_aider
OBS,401,Barbier,Adam,,,,2026-03-10,10:17,participation,repond_si_sollicite
OBS,401,Barbier,Adam,,,,2026-03-10,10:19,attention,distrait_momentanement
OBS,401,Fontanel,Lucas,,,,2026-03-10,10:13,tutorat,explique_camarade
OBS,401,Fontanel,Lucas,,,,2026-03-10,10:15,participation,participe_spontanement
OBS,401,Fontanel,Lucas,,,,2026-03-10,10:17,difficulte,demande_aide_pertinente
OBS,401,Fontanel,Lucas,,,,2026-03-10,10:19,finalisation,verifie_travail
OBS,401,Robin,Noah,,,,2026-03-10,10:10,tutorat,donne_reponse_directe
OBS,401,Robin,Noah,,,,2026-03-10,10:12,participation,repond_si_sollicite
OBS,401,Robin,Noah,,,,2026-03-10,10:14,attention,bavarde_travail
OBS,401,Robin,Noah,,,,2026-03-10,10:16,finalisation,passe_autre_activite
OBS,401,Robin,Noah,,,,2026-03-10,10:18,entree,attend_sans_commencer
SESSION,401,demo_401_202603161000,1773651600000,1773654900000
OBS,401,Laurent,Chloe,,,,2026-03-16,10:09,tutorat,donne_reponse_directe
OBS,401,Laurent,Chloe,,,,2026-03-16,10:11,participation,repond_si_sollicite
OBS,401,Laurent,Chloe,,,,2026-03-16,10:13,finalisation,activite_incomplete
OBS,401,Laurent,Chloe,,,,2026-03-16,10:15,attention,distrait_momentanement
OBS,401,Laurent,Chloe,,,,2026-03-16,10:17,entree,demarre_relance
OBS,401,Fontanel,Lucas,,,,2026-03-16,10:41,tutorat,explique_camarade
OBS,401,Fontanel,Lucas,,,,2026-03-16,10:43,participation,participe_spontanement
OBS,401,Fontanel,Lucas,,,,2026-03-16,10:45,entree,demarre_relance
OBS,401,Fontanel,Lucas,,,,2026-03-16,10:47,attention,reconcentre_seul
OBS,401,Fontanel,Lucas,,,,2026-03-16,10:49,ressources,sollicite_apres_cherche
OBS,401,David,Nora,,,,2026-03-16,10:18,tutorat,refuse_aider
OBS,401,David,Nora,,,,2026-03-16,10:20,participation,ne_participe_pas
OBS,401,David,Nora,,,,2026-03-16,10:22,attention,distrait_momentanement
OBS,401,David,Nora,,,,2026-03-16,10:24,ressources,attend_correction
OBS,401,Robin,Noah,,,,2026-03-16,10:14,tutorat,aide_si_sollicite
OBS,401,Robin,Noah,,,,2026-03-16,10:16,participation,repond_si_sollicite
OBS,401,Robin,Noah,,,,2026-03-16,10:18,difficulte,attend_d
OBS,401,Robin,Noah,,,,2026-03-16,10:20,ressources,attend_professeur
ABSENCE,301,demo_301_202509240900,Morel,Jade
ABSENCE,301,demo_301_202510130900,Fontaine,Eliott
ABSENCE,301,demo_301_202511070900,Simon,Milo
ABSENCE,301,demo_301_202511190900,Michel,Gabriel
ABSENCE,301,demo_301_202512180900,Morel,Jade
ABSENCE,301,demo_301_202512180900,Sanchez,Adam
ABSENCE,301,demo_301_202601080900,Morel,Jade
ABSENCE,301,demo_301_202602020900,Michel,Gabriel
ABSENCE,301,demo_301_202602020900,Morel,Jade
ABSENCE,301,demo_301_202602120900,Robert,Axel
ABSENCE,301,demo_301_202603160900,Morel,Jade
ABSENCE,401,demo_401_202509081000,Barbier,Adam
ABSENCE,401,demo_401_202509121000,Fontanel,Lucas
ABSENCE,401,demo_401_202509181000,Mercier,Zoe
ABSENCE,401,demo_401_202511131000,Bertrand,Eliott
ABSENCE,401,demo_401_202511251000,Mercier,Zoe
ABSENCE,401,demo_401_202512021000,Bertrand,Eliott
ABSENCE,401,demo_401_202512081000,Laurent,Chloe
ABSENCE,401,demo_401_202512081000,Bernard,Camille
ABSENCE,401,demo_401_202601081000,Fontanel,Lucas
ABSENCE,401,demo_401_202602121000,Bertrand,Eliott
ABSENCE,401,demo_401_202602191000,Fontanel,Lucas
OBJECTIF,301,Michel,Gabriel,100,100,100,100,100,100,100
OBJECTIF,301,Meunier,Lucie,75,25,50,50,75,50,50
OBJECTIF,301,Robert,Axel,50,50,50,75,50,75,50
OBJECTIF,301,Denis,Nathan,50,25,25,25,25,50,50
OBJECTIF,301,Morel,Jade,100,100,100,100,75,100,100
OBJECTIF,301,Sanchez,Adam,75,100,50,75,50,100,100
OBJECTIF,301,Fontaine,Eliott,100,75,100,100,100,75,100
OBJECTIF,301,Simon,Milo,100,100,100,100,75,100,100
OBJECTIF,401,Bertrand,Eliott,75,50,50,50,25,50,25
OBJECTIF,401,Barbier,Adam,75,50,50,25,75,50,75
OBJECTIF,401,Laurent,Chloe,75,75,75,75,100,50,50
OBJECTIF,401,Fontanel,Lucas,100,75,75,75,100,75,100
OBJECTIF,401,David,Nora,50,75,50,50,75,50,100
OBJECTIF,401,Bernard,Camille,100,50,75,75,50,75,75
OBJECTIF,401,Robin,Noah,100,100,100,100,75,75,75
OBJECTIF,401,Mercier,Zoe,50,50,25,50,50,50,50
