type,classe,nom,prenom,naissance,sexe,statut,date,heure,categorie,fait
META,2025/2026,semestre,2025-09-01,2026-01-31,2026-02-01,2026-08-31,,
ELEVE,501,Denis,Rayan,18/12/2012,Masculin,actif,,,,
ELEVE,501,Rousseau,Ines,21/01/2012,Feminin,actif,,,,
ELEVE,501,Andre,Elsa,03/09/2010,Feminin,actif,,,,
ELEVE,501,Dubois,Lea,05/03/2010,Feminin,actif,,,,
ELEVE,501,Fontaine,Mohamed,01/02/2011,Masculin,actif,,,,
ELEVE,501,Richard,Sofia,28/05/2012,Feminin,actif,,,,
ELEVE,502,Petit,Camille,28/12/2011,Feminin,actif,,,,
ELEVE,502,Simon,Liam,23/03/2012,Masculin,actif,,,,
ELEVE,502,Meunier,Mohamed,26/12/2011,Masculin,actif,,,,
ELEVE,502,Lambert,Enzo,15/03/2010,Masculin,actif,,,,
ELEVE,502,Vincent,Enzo,01/08/2010,Masculin,actif,,,,
ELEVE,502,Robert,Simon,20/06/2010,Masculin,actif,,,,
ELEVE,502,Robin,Liam,24/08/2011,Masculin,actif,,,,
ELEVE,502,Renard,Lola,26/07/2012,Feminin,actif,,,,
ELEVE,503,Aubert,Julia,14/04/2011,Feminin,actif,,,,
ELEVE,503,Marchand,Lea,12/08/2012,Feminin,actif,,,,
ELEVE,503,David,Chloe,09/02/2010,Feminin,actif,,,,
ELEVE,503,Barbier,Zoe,17/08/2011,Feminin,actif,,,,
ELEVE,503,Dupont,Hugo,01/02/2012,Masculin,actif,,,,
ELEVE,503,Bertrand,Malo,09/09/2010,Masculin,actif,,,,
ELEVE,503,Faure,Iris,22/09/2012,Feminin,actif,,,,
ELEVE,503,Moreau,Eliott,26/01/2011,Masculin,actif,,,,
ELEVE,503,Lemoine,Agathe,25/06/2011,Feminin,actif,,,,
SESSION,501,demo_501_202509080900,1757314800000,1757318100000
OBS,501,Andre,Elsa,,,,2025-09-08,09:17,tutorat,explique_camarade
OBS,501,Andre,Elsa,,,,2025-09-08,09:19,participation,participe_spontanement
OBS,501,Andre,Elsa,,,,2025-09-08,09:21,finalisation,corrige_erreur
OBS,501,Andre,Elsa,,,,2025-09-08,09:23,ressources,utilise_aides_activite
OBS,501,Andre,Elsa,,,,2025-09-08,09:25,entree,demarre_relance
OBS,501,Fontaine,Mohamed,,,,2025-09-08,09:33,tutorat,refuse_aider
OBS,501,Fontaine,Mohamed,,,,2025-09-08,09:35,participation,ne_participe_pas
OBS,501,Fontaine,Mohamed,,,,2025-09-08,09:37,difficulte,observe_camarade
OBS,501,Fontaine,Mohamed,,,,2025-09-08,09:39,entree,attend_sans_commencer
OBS,501,Richard,Sofia,,,,2025-09-08,09:40,tutorat,refuse_aider
OBS,501,Richard,Sofia,,,,2025-09-08,09:42,participation,repond_si_insiste
OBS,501,Richard,Sofia,,,,2025-09-08,09:44,attention,perturbe_camarade
OBS,501,Richard,Sofia,,,,2025-09-08,09:46,entree,attend_sans_commencer
OBS,501,Richard,Sofia,,,,2025-09-08,09:48,finalisation,activite_incomplete
SESSION,501,demo_501_202509110900,1757574000000,1757577300000
OBS,501,Denis,Rayan,,,,2025-09-11,09:25,tutorat,aide_si_sollicite
OBS,501,Denis,Rayan,,,,2025-09-11,09:27,participation,repond_si_sollicite
OBS,501,Denis,Rayan,,,,2025-09-11,09:29,entree,demarre_relance
OBS,501,Denis,Rayan,,,,2025-09-11,09:31,difficulte,observe_camarade
OBS,501,Denis,Rayan,,,,2025-09-11,09:33,finalisation,activite_incomplete
OBS,501,Rousseau,Ines,,,,2025-09-11,09:47,tutorat,donne_reponse_directe
OBS,501,Rousseau,Ines,,,,2025-09-11,09:49,participation,repond_si_insiste
OBS,501,Rousseau,Ines,,,,2025-09-11,09:51,difficulte,attend_d
OBS,501,Rousseau,Ines,,,,2025-09-11,09:53,attention,bavarde_travail
OBS,501,Rousseau,Ines,,,,2025-09-11,09:53,entree,attend_sans_commencer
OBS,501,Andre,Elsa,,,,2025-09-11,09:02,tutorat,explique_camarade
OBS,501,Andre,Elsa,,,,2025-09-11,09:04,participation,repond_si_sollicite
OBS,501,Andre,Elsa,,,,2025-09-11,09:06,entree,demarre_immediat
OBS,501,Andre,Elsa,,,,2025-09-11,09:08,attention,concentre
OBS,501,Andre,Elsa,,,,2025-09-11,09:10,finalisation,corrige_erreur
OBS,501,Dubois,Lea,,,,2025-09-11,09:30,tutorat,aide_si_sollicite
OBS,501,Dubois,Lea,,,,2025-09-11,09:32,participation,repond_si_insiste
OBS,501,Dubois,Lea,,,,2025-09-11,09:34,ressources,sollicite_apres_cherche
OBS,501,Dubois,Lea,,,,2025-09-11,09:36,difficulte,observe_camarade
OBS,501,Dubois,Lea,,,,2025-09-11,09:38,attention,distrait_momentanement
OBS,501,Richard,Sofia,,,,2025-09-11,09:09,tutorat,refuse_aider
OBS,501,Richard,Sofia,,,,2025-09-11,09:11,participation,ne_participe_pas
OBS,501,Richard,Sofia,,,,2025-09-11,09:13,finalisation,recopie_correction
OBS,501,Richard,Sofia,,,,2025-09-11,09:15,attention,revasse
OBS,501,Richard,Sofia,,,,2025-09-11,09:17,ressources,attend_correction
SESSION,501,demo_501_202509160900,1758006000000,1758009300000
OBS,501,Denis,Rayan,,,,2025-09-16,09:13,tutorat,aide_si_sollicite
OBS,501,Denis,Rayan,,,,2025-09-16,09:15,participation,repond_si_sollicite
OBS,501,Denis,Rayan,,,,2025-09-16,09:17,ressources,sollicite_immediat
OBS,501,Denis,Rayan,,,,2025-09-16,09:19,difficulte,attend_d
OBS,501,Denis,Rayan,,,,2025-09-16,09:21,attention,bavarde_travail
OBS,501,Rousseau,Ines,,,,2025-09-16,09:13,tutorat,donne_reponse_directe
OBS,501,Rousseau,Ines,,,,2025-09-16,09:15,participation,repond_si_insiste
OBS,501,Rousseau,Ines,,,,2025-09-16,09:17,entree,attend_sans_commencer
OBS,501,Rousseau,Ines,,,,2025-09-16,09:19,finalisation,activite_incomplete
OBS,501,Andre,Elsa,,,,2025-09-16,09:31,tutorat,explique_camarade
OBS,501,Andre,Elsa,,,,2025-09-16,09:33,participation,participe_spontanement
OBS,501,Andre,Elsa,,,,2025-09-16,09:35,difficulte,cherche_seul
OBS,501,Andre,Elsa,,,,2025-09-16,09:37,entree,demarre_immediat
OBS,501,Dubois,Lea,,,,2025-09-16,09:09,tutorat,aide_si_sollicite
OBS,501,Dubois,Lea,,,,2025-09-16,09:11,participation,repond_si_insiste
OBS,501,Dubois,Lea,,,,2025-09-16,09:13,ressources,attend_professeur
OBS,501,Dubois,Lea,,,,2025-09-16,09:15,finalisation,activite_incomplete
OBS,501,Fontaine,Mohamed,,,,2025-09-16,09:33,tutorat,refuse_aider
OBS,501,Fontaine,Mohamed,,,,2025-09-16,09:35,participation,ne_participe_pas
OBS,501,Fontaine,Mohamed,,,,2025-09-16,09:37,difficulte,copie_camarade
OBS,501,Fontaine,Mohamed,,,,2025-09-16,09:39,attention,perturbe_camarade
OBS,501,Fontaine,Mohamed,,,,2025-09-16,09:41,finalisation,recopie_correction
OBS,501,Richard,Sofia,,,,2025-09-16,09:35,tutorat,refuse_aider
OBS,501,Richard,Sofia,,,,2025-09-16,09:37,participation,ne_participe_pas
OBS,501,Richard,Sofia,,,,2025-09-16,09:39,ressources,attend_correction
OBS,501,Richard,Sofia,,,,2025-09-16,09:41,entree,ne_demarre_pas
OBS,501,Richard,Sofia,,,,2025-09-16,09:43,finalisation,recopie_correction
SESSION,501,demo_501_202509220900,1758524400000,1758527700000
OBS,501,Denis,Rayan,,,,2025-09-22,09:34,tutorat,aide_si_sollicite
OBS,501,Denis,Rayan,,,,2025-09-22,09:36,participation,repond_si_insiste
OBS,501,Denis,Rayan,,,,2025-09-22,09:38,difficulte,observe_camarade
OBS,501,Denis,Rayan,,,,2025-09-22,09:40,finalisation,activite_incomplete
OBS,501,Rousseau,Ines,,,,2025-09-22,09:45,tutorat,explique_camarade
OBS,501,Rousseau,Ines,,,,2025-09-22,09:47,participation,repond_si_sollicite
OBS,501,Rousseau,Ines,,,,2025-09-22,09:49,finalisation,corrige_erreur
OBS,501,Rousseau,Ines,,,,2025-09-22,09:51,ressources,echange_camarade
OBS,501,Andre,Elsa,,,,2025-09-22,09:39,tutorat,explique_camarade
OBS,501,Andre,Elsa,,,,2025-09-22,09:41,participation,participe_spontanement
OBS,501,Andre,Elsa,,,,2025-09-22,09:43,finalisation,verifie_travail
OBS,501,Andre,Elsa,,,,2025-09-22,09:45,ressources,sollicite_apres_cherche
OBS,501,Andre,Elsa,,,,2025-09-22,09:47,entree,demarre_immediat
OBS,501,Dubois,Lea,,,,2025-09-22,09:46,tutorat,aide_si_sollicite
OBS,501,Dubois,Lea,,,,2025-09-22,09:48,participation,repond_si_insiste
OBS,501,Dubois,Lea,,,,2025-09-22,09:50,attention,concentre
OBS,501,Dubois,Lea,,,,2025-09-22,09:52,difficulte,demande_aide_pertinente
OBS,501,Fontaine,Mohamed,,,,2025-09-22,09:27,tutorat,refuse_aider
OBS,501,Fontaine,Mohamed,,,,2025-09-22,09:29,participation,ne_participe_pas
OBS,501,Fontaine,Mohamed,,,,2025-09-22,09:31,finalisation,recopie_correction
OBS,501,Fontaine,Mohamed,,,,2025-09-22,09:33,entree,ne_demarre_pas
OBS,501,Richard,Sofia,,,,2025-09-22,09:30,tutorat,refuse_aider
OBS,501,Richard,Sofia,,,,2025-09-22,09:32,participation,ne_participe_pas
OBS,501,Richard,Sofia,,,,2025-09-22,09:34,entree,attend_sans_commencer
OBS,501,Richard,Sofia,,,,2025-09-22,09:36,attention,distrait_momentanement
OBS,501,Richard,Sofia,,,,2025-09-22,09:38,ressources,attend_correction
SESSION,501,demo_501_202509250900,1758783600000,1758786900000
OBS,501,Denis,Rayan,,,,2025-09-25,09:21,tutorat,aide_si_sollicite
OBS,501,Denis,Rayan,,,,2025-09-25,09:23,participation,repond_si_insiste
OBS,501,Denis,Rayan,,,,2025-09-25,09:25,entree,demarre_relance
OBS,501,Denis,Rayan,,,,2025-09-25,09:27,difficulte,demande_aide_pertinente
OBS,501,Rousseau,Ines,,,,2025-09-25,09:07,tutorat,aide_si_sollicite
OBS,501,Rousseau,Ines,,,,2025-09-25,09:09,participation,repond_si_insiste
OBS,501,Rousseau,Ines,,,,2025-09-25,09:11,entree,attend_sans_commencer
OBS,501,Rousseau,Ines,,,,2025-09-25,09:13,attention,distrait_momentanement
OBS,501,Rousseau,Ines,,,,2025-09-25,09:15,ressources,attend_professeur
OBS,501,Andre,Elsa,,,,2025-09-25,09:03,tutorat,aide_si_sollicite
OBS,501,Andre,Elsa,,,,2025-09-25,09:05,participation,repond_si_sollicite
OBS,501,Andre,Elsa,,,,2025-09-25,09:07,ressources,utilise_document_r
OBS,501,Andre,Elsa,,,,2025-09-25,09:09,finalisation,corrige_erreur
OBS,501,Andre,Elsa,,,,2025-09-25,09:11,difficulte,utilise_coup_de_pouce
OBS,501,Dubois,Lea,,,,2025-09-25,09:08,tutorat,aide_si_sollicite
OBS,501,Dubois,Lea,,,,2025-09-25,09:10,participation,repond_si_insiste
OBS,501,Dubois,Lea,,,,2025-09-25,09:12,entree,demarre_relance
OBS,501,Dubois,Lea,,,,2025-09-25,09:14,difficulte,attend_d
OBS,501,Dubois,Lea,,,,2025-09-25,09:16,attention,distrait_momentanement
OBS,501,Fontaine,Mohamed,,,,2025-09-25,09:33,tutorat,refuse_aider
OBS,501,Fontaine,Mohamed,,,,2025-09-25,09:35,participation,ne_participe_pas
OBS,501,Fontaine,Mohamed,,,,2025-09-25,09:37,finalisation,recopie_correction
OBS,501,Fontaine,Mohamed,,,,2025-09-25,09:39,difficulte,copie_camarade
OBS,501,Fontaine,Mohamed,,,,2025-09-25,09:41,entree,ne_demarre_pas
SESSION,501,demo_501_202510010900,1759302000000,1759305300000
OBS,501,Rousseau,Ines,,,,2025-10-01,09:03,tutorat,aide_si_sollicite
OBS,501,Rousseau,Ines,,,,2025-10-01,09:05,participation,repond_si_sollicite
OBS,501,Rousseau,Ines,,,,2025-10-01,09:07,attention,concentre
OBS,501,Rousseau,Ines,,,,2025-10-01,09:09,entree,demarre_relance
OBS,501,Rousseau,Ines,,,,2025-10-01,09:11,ressources,attend_professeur
OBS,501,Andre,Elsa,,,,2025-10-01,09:39,tutorat,aide_si_sollicite
OBS,501,Andre,Elsa,,,,2025-10-01,09:41,participation,participe_spontanement
OBS,501,Andre,Elsa,,,,2025-10-01,09:43,difficulte,utilise_coup_de_pouce
OBS,501,Andre,Elsa,,,,2025-10-01,09:45,ressources,utilise_aides_activite
OBS,501,Dubois,Lea,,,,2025-10-01,09:47,tutorat,aide_si_sollicite
OBS,501,Dubois,Lea,,,,2025-10-01,09:49,participation,repond_si_sollicite
OBS,501,Dubois,Lea,,,,2025-10-01,09:51,ressources,echange_camarade
OBS,501,Dubois,Lea,,,,2025-10-01,09:53,entree,demarre_relance
OBS,501,Fontaine,Mohamed,,,,2025-10-01,09:31,tutorat,refuse_aider
OBS,501,Fontaine,Mohamed,,,,2025-10-01,09:33,participation,ne_participe_pas
OBS,501,Fontaine,Mohamed,,,,2025-10-01,09:35,finalisation,recopie_correction
OBS,501,Fontaine,Mohamed,,,,2025-10-01,09:37,entree,ne_demarre_pas
OBS,501,Fontaine,Mohamed,,,,2025-10-01,09:39,attention,perturbe_camarade
SESSION,501,demo_501_202510060900,1759734000000,1759737300000
OBS,501,Denis,Rayan,,,,2025-10-06,09:23,tutorat,explique_camarade
OBS,501,Denis,Rayan,,,,2025-10-06,09:25,participation,repond_si_sollicite
OBS,501,Denis,Rayan,,,,2025-10-06,09:27,ressources,sollicite_immediat
OBS,501,Denis,Rayan,,,,2025-10-06,09:29,difficulte,utilise_document_d
OBS,501,Rousseau,Ines,,,,2025-10-06,09:26,tutorat,refuse_aider
OBS,501,Rousseau,Ines,,,,2025-10-06,09:28,participation,repond_si_insiste
OBS,501,Rousseau,Ines,,,,2025-10-06,09:30,finalisation,passe_autre_activite
OBS,501,Rousseau,Ines,,,,2025-10-06,09:32,attention,bavarde_travail
OBS,501,Rousseau,Ines,,,,2025-10-06,09:34,entree,attend_sans_commencer
OBS,501,Andre,Elsa,,,,2025-10-06,09:25,tutorat,aide_si_sollicite
OBS,501,Andre,Elsa,,,,2025-10-06,09:27,participation,repond_si_sollicite
OBS,501,Andre,Elsa,,,,2025-10-06,09:29,entree,demarre_relance
OBS,501,Andre,Elsa,,,,2025-10-06,09:31,finalisation,corrige_erreur
OBS,501,Andre,Elsa,,,,2025-10-06,09:33,difficulte,utilise_coup_de_pouce
OBS,501,Dubois,Lea,,,,2025-10-06,09:35,tutorat,donne_reponse_directe
OBS,501,Dubois,Lea,,,,2025-10-06,09:37,participation,repond_si_insiste
OBS,501,Dubois,Lea,,,,2025-10-06,09:39,difficulte,observe_camarade
OBS,501,Dubois,Lea,,,,2025-10-06,09:41,finalisation,passe_autre_activite
OBS,501,Fontaine,Mohamed,,,,2025-10-06,09:03,tutorat,aide_si_sollicite
OBS,501,Fontaine,Mohamed,,,,2025-10-06,09:05,participation,repond_si_insiste
OBS,501,Fontaine,Mohamed,,,,2025-10-06,09:07,difficulte,attend_d
OBS,501,Fontaine,Mohamed,,,,2025-10-06,09:09,ressources,sollicite_immediat
OBS,501,Fontaine,Mohamed,,,,2025-10-06,09:11,entree,attend_sans_commencer
SESSION,501,demo_501_202510090900,1759993200000,1759996500000
OBS,501,Rousseau,Ines,,,,2025-10-09,09:32,tutorat,aide_si_sollicite
OBS,501,Rousseau,Ines,,,,2025-10-09,09:34,participation,repond_si_sollicite
OBS,501,Rousseau,Ines,,,,2025-10-09,09:36,difficulte,observe_camarade
OBS,501,Rousseau,Ines,,,,2025-10-09,09:38,attention,reconcentre_seul
OBS,501,Andre,Elsa,,,,2025-10-09,09:19,tutorat,aide_si_sollicite
OBS,501,Andre,Elsa,,,,2025-10-09,09:21,participation,repond_si_sollicite
OBS,501,Andre,Elsa,,,,2025-10-09,09:23,attention,concentre
OBS,501,Andre,Elsa,,,,2025-10-09,09:25,finalisation,verifie_travail
OBS,501,Fontaine,Mohamed,,,,2025-10-09,09:48,tutorat,donne_reponse_directe
OBS,501,Fontaine,Mohamed,,,,2025-10-09,09:50,participation,repond_si_insiste
OBS,501,Fontaine,Mohamed,,,,2025-10-09,09:52,finalisation,activite_incomplete
OBS,501,Fontaine,Mohamed,,,,2025-10-09,09:53,ressources,attend_professeur
OBS,501,Richard,Sofia,,,,2025-10-09,09:05,tutorat,refuse_aider
OBS,501,Richard,Sofia,,,,2025-10-09,09:07,participation,ne_participe_pas
OBS,501,Richard,Sofia,,,,2025-10-09,09:09,finalisation,recopie_correction
OBS,501,Richard,Sofia,,,,2025-10-09,09:11,entree,ne_demarre_pas
OBS,501,Richard,Sofia,,,,2025-10-09,09:13,difficulte,copie_correction
SESSION,501,demo_501_202510150900,1760511600000,1760514900000
OBS,501,Denis,Rayan,,,,2025-10-15,09:31,tutorat,explique_camarade
OBS,501,Denis,Rayan,,,,2025-10-15,09:33,participation,repond_si_sollicite
OBS,501,Denis,Rayan,,,,2025-10-15,09:35,entree,demarre_relance
OBS,501,Denis,Rayan,,,,2025-10-15,09:37,difficulte,cherche_seul
OBS,501,Andre,Elsa,,,,2025-10-15,09:04,tutorat,aide_si_sollicite
OBS,501,Andre,Elsa,,,,2025-10-15,09:06,participation,participe_spontanement
OBS,501,Andre,Elsa,,,,2025-10-15,09:08,difficulte,utilise_coup_de_pouce
OBS,501,Andre,Elsa,,,,2025-10-15,09:10,attention,concentre
OBS,501,Dubois,Lea,,,,2025-10-15,09:48,tutorat,aide_si_sollicite
OBS,501,Dubois,Lea,,,,2025-10-15,09:50,participation,participe_spontanement
OBS,501,Dubois,Lea,,,,2025-10-15,09:52,ressources,echange_camarade
OBS,501,Dubois,Lea,,,,2025-10-15,09:53,attention,bavarde_travail
OBS,501,Richard,Sofia,,,,2025-10-15,09:36,tutorat,donne_reponse_directe
OBS,501,Richard,Sofia,,,,2025-10-15,09:38,participation,ne_participe_pas
OBS,501,Richard,Sofia,,,,2025-10-15,09:40,attention,distrait_momentanement
OBS,501,Richard,Sofia,,,,2025-10-15,09:42,entree,attend_sans_commencer
SESSION,501,demo_501_202511030900,1762156800000,1762160100000
OBS,501,Denis,Rayan,,,,2025-11-03,09:47,tutorat,aide_si_sollicite
OBS,501,Denis,Rayan,,,,2025-11-03,09:49,participation,repond_si_insiste
OBS,501,Denis,Rayan,,,,2025-11-03,09:51,difficulte,utilise_coup_de_pouce
OBS,501,Denis,Rayan,,,,2025-11-03,09:53,attention,bavarde_travail
OBS,501,Denis,Rayan,,,,2025-11-03,09:53,entree,demarre_relance
OBS,501,Andre,Elsa,,,,2025-11-03,09:02,tutorat,explique_camarade
OBS,501,Andre,Elsa,,,,2025-11-03,09:04,participation,participe_spontanement
OBS,501,Andre,Elsa,,,,2025-11-03,09:06,attention,reconcentre_seul
OBS,501,Andre,Elsa,,,,2025-11-03,09:08,difficulte,demande_aide_pertinente
OBS,501,Andre,Elsa,,,,2025-11-03,09:10,finalisation,verifie_travail
OBS,501,Dubois,Lea,,,,2025-11-03,09:40,tutorat,aide_si_sollicite
OBS,501,Dubois,Lea,,,,2025-11-03,09:42,participation,repond_si_sollicite
OBS,501,Dubois,Lea,,,,2025-11-03,09:44,ressources,echange_camarade
OBS,501,Dubois,Lea,,,,2025-11-03,09:46,difficulte,utilise_document_d
OBS,501,Dubois,Lea,,,,2025-11-03,09:48,entree,demarre_relance
OBS,501,Fontaine,Mohamed,,,,2025-11-03,09:32,tutorat,donne_reponse_directe
OBS,501,Fontaine,Mohamed,,,,2025-11-03,09:34,participation,repond_si_insiste
OBS,501,Fontaine,Mohamed,,,,2025-11-03,09:36,finalisation,activite_incomplete
OBS,501,Fontaine,Mohamed,,,,2025-11-03,09:38,entree,attend_sans_commencer
OBS,501,Fontaine,Mohamed,,,,2025-11-03,09:40,ressources,attend_professeur
OBS,501,Richard,Sofia,,,,2025-11-03,09:13,tutorat,donne_reponse_directe
OBS,501,Richard,Sofia,,,,2025-11-03,09:15,participation,ne_participe_pas
OBS,501,Richard,Sofia,,,,2025-11-03,09:17,attention,perturbe_camarade
OBS,501,Richard,Sofia,,,,2025-11-03,09:19,ressources,attend_correction
SESSION,501,demo_501_202511070900,1762502400000,1762505700000
OBS,501,Denis,Rayan,,,,2025-11-07,09:38,tutorat,explique_camarade
OBS,501,Denis,Rayan,,,,2025-11-07,09:40,participation,repond_si_insiste
OBS,501,Denis,Rayan,,,,2025-11-07,09:42,entree,demarre_relance
OBS,501,Denis,Rayan,,,,2025-11-07,09:44,finalisation,activite_terminee
OBS,501,Denis,Rayan,,,,2025-11-07,09:46,attention,distrait_momentanement
OBS,501,Rousseau,Ines,,,,2025-11-07,09:47,tutorat,aide_si_sollicite
OBS,501,Rousseau,Ines,,,,2025-11-07,09:49,participation,repond_si_sollicite
OBS,501,Rousseau,Ines,,,,2025-11-07,09:51,entree,attend_sans_commencer
OBS,501,Rousseau,Ines,,,,2025-11-07,09:53,attention,bavarde_travail
OBS,501,Rousseau,Ines,,,,2025-11-07,09:53,difficulte,attend_d
OBS,501,Andre,Elsa,,,,2025-11-07,09:14,tutorat,aide_si_sollicite
OBS,501,Andre,Elsa,,,,2025-11-07,09:16,participation,repond_si_sollicite
OBS,501,Andre,Elsa,,,,2025-11-07,09:18,attention,distrait_momentanement
OBS,501,Andre,Elsa,,,,2025-11-07,09:20,entree,demarre_relance
OBS,501,Dubois,Lea,,,,2025-11-07,09:07,tutorat,aide_si_sollicite
OBS,501,Dubois,Lea,,,,2025-11-07,09:09,participation,repond_si_sollicite
OBS,501,Dubois,Lea,,,,2025-11-07,09:11,difficulte,attend_d
OBS,501,Dubois,Lea,,,,2025-11-07,09:13,ressources,utilise_aides_activite
OBS,501,Dubois,Lea,,,,2025-11-07,09:15,attention,distrait_momentanement
OBS,501,Fontaine,Mohamed,,,,2025-11-07,09:10,tutorat,donne_reponse_directe
OBS,501,Fontaine,Mohamed,,,,2025-11-07,09:12,participation,repond_si_insiste
OBS,501,Fontaine,Mohamed,,,,2025-11-07,09:14,ressources,attend_correction
OBS,501,Fontaine,Mohamed,,,,2025-11-07,09:16,attention,distrait_momentanement
OBS,501,Richard,Sofia,,,,2025-11-07,09:06,tutorat,refuse_aider
OBS,501,Richard,Sofia,,,,2025-11-07,09:08,participation,ne_participe_pas
OBS,501,Richard,Sofia,,,,2025-11-07,09:10,entree,ne_demarre_pas
OBS,501,Richard,Sofia,,,,2025-11-07,09:12,finalisation,activite_incomplete
OBS,501,Richard,Sofia,,,,2025-11-07,09:14,ressources,attend_correction
SESSION,501,demo_501_202511120900,1762934400000,1762937700000
OBS,501,Andre,Elsa,,,,2025-11-12,09:36,tutorat,explique_camarade
OBS,501,Andre,Elsa,,,,2025-11-12,09:38,participation,participe_spontanement
OBS,501,Andre,Elsa,,,,2025-11-12,09:40,attention,concentre
OBS,501,Andre,Elsa,,,,2025-11-12,09:42,entree,demarre_immediat
OBS,501,Andre,Elsa,,,,2025-11-12,09:44,finalisation,verifie_travail
OBS,501,Fontaine,Mohamed,,,,2025-11-12,09:07,tutorat,donne_reponse_directe
OBS,501,Fontaine,Mohamed,,,,2025-11-12,09:09,participation,ne_participe_pas
OBS,501,Fontaine,Mohamed,,,,2025-11-12,09:11,ressources,attend_correction
OBS,501,Fontaine,Mohamed,,,,2025-11-12,09:13,entree,attend_sans_commencer
OBS,501,Richard,Sofia,,,,2025-11-12,09:06,tutorat,refuse_aider
OBS,501,Richard,Sofia,,,,2025-11-12,09:08,participation,ne_participe_pas
OBS,501,Richard,Sofia,,,,2025-11-12,09:10,entree,ne_demarre_pas
OBS,501,Richard,Sofia,,,,2025-11-12,09:12,attention,distrait_momentanement
OBS,501,Richard,Sofia,,,,2025-11-12,09:14,ressources,attend_correction
SESSION,501,demo_501_202511170900,1763366400000,1763369700000
OBS,501,Rousseau,Ines,,,,2025-11-17,09:47,tutorat,aide_si_sollicite
OBS,501,Rousseau,Ines,,,,2025-11-17,09:49,participation,repond_si_sollicite
OBS,501,Rousseau,Ines,,,,2025-11-17,09:51,finalisation,activite_incomplete
OBS,501,Rousseau,Ines,,,,2025-11-17,09:53,difficulte,attend_d
OBS,501,Andre,Elsa,,,,2025-11-17,09:24,tutorat,explique_camarade
OBS,501,Andre,Elsa,,,,2025-11-17,09:26,participation,participe_spontanement
OBS,501,Andre,Elsa,,,,2025-11-17,09:28,ressources,utilise_document_r
OBS,501,Andre,Elsa,,,,2025-11-17,09:30,entree,demarre_immediat
OBS,501,Dubois,Lea,,,,2025-11-17,09:22,tutorat,aide_si_sollicite
OBS,501,Dubois,Lea,,,,2025-11-17,09:24,participation,repond_si_sollicite
OBS,501,Dubois,Lea,,,,2025-11-17,09:26,difficulte,attend_d
OBS,501,Dubois,Lea,,,,2025-11-17,09:28,ressources,attend_professeur
OBS,501,Dubois,Lea,,,,2025-11-17,09:30,entree,demarre_relance
OBS,501,Fontaine,Mohamed,,,,2025-11-17,09:39,tutorat,donne_reponse_directe
OBS,501,Fontaine,Mohamed,,,,2025-11-17,09:41,participation,repond_si_insiste
OBS,501,Fontaine,Mohamed,,,,2025-11-17,09:43,entree,attend_sans_commencer
OBS,501,Fontaine,Mohamed,,,,2025-11-17,09:45,difficulte,attend_d
OBS,501,Fontaine,Mohamed,,,,2025-11-17,09:47,attention,bavarde_travail
OBS,501,Richard,Sofia,,,,2025-11-17,09:30,tutorat,refuse_aider
OBS,501,Richard,Sofia,,,,2025-11-17,09:32,participation,ne_participe_pas
OBS,501,Richard,Sofia,,,,2025-11-17,09:34,attention,bavarde_travail
OBS,501,Richard,Sofia,,,,2025-11-17,09:36,entree,attend_sans_commencer
SESSION,501,demo_501_202511210900,1763712000000,1763715300000
OBS,501,Denis,Rayan,,,,2025-11-21,09:47,tutorat,explique_camarade
OBS,501,Denis,Rayan,,,,2025-11-21,09:49,participation,repond_si_sollicite
OBS,501,Denis,Rayan,,,,2025-11-21,09:51,finalisation,passe_autre_activite
OBS,501,Denis,Rayan,,,,2025-11-21,09:53,entree,demarre_relance
OBS,501,Denis,Rayan,,,,2025-11-21,09:53,attention,reconcentre_seul
OBS,501,Rousseau,Ines,,,,2025-11-21,09:27,tutorat,aide_si_sollicite
OBS,501,Rousseau,Ines,,,,2025-11-21,09:29,participation,repond_si_sollicite
OBS,501,Rousseau,Ines,,,,2025-11-21,09:31,difficulte,utilise_document_d
OBS,501,Rousseau,Ines,,,,2025-11-21,09:33,entree,attend_sans_commencer
OBS,501,Rousseau,Ines,,,,2025-11-21,09:35,ressources,attend_professeur
OBS,501,Andre,Elsa,,,,2025-11-21,09:01,tutorat,aide_si_sollicite
OBS,501,Andre,Elsa,,,,2025-11-21,09:03,participation,participe_spontanement
OBS,501,Andre,Elsa,,,,2025-11-21,09:05,attention,reconcentre_seul
OBS,501,Andre,Elsa,,,,2025-11-21,09:07,entree,demarre_immediat
OBS,501,Dubois,Lea,,,,2025-11-21,09:03,tutorat,aide_si_sollicite
OBS,501,Dubois,Lea,,,,2025-11-21,09:05,participation,repond_si_insiste
OBS,501,Dubois,Lea,,,,2025-11-21,09:07,entree,attend_sans_commencer
OBS,501,Dubois,Lea,,,,2025-11-21,09:09,finalisation,passe_autre_activite
OBS,501,Richard,Sofia,,,,2025-11-21,09:36,tutorat,refuse_aider
OBS,501,Richard,Sofia,,,,2025-11-21,09:38,participation,ne_participe_pas
OBS,501,Richard,Sofia,,,,2025-11-21,09:40,finalisation,recopie_correction
OBS,501,Richard,Sofia,,,,2025-11-21,09:42,attention,bavarde_hors_sujet
OBS,501,Richard,Sofia,,,,2025-11-21,09:44,entree,ne_demarre_pas
SESSION,501,demo_501_202511260900,1764144000000,1764147300000
OBS,501,Denis,Rayan,,,,2025-11-26,09:37,tutorat,explique_camarade
OBS,501,Denis,Rayan,,,,2025-11-26,09:39,participation,participe_spontanement
OBS,501,Denis,Rayan,,,,2025-11-26,09:41,ressources,utilise_aides_activite
OBS,501,Denis,Rayan,,,,2025-11-26,09:43,attention,reconcentre_seul
OBS,501,Rousseau,Ines,,,,2025-11-26,09:47,tutorat,aide_si_sollicite
OBS,501,Rousseau,Ines,,,,2025-11-26,09:49,participation,repond_si_sollicite
OBS,501,Rousseau,Ines,,,,2025-11-26,09:51,entree,demarre_relance
OBS,501,Rousseau,Ines,,,,2025-11-26,09:53,finalisation,activite_incomplete
OBS,501,Rousseau,Ines,,,,2025-11-26,09:53,attention,concentre
OBS,501,Fontaine,Mohamed,,,,2025-11-26,09:36,tutorat,refuse_aider
OBS,501,Fontaine,Mohamed,,,,2025-11-26,09:38,participation,ne_participe_pas
OBS,501,Fontaine,Mohamed,,,,2025-11-26,09:40,ressources,attend_correction
OBS,501,Fontaine,Mohamed,,,,2025-11-26,09:42,difficulte,copie_camarade
OBS,501,Fontaine,Mohamed,,,,2025-11-26,09:44,entree,attend_sans_commencer
OBS,501,Richard,Sofia,,,,2025-11-26,09:38,tutorat,refuse_aider
OBS,501,Richard,Sofia,,,,2025-11-26,09:40,participation,ne_participe_pas
OBS,501,Richard,Sofia,,,,2025-11-26,09:42,ressources,attend_correction
OBS,501,Richard,Sofia,,,,2025-11-26,09:44,difficulte,observe_camarade
OBS,501,Richard,Sofia,,,,2025-11-26,09:46,attention,perturbe_camarade
SESSION,501,demo_501_202512020900,1764662400000,1764665700000
OBS,501,Denis,Rayan,,,,2025-12-02,09:41,tutorat,donne_reponse_directe
OBS,501,Denis,Rayan,,,,2025-12-02,09:43,participation,repond_si_insiste
OBS,501,Denis,Rayan,,,,2025-12-02,09:45,attention,bavarde_travail
OBS,501,Denis,Rayan,,,,2025-12-02,09:47,difficulte,attend_d
OBS,501,Denis,Rayan,,,,2025-12-02,09:49,finalisation,passe_autre_activite
OBS,501,Rousseau,Ines,,,,2025-12-02,09:16,tutorat,donne_reponse_directe
OBS,501,Rousseau,Ines,,,,2025-12-02,09:18,participation,repond_si_insiste
OBS,501,Rousseau,Ines,,,,2025-12-02,09:20,difficulte,attend_d
OBS,501,Rousseau,Ines,,,,2025-12-02,09:22,finalisation,activite_incomplete
OBS,501,Andre,Elsa,,,,2025-12-02,09:09,tutorat,explique_camarade
OBS,501,Andre,Elsa,,,,2025-12-02,09:11,participation,participe_spontanement
OBS,501,Andre,Elsa,,,,2025-12-02,09:13,attention,reconcentre_seul
OBS,501,Andre,Elsa,,,,2025-12-02,09:15,ressources,echange_camarade
OBS,501,Dubois,Lea,,,,2025-12-02,09:04,tutorat,aide_si_sollicite
OBS,501,Dubois,Lea,,,,2025-12-02,09:06,participation,repond_si_sollicite
OBS,501,Dubois,Lea,,,,2025-12-02,09:08,ressources,sollicite_immediat
OBS,501,Dubois,Lea,,,,2025-12-02,09:10,finalisation,verifie_travail
OBS,501,Richard,Sofia,,,,2025-12-02,09:42,tutorat,refuse_aider
OBS,501,Richard,Sofia,,,,2025-12-02,09:44,participation,ne_participe_pas
OBS,501,Richard,Sofia,,,,2025-12-02,09:46,difficulte,observe_camarade
OBS,501,Richard,Sofia,,,,2025-12-02,09:48,finalisation,recopie_correction
SESSION,501,demo_501_202512050900,1764921600000,1764924900000
OBS,501,Denis,Rayan,,,,2025-12-05,09:41,tutorat,aide_si_sollicite
OBS,501,Denis,Rayan,,,,2025-12-05,09:43,participation,repond_si_insiste
OBS,501,Denis,Rayan,,,,2025-12-05,09:45,attention,distrait_momentanement
OBS,501,Denis,Rayan,,,,2025-12-05,09:47,entree,attend_sans_commencer
OBS,501,Denis,Rayan,,,,2025-12-05,09:49,difficulte,attend_d
OBS,501,Rousseau,Ines,,,,2025-12-05,09:29,tutorat,aide_si_sollicite
OBS,501,Rousseau,Ines,,,,2025-12-05,09:31,participation,repond_si_sollicite
OBS,501,Rousseau,Ines,,,,2025-12-05,09:33,attention,distrait_momentanement
OBS,501,Rousseau,Ines,,,,2025-12-05,09:35,entree,demarre_relance
OBS,501,Andre,Elsa,,,,2025-12-05,09:04,tutorat,explique_camarade
OBS,501,Andre,Elsa,,,,2025-12-05,09:06,participation,participe_spontanement
OBS,501,Andre,Elsa,,,,2025-12-05,09:08,finalisation,verifie_travail
OBS,501,Andre,Elsa,,,,2025-12-05,09:10,attention,reconcentre_seul
OBS,501,Andre,Elsa,,,,2025-12-05,09:12,difficulte,utilise_document_d
OBS,501,Dubois,Lea,,,,2025-12-05,09:20,tutorat,explique_camarade
OBS,501,Dubois,Lea,,,,2025-12-05,09:22,participation,repond_si_sollicite
OBS,501,Dubois,Lea,,,,2025-12-05,09:24,finalisation,activite_terminee
OBS,501,Dubois,Lea,,,,2025-12-05,09:26,attention,bavarde_travail
OBS,501,Fontaine,Mohamed,,,,2025-12-05,09:40,tutorat,donne_reponse_directe
OBS,501,Fontaine,Mohamed,,,,2025-12-05,09:42,participation,repond_si_insiste
OBS,501,Fontaine,Mohamed,,,,2025-12-05,09:44,difficulte,attend_d
OBS,501,Fontaine,Mohamed,,,,2025-12-05,09:46,finalisation,passe_autre_activite
OBS,501,Richard,Sofia,,,,2025-12-05,09:05,tutorat,refuse_aider
OBS,501,Richard,Sofia,,,,2025-12-05,09:07,participation,ne_participe_pas
OBS,501,Richard,Sofia,,,,2025-12-05,09:09,difficulte,copie_correction
OBS,501,Richard,Sofia,,,,2025-12-05,09:11,entree,ne_demarre_pas
SESSION,501,demo_501_202512100900,1765353600000,1765356900000
OBS,501,Andre,Elsa,,,,2025-12-10,09:29,tutorat,explique_camarade
OBS,501,Andre,Elsa,,,,2025-12-10,09:31,participation,repond_si_sollicite
OBS,501,Andre,Elsa,,,,2025-12-10,09:33,difficulte,demande_aide_pertinente
OBS,501,Andre,Elsa,,,,2025-12-10,09:35,ressources,utilise_aides_activite
OBS,501,Andre,Elsa,,,,2025-12-10,09:37,finalisation,verifie_travail
OBS,501,Dubois,Lea,,,,2025-12-10,09:14,tutorat,donne_reponse_directe
OBS,501,Dubois,Lea,,,,2025-12-10,09:16,participation,repond_si_sollicite
OBS,501,Dubois,Lea,,,,2025-12-10,09:18,difficulte,observe_camarade
OBS,501,Dubois,Lea,,,,2025-12-10,09:20,finalisation,corrige_erreur
OBS,501,Fontaine,Mohamed,,,,2025-12-10,09:28,tutorat,aide_si_sollicite
OBS,501,Fontaine,Mohamed,,,,2025-12-10,09:30,participation,repond_si_sollicite
OBS,501,Fontaine,Mohamed,,,,2025-12-10,09:32,finalisation,passe_autre_activite
OBS,501,Fontaine,Mohamed,,,,2025-12-10,09:34,attention,bavarde_travail
OBS,501,Richard,Sofia,,,,2025-12-10,09:10,tutorat,refuse_aider
OBS,501,Richard,Sofia,,,,2025-12-10,09:12,participation,ne_participe_pas
OBS,501,Richard,Sofia,,,,2025-12-10,09:14,attention,revasse
OBS,501,Richard,Sofia,,,,2025-12-10,09:16,entree,ne_demarre_pas
OBS,501,Richard,Sofia,,,,2025-12-10,09:18,ressources,attend_correction
SESSION,501,demo_501_202512160900,1765872000000,1765875300000
OBS,501,Rousseau,Ines,,,,2025-12-16,09:16,tutorat,donne_reponse_directe
OBS,501,Rousseau,Ines,,,,2025-12-16,09:18,participation,repond_si_sollicite
OBS,501,Rousseau,Ines,,,,2025-12-16,09:20,ressources,sollicite_immediat
OBS,501,Rousseau,Ines,,,,2025-12-16,09:22,attention,distrait_momentanement
OBS,501,Dubois,Lea,,,,2025-12-16,09:30,tutorat,aide_si_sollicite
OBS,501,Dubois,Lea,,,,2025-12-16,09:32,participation,repond_si_sollicite
OBS,501,Dubois,Lea,,,,2025-12-16,09:34,difficulte,demande_aide_pertinente
OBS,501,Dubois,Lea,,,,2025-12-16,09:36,ressources,echange_camarade
OBS,501,Fontaine,Mohamed,,,,2025-12-16,09:23,tutorat,donne_reponse_directe
OBS,501,Fontaine,Mohamed,,,,2025-12-16,09:25,participation,repond_si_insiste
OBS,501,Fontaine,Mohamed,,,,2025-12-16,09:27,difficulte,copie_correction
OBS,501,Fontaine,Mohamed,,,,2025-12-16,09:29,finalisation,recopie_correction
OBS,501,Richard,Sofia,,,,2025-12-16,09:28,tutorat,refuse_aider
OBS,501,Richard,Sofia,,,,2025-12-16,09:30,participation,ne_participe_pas
OBS,501,Richard,Sofia,,,,2025-12-16,09:32,difficulte,copie_correction
OBS,501,Richard,Sofia,,,,2025-12-16,09:34,attention,revasse
OBS,501,Richard,Sofia,,,,2025-12-16,09:36,entree,ne_demarre_pas
SESSION,501,demo_501_202512190900,1766131200000,1766134500000
OBS,501,Denis,Rayan,,,,2025-12-19,09:33,tutorat,aide_si_sollicite
OBS,501,Denis,Rayan,,,,2025-12-19,09:35,participation,repond_si_sollicite
OBS,501,Denis,Rayan,,,,2025-12-19,09:37,difficulte,attend_d
OBS,501,Denis,Rayan,,,,2025-12-19,09:39,attention,concentre
OBS,501,Rousseau,Ines,,,,2025-12-19,09:16,tutorat,aide_si_sollicite
OBS,501,Rousseau,Ines,,,,2025-12-19,09:18,participation,repond_si_insiste
OBS,501,Rousseau,Ines,,,,2025-12-19,09:20,ressources,attend_professeur
OBS,501,Rousseau,Ines,,,,2025-12-19,09:22,attention,distrait_momentanement
OBS,501,Andre,Elsa,,,,2025-12-19,09:43,tutorat,aide_si_sollicite
OBS,501,Andre,Elsa,,,,2025-12-19,09:45,participation,repond_si_sollicite
OBS,501,Andre,Elsa,,,,2025-12-19,09:47,difficulte,utilise_coup_de_pouce
OBS,501,Andre,Elsa,,,,2025-12-19,09:49,ressources,sollicite_apres_cherche
OBS,501,Dubois,Lea,,,,2025-12-19,09:23,tutorat,aide_si_sollicite
OBS,501,Dubois,Lea,,,,2025-12-19,09:25,participation,repond_si_sollicite
OBS,501,Dubois,Lea,,,,2025-12-19,09:27,attention,concentre
OBS,501,Dubois,Lea,,,,2025-12-19,09:29,ressources,sollicite_immediat
OBS,501,Dubois,Lea,,,,2025-12-19,09:31,finalisation,passe_autre_activite
OBS,501,Fontaine,Mohamed,,,,2025-12-19,09:25,tutorat,donne_reponse_directe
OBS,501,Fontaine,Mohamed,,,,2025-12-19,09:27,participation,repond_si_insiste
OBS,501,Fontaine,Mohamed,,,,2025-12-19,09:29,difficulte,observe_camarade
OBS,501,Fontaine,Mohamed,,,,2025-12-19,09:31,attention,bavarde_travail
OBS,501,Fontaine,Mohamed,,,,2025-12-19,09:33,entree,attend_sans_commencer
SESSION,501,demo_501_202601080900,1767859200000,1767862500000
OBS,501,Rousseau,Ines,,,,2026-01-08,09:43,tutorat,donne_reponse_directe
OBS,501,Rousseau,Ines,,,,2026-01-08,09:45,participation,repond_si_sollicite
OBS,501,Rousseau,Ines,,,,2026-01-08,09:47,difficulte,observe_camarade
OBS,501,Rousseau,Ines,,,,2026-01-08,09:49,finalisation,activite_incomplete
OBS,501,Andre,Elsa,,,,2026-01-08,09:37,tutorat,aide_si_sollicite
OBS,501,Andre,Elsa,,,,2026-01-08,09:39,participation,repond_si_sollicite
OBS,501,Andre,Elsa,,,,2026-01-08,09:41,ressources,attend_professeur
OBS,501,Andre,Elsa,,,,2026-01-08,09:43,difficulte,observe_camarade
OBS,501,Dubois,Lea,,,,2026-01-08,09:35,tutorat,aide_si_sollicite
OBS,501,Dubois,Lea,,,,2026-01-08,09:37,participation,repond_si_sollicite
OBS,501,Dubois,Lea,,,,2026-01-08,09:39,finalisation,corrige_erreur
OBS,501,Dubois,Lea,,,,2026-01-08,09:41,ressources,sollicite_apres_cherche
OBS,501,Fontaine,Mohamed,,,,2026-01-08,09:31,tutorat,donne_reponse_directe
OBS,501,Fontaine,Mohamed,,,,2026-01-08,09:33,participation,repond_si_insiste
OBS,501,Fontaine,Mohamed,,,,2026-01-08,09:35,finalisation,activite_incomplete
OBS,501,Fontaine,Mohamed,,,,2026-01-08,09:37,entree,attend_sans_commencer
OBS,501,Richard,Sofia,,,,2026-01-08,09:03,tutorat,refuse_aider
OBS,501,Richard,Sofia,,,,2026-01-08,09:05,participation,ne_participe_pas
OBS,501,Richard,Sofia,,,,2026-01-08,09:07,entree,ne_demarre_pas
OBS,501,Richard,Sofia,,,,2026-01-08,09:09,difficulte,copie_camarade
OBS,501,Richard,Sofia,,,,2026-01-08,09:11,finalisation,activite_incomplete
SESSION,501,demo_501_202601130900,1768291200000,1768294500000
OBS,501,Denis,Rayan,,,,2026-01-13,09:31,tutorat,donne_reponse_directe
OBS,501,Denis,Rayan,,,,2026-01-13,09:33,participation,repond_si_insiste
OBS,501,Denis,Rayan,,,,2026-01-13,09:35,finalisation,activite_incomplete
OBS,501,Denis,Rayan,,,,2026-01-13,09:37,ressources,attend_correction
OBS,501,Andre,Elsa,,,,2026-01-13,09:08,tutorat,aide_si_sollicite
OBS,501,Andre,Elsa,,,,2026-01-13,09:10,participation,repond_si_sollicite
OBS,501,Andre,Elsa,,,,2026-01-13,09:12,attention,reconcentre_seul
OBS,501,Andre,Elsa,,,,2026-01-13,09:14,finalisation,activite_incomplete
OBS,501,Dubois,Lea,,,,2026-01-13,09:07,tutorat,aide_si_sollicite
OBS,501,Dubois,Lea,,,,2026-01-13,09:09,participation,repond_si_sollicite
OBS,501,Dubois,Lea,,,,2026-01-13,09:11,entree,demarre_relance
OBS,501,Dubois,Lea,,,,2026-01-13,09:13,ressources,attend_professeur
OBS,501,Fontaine,Mohamed,,,,2026-01-13,09:31,tutorat,donne_reponse_directe
OBS,501,Fontaine,Mohamed,,,,2026-01-13,09:33,participation,repond_si_sollicite
OBS,501,Fontaine,Mohamed,,,,2026-01-13,09:35,difficulte,attend_d
OBS,501,Fontaine,Mohamed,,,,2026-01-13,09:37,ressources,sollicite_immediat
OBS,501,Fontaine,Mohamed,,,,2026-01-13,09:39,finalisation,activite_incomplete
OBS,501,Richard,Sofia,,,,2026-01-13,09:07,tutorat,refuse_aider
OBS,501,Richard,Sofia,,,,2026-01-13,09:09,participation,ne_participe_pas
OBS,501,Richard,Sofia,,,,2026-01-13,09:11,finalisation,recopie_correction
OBS,501,Richard,Sofia,,,,2026-01-13,09:13,attention,revasse
SESSION,501,demo_501_202601160900,1768550400000,1768553700000
OBS,501,Denis,Rayan,,,,2026-01-16,09:46,tutorat,explique_camarade
OBS,501,Denis,Rayan,,,,2026-01-16,09:48,participation,participe_spontanement
OBS,501,Denis,Rayan,,,,2026-01-16,09:50,entree,demarre_relance
OBS,501,Denis,Rayan,,,,2026-01-16,09:52,finalisation,activite_terminee
OBS,501,Rousseau,Ines,,,,2026-01-16,09:45,tutorat,donne_reponse_directe
OBS,501,Rousseau,Ines,,,,2026-01-16,09:47,participation,repond_si_insiste
OBS,501,Rousseau,Ines,,,,2026-01-16,09:49,attention,distrait_momentanement
OBS,501,Rousseau,Ines,,,,2026-01-16,09:51,finalisation,passe_autre_activite
OBS,501,Andre,Elsa,,,,2026-01-16,09:20,tutorat,explique_camarade
OBS,501,Andre,Elsa,,,,2026-01-16,09:22,participation,participe_spontanement
OBS,501,Andre,Elsa,,,,2026-01-16,09:24,finalisation,corrige_erreur
OBS,501,Andre,Elsa,,,,2026-01-16,09:26,entree,demarre_relance
OBS,501,Dubois,Lea,,,,2026-01-16,09:35,tutorat,donne_reponse_directe
OBS,501,Dubois,Lea,,,,2026-01-16,09:37,participation,repond_si_sollicite
OBS,501,Dubois,Lea,,,,2026-01-16,09:39,entree,demarre_relance
OBS,501,Dubois,Lea,,,,2026-01-16,09:41,finalisation,passe_autre_activite
OBS,501,Dubois,Lea,,,,2026-01-16,09:43,difficulte,observe_camarade
OBS,501,Fontaine,Mohamed,,,,2026-01-16,09:21,tutorat,donne_reponse_directe
OBS,501,Fontaine,Mohamed,,,,2026-01-16,09:23,participation,repond_si_insiste
OBS,501,Fontaine,Mohamed,,,,2026-01-16,09:25,attention,bavarde_hors_sujet
OBS,501,Fontaine,Mohamed,,,,2026-01-16,09:27,ressources,attend_professeur
OBS,501,Richard,Sofia,,,,2026-01-16,09:25,tutorat,refuse_aider
OBS,501,Richard,Sofia,,,,2026-01-16,09:27,participation,ne_participe_pas
OBS,501,Richard,Sofia,,,,2026-01-16,09:29,attention,perturbe_camarade
OBS,501,Richard,Sofia,,,,2026-01-16,09:31,difficulte,copie_correction
SESSION,501,demo_501_202601220900,1769068800000,1769072100000
OBS,501,Rousseau,Ines,,,,2026-01-22,09:20,tutorat,aide_si_sollicite
OBS,501,Rousseau,Ines,,,,2026-01-22,09:22,participation,repond_si_insiste
OBS,501,Rousseau,Ines,,,,2026-01-22,09:24,attention,concentre
OBS,501,Rousseau,Ines,,,,2026-01-22,09:26,ressources,sollicite_apres_cherche
OBS,501,Rousseau,Ines,,,,2026-01-22,09:28,difficulte,utilise_coup_de_pouce
OBS,501,Andre,Elsa,,,,2026-01-22,09:48,tutorat,explique_camarade
OBS,501,Andre,Elsa,,,,2026-01-22,09:50,participation,participe_spontanement
OBS,501,Andre,Elsa,,,,2026-01-22,09:52,entree,demarre_immediat
OBS,501,Andre,Elsa,,,,2026-01-22,09:53,finalisation,verifie_travail
OBS,501,Fontaine,Mohamed,,,,2026-01-22,09:08,tutorat,refuse_aider
OBS,501,Fontaine,Mohamed,,,,2026-01-22,09:10,participation,repond_si_insiste
OBS,501,Fontaine,Mohamed,,,,2026-01-22,09:12,difficulte,observe_camarade
OBS,501,Fontaine,Mohamed,,,,2026-01-22,09:14,attention,distrait_momentanement
OBS,501,Fontaine,Mohamed,,,,2026-01-22,09:16,ressources,sollicite_immediat
OBS,501,Richard,Sofia,,,,2026-01-22,09:27,tutorat,donne_reponse_directe
OBS,501,Richard,Sofia,,,,2026-01-22,09:29,participation,ne_participe_pas
OBS,501,Richard,Sofia,,,,2026-01-22,09:31,attention,perturbe_camarade
OBS,501,Richard,Sofia,,,,2026-01-22,09:33,ressources,sollicite_immediat
SESSION,501,demo_501_202601270900,1769500800000,1769504100000
OBS,501,Denis,Rayan,,,,2026-01-27,09:26,tutorat,donne_reponse_directe
OBS,501,Denis,Rayan,,,,2026-01-27,09:28,participation,repond_si_insiste
OBS,501,Denis,Rayan,,,,2026-01-27,09:30,attention,distrait_momentanement
OBS,501,Denis,Rayan,,,,2026-01-27,09:32,ressources,sollicite_immediat
OBS,501,Denis,Rayan,,,,2026-01-27,09:34,difficulte,attend_d
OBS,501,Rousseau,Ines,,,,2026-01-27,09:10,tutorat,aide_si_sollicite
OBS,501,Rousseau,Ines,,,,2026-01-27,09:12,participation,repond_si_sollicite
OBS,501,Rousseau,Ines,,,,2026-01-27,09:14,ressources,utilise_aides_activite
OBS,501,Rousseau,Ines,,,,2026-01-27,09:16,entree,demarre_relance
OBS,501,Rousseau,Ines,,,,2026-01-27,09:18,difficulte,attend_d
OBS,501,Andre,Elsa,,,,2026-01-27,09:36,tutorat,aide_si_sollicite
OBS,501,Andre,Elsa,,,,2026-01-27,09:38,participation,participe_spontanement
OBS,501,Andre,Elsa,,,,2026-01-27,09:40,attention,reconcentre_seul
OBS,501,Andre,Elsa,,,,2026-01-27,09:42,entree,demarre_immediat
OBS,501,Andre,Elsa,,,,2026-01-27,09:44,finalisation,verifie_travail
OBS,501,Dubois,Lea,,,,2026-01-27,09:02,tutorat,donne_reponse_directe
OBS,501,Dubois,Lea,,,,2026-01-27,09:04,participation,repond_si_sollicite
OBS,501,Dubois,Lea,,,,2026-01-27,09:06,finalisation,passe_autre_activite
OBS,501,Dubois,Lea,,,,2026-01-27,09:08,difficulte,demande_aide_pertinente
OBS,501,Dubois,Lea,,,,2026-01-27,09:10,entree,demarre_relance
OBS,501,Richard,Sofia,,,,2026-01-27,09:12,tutorat,refuse_aider
OBS,501,Richard,Sofia,,,,2026-01-27,09:14,participation,repond_si_insiste
OBS,501,Richard,Sofia,,,,2026-01-27,09:16,ressources,attend_professeur
OBS,501,Richard,Sofia,,,,2026-01-27,09:18,entree,ne_demarre_pas
OBS,501,Richard,Sofia,,,,2026-01-27,09:20,attention,distrait_momentanement
SESSION,501,demo_501_202602020900,1770019200000,1770022500000
OBS,501,Rousseau,Ines,,,,2026-02-02,09:24,tutorat,aide_si_sollicite
OBS,501,Rousseau,Ines,,,,2026-02-02,09:26,participation,repond_si_insiste
OBS,501,Rousseau,Ines,,,,2026-02-02,09:28,difficulte,cherche_seul
OBS,501,Rousseau,Ines,,,,2026-02-02,09:30,entree,demarre_relance
OBS,501,Rousseau,Ines,,,,2026-02-02,09:32,ressources,sollicite_immediat
OBS,501,Andre,Elsa,,,,2026-02-02,09:32,tutorat,explique_camarade
OBS,501,Andre,Elsa,,,,2026-02-02,09:34,participation,participe_spontanement
OBS,501,Andre,Elsa,,,,2026-02-02,09:36,difficulte,utilise_coup_de_pouce
OBS,501,Andre,Elsa,,,,2026-02-02,09:38,entree,demarre_immediat
OBS,501,Andre,Elsa,,,,2026-02-02,09:40,finalisation,activite_terminee
OBS,501,Dubois,Lea,,,,2026-02-02,09:33,tutorat,aide_si_sollicite
OBS,501,Dubois,Lea,,,,2026-02-02,09:35,participation,repond_si_sollicite
OBS,501,Dubois,Lea,,,,2026-02-02,09:37,difficulte,utilise_document_d
OBS,501,Dubois,Lea,,,,2026-02-02,09:39,attention,reconcentre_seul
OBS,501,Fontaine,Mohamed,,,,2026-02-02,09:09,tutorat,refuse_aider
OBS,501,Fontaine,Mohamed,,,,2026-02-02,09:11,participation,repond_si_insiste
OBS,501,Fontaine,Mohamed,,,,2026-02-02,09:13,entree,attend_sans_commencer
OBS,501,Fontaine,Mohamed,,,,2026-02-02,09:15,ressources,sollicite_immediat
OBS,501,Richard,Sofia,,,,2026-02-02,09:47,tutorat,refuse_aider
OBS,501,Richard,Sofia,,,,2026-02-02,09:49,participation,ne_participe_pas
OBS,501,Richard,Sofia,,,,2026-02-02,09:51,attention,bavarde_hors_sujet
OBS,501,Richard,Sofia,,,,2026-02-02,09:53,ressources,attend_correction
OBS,501,Richard,Sofia,,,,2026-02-02,09:53,finalisation,recopie_correction
SESSION,501,demo_501_202602060900,1770364800000,1770368100000
OBS,501,Denis,Rayan,,,,2026-02-06,09:07,tutorat,aide_si_sollicite
OBS,501,Denis,Rayan,,,,2026-02-06,09:09,participation,repond_si_sollicite
OBS,501,Denis,Rayan,,,,2026-02-06,09:11,entree,demarre_relance
OBS,501,Denis,Rayan,,,,2026-02-06,09:13,difficulte,attend_d
OBS,501,Rousseau,Ines,,,,2026-02-06,09:18,tutorat,donne_reponse_directe
OBS,501,Rousseau,Ines,,,,2026-02-06,09:20,participation,repond_si_insiste
OBS,501,Rousseau,Ines,,,,2026-02-06,09:22,ressources,sollicite_immediat
OBS,501,Rousseau,Ines,,,,2026-02-06,09:24,entree,demarre_relance
OBS,501,Rousseau,Ines,,,,2026-02-06,09:26,attention,reconcentre_seul
OBS,501,Andre,Elsa,,,,2026-02-06,09:32,tutorat,explique_camarade
OBS,501,Andre,Elsa,,,,2026-02-06,09:34,participation,participe_spontanement
OBS,501,Andre,Elsa,,,,2026-02-06,09:36,difficulte,demande_aide_pertinente
OBS,501,Andre,Elsa,,,,2026-02-06,09:38,entree,demarre_immediat
OBS,501,Dubois,Lea,,,,2026-02-06,09:12,tutorat,aide_si_sollicite
OBS,501,Dubois,Lea,,,,2026-02-06,09:14,participation,repond_si_sollicite
OBS,501,Dubois,Lea,,,,2026-02-06,09:16,entree,demarre_relance
OBS,501,Dubois,Lea,,,,2026-02-06,09:18,difficulte,attend_d
OBS,501,Fontaine,Mohamed,,,,2026-02-06,09:25,tutorat,aide_si_sollicite
OBS,501,Fontaine,Mohamed,,,,2026-02-06,09:27,participation,repond_si_insiste
OBS,501,Fontaine,Mohamed,,,,2026-02-06,09:29,difficulte,observe_camarade
OBS,501,Fontaine,Mohamed,,,,2026-02-06,09:31,entree,attend_sans_commencer
OBS,501,Fontaine,Mohamed,,,,2026-02-06,09:33,ressources,attend_correction
OBS,501,Richard,Sofia,,,,2026-02-06,09:12,tutorat,donne_reponse_directe
OBS,501,Richard,Sofia,,,,2026-02-06,09:14,participation,ne_participe_pas
OBS,501,Richard,Sofia,,,,2026-02-06,09:16,finalisation,recopie_correction
OBS,501,Richard,Sofia,,,,2026-02-06,09:18,difficulte,copie_camarade
SESSION,501,demo_501_202602120900,1770883200000,1770886500000
OBS,501,Dubois,Lea,,,,2026-02-12,09:16,tutorat,aide_si_sollicite
OBS,501,Dubois,Lea,,,,2026-02-12,09:18,participation,repond_si_sollicite
OBS,501,Dubois,Lea,,,,2026-02-12,09:20,attention,bavarde_travail
OBS,501,Dubois,Lea,,,,2026-02-12,09:22,difficulte,utilise_document_d
OBS,501,Fontaine,Mohamed,,,,2026-02-12,09:15,tutorat,aide_si_sollicite
OBS,501,Fontaine,Mohamed,,,,2026-02-12,09:17,participation,repond_si_sollicite
OBS,501,Fontaine,Mohamed,,,,2026-02-12,09:19,ressources,attend_professeur
OBS,501,Fontaine,Mohamed,,,,2026-02-12,09:21,attention,bavarde_travail
OBS,501,Richard,Sofia,,,,2026-02-12,09:46,tutorat,refuse_aider
OBS,501,Richard,Sofia,,,,2026-02-12,09:48,participation,ne_participe_pas
OBS,501,Richard,Sofia,,,,2026-02-12,09:50,attention,revasse
OBS,501,Richard,Sofia,,,,2026-02-12,09:52,finalisation,recopie_correction
OBS,501,Richard,Sofia,,,,2026-02-12,09:53,entree,ne_demarre_pas
SESSION,501,demo_501_202602180900,1771401600000,1771404900000
OBS,501,Andre,Elsa,,,,2026-02-18,09:35,tutorat,explique_camarade
OBS,501,Andre,Elsa,,,,2026-02-18,09:37,participation,participe_spontanement
OBS,501,Andre,Elsa,,,,2026-02-18,09:39,entree,demarre_immediat
OBS,501,Andre,Elsa,,,,2026-02-18,09:41,attention,reconcentre_seul
OBS,501,Andre,Elsa,,,,2026-02-18,09:43,finalisation,activite_terminee
OBS,501,Dubois,Lea,,,,2026-02-18,09:05,tutorat,explique_camarade
OBS,501,Dubois,Lea,,,,2026-02-18,09:07,participation,repond_si_sollicite
OBS,501,Dubois,Lea,,,,2026-02-18,09:09,attention,concentre
OBS,501,Dubois,Lea,,,,2026-02-18,09:11,difficulte,attend_d
OBS,501,Richard,Sofia,,,,2026-02-18,09:39,tutorat,donne_reponse_directe
OBS,501,Richard,Sofia,,,,2026-02-18,09:41,participation,repond_si_insiste
OBS,501,Richard,Sofia,,,,2026-02-18,09:43,finalisation,recopie_correction
OBS,501,Richard,Sofia,,,,2026-02-18,09:45,difficulte,copie_correction
OBS,501,Richard,Sofia,,,,2026-02-18,09:47,attention,bavarde_travail
SESSION,501,demo_501_202602240900,1771920000000,1771923300000
OBS,501,Rousseau,Ines,,,,2026-02-24,09:19,tutorat,refuse_aider
OBS,501,Rousseau,Ines,,,,2026-02-24,09:21,participation,repond_si_insiste
OBS,501,Rousseau,Ines,,,,2026-02-24,09:23,difficulte,observe_camarade
OBS,501,Rousseau,Ines,,,,2026-02-24,09:25,ressources,sollicite_immediat
OBS,501,Andre,Elsa,,,,2026-02-24,09:06,tutorat,aide_si_sollicite
OBS,501,Andre,Elsa,,,,2026-02-24,09:08,participation,repond_si_sollicite
OBS,501,Andre,Elsa,,,,2026-02-24,09:10,difficulte,cherche_seul
OBS,501,Andre,Elsa,,,,2026-02-24,09:12,finalisation,activite_terminee
OBS,501,Richard,Sofia,,,,2026-02-24,09:29,tutorat,donne_reponse_directe
OBS,501,Richard,Sofia,,,,2026-02-24,09:31,participation,ne_participe_pas
OBS,501,Richard,Sofia,,,,2026-02-24,09:33,entree,attend_sans_commencer
OBS,501,Richard,Sofia,,,,2026-02-24,09:35,finalisation,recopie_correction
SESSION,501,demo_501_202603020900,1772438400000,1772441700000
OBS,501,Rousseau,Ines,,,,2026-03-02,09:48,tutorat,donne_reponse_directe
OBS,501,Rousseau,Ines,,,,2026-03-02,09:50,participation,repond_si_sollicite
OBS,501,Rousseau,Ines,,,,2026-03-02,09:52,entree,attend_sans_commencer
OBS,501,Rousseau,Ines,,,,2026-03-02,09:53,attention,bavarde_travail
OBS,501,Rousseau,Ines,,,,2026-03-02,09:53,finalisation,activite_incomplete
OBS,501,Andre,Elsa,,,,2026-03-02,09:38,tutorat,aide_si_sollicite
OBS,501,Andre,Elsa,,,,2026-03-02,09:40,participation,repond_si_sollicite
OBS,501,Andre,Elsa,,,,2026-03-02,09:42,entree,demarre_relance
OBS,501,Andre,Elsa,,,,2026-03-02,09:44,ressources,utilise_aides_activite
OBS,501,Dubois,Lea,,,,2026-03-02,09:16,tutorat,aide_si_sollicite
OBS,501,Dubois,Lea,,,,2026-03-02,09:18,participation,repond_si_sollicite
OBS,501,Dubois,Lea,,,,2026-03-02,09:20,attention,bavarde_travail
OBS,501,Dubois,Lea,,,,2026-03-02,09:22,difficulte,attend_d
OBS,501,Dubois,Lea,,,,2026-03-02,09:24,entree,demarre_relance
OBS,501,Fontaine,Mohamed,,,,2026-03-02,09:48,tutorat,donne_reponse_directe
OBS,501,Fontaine,Mohamed,,,,2026-03-02,09:50,participation,repond_si_insiste
OBS,501,Fontaine,Mohamed,,,,2026-03-02,09:52,finalisation,passe_autre_activite
OBS,501,Fontaine,Mohamed,,,,2026-03-02,09:53,ressources,sollicite_immediat
OBS,501,Fontaine,Mohamed,,,,2026-03-02,09:53,attention,bavarde_travail
OBS,501,Richard,Sofia,,,,2026-03-02,09:48,tutorat,refuse_aider
OBS,501,Richard,Sofia,,,,2026-03-02,09:50,participation,ne_participe_pas
OBS,501,Richard,Sofia,,,,2026-03-02,09:52,finalisation,recopie_correction
OBS,501,Richard,Sofia,,,,2026-03-02,09:53,attention,revasse
OBS,501,Richard,Sofia,,,,2026-03-02,09:53,ressources,sollicite_immediat
SESSION,501,demo_501_202603060900,1772784000000,1772787300000
OBS,501,Rousseau,Ines,,,,2026-03-06,09:11,tutorat,donne_reponse_directe
OBS,501,Rousseau,Ines,,,,2026-03-06,09:13,participation,repond_si_insiste
OBS,501,Rousseau,Ines,,,,2026-03-06,09:15,difficulte,observe_camarade
OBS,501,Rousseau,Ines,,,,2026-03-06,09:17,attention,revasse
OBS,501,Andre,Elsa,,,,2026-03-06,09:09,tutorat,aide_si_sollicite
OBS,501,Andre,Elsa,,,,2026-03-06,09:11,participation,repond_si_sollicite
OBS,501,Andre,Elsa,,,,2026-03-06,09:13,attention,bavarde_travail
OBS,501,Andre,Elsa,,,,2026-03-06,09:15,finalisation,verifie_travail
OBS,501,Andre,Elsa,,,,2026-03-06,09:17,difficulte,observe_camarade
OBS,501,Dubois,Lea,,,,2026-03-06,09:35,tutorat,aide_si_sollicite
OBS,501,Dubois,Lea,,,,2026-03-06,09:37,participation,repond_si_sollicite
OBS,501,Dubois,Lea,,,,2026-03-06,09:39,ressources,sollicite_immediat
OBS,501,Dubois,Lea,,,,2026-03-06,09:41,attention,concentre
OBS,501,Fontaine,Mohamed,,,,2026-03-06,09:08,tutorat,donne_reponse_directe
OBS,501,Fontaine,Mohamed,,,,2026-03-06,09:10,participation,repond_si_insiste
OBS,501,Fontaine,Mohamed,,,,2026-03-06,09:12,entree,demarre_relance
OBS,501,Fontaine,Mohamed,,,,2026-03-06,09:14,attention,bavarde_travail
OBS,501,Richard,Sofia,,,,2026-03-06,09:30,tutorat,refuse_aider
OBS,501,Richard,Sofia,,,,2026-03-06,09:32,participation,repond_si_insiste
OBS,501,Richard,Sofia,,,,2026-03-06,09:34,ressources,attend_correction
OBS,501,Richard,Sofia,,,,2026-03-06,09:36,attention,perturbe_camarade
SESSION,501,demo_501_202603120900,1773302400000,1773305700000
OBS,501,Rousseau,Ines,,,,2026-03-12,09:35,tutorat,refuse_aider
OBS,501,Rousseau,Ines,,,,2026-03-12,09:37,participation,repond_si_insiste
OBS,501,Rousseau,Ines,,,,2026-03-12,09:39,entree,ne_demarre_pas
OBS,501,Rousseau,Ines,,,,2026-03-12,09:41,ressources,attend_correction
OBS,501,Andre,Elsa,,,,2026-03-12,09:21,tutorat,aide_si_sollicite
OBS,501,Andre,Elsa,,,,2026-03-12,09:23,participation,repond_si_sollicite
OBS,501,Andre,Elsa,,,,2026-03-12,09:25,entree,demarre_immediat
OBS,501,Andre,Elsa,,,,2026-03-12,09:27,ressources,attend_professeur
OBS,501,Dubois,Lea,,,,2026-03-12,09:20,tutorat,aide_si_sollicite
OBS,501,Dubois,Lea,,,,2026-03-12,09:22,participation,participe_spontanement
OBS,501,Dubois,Lea,,,,2026-03-12,09:24,finalisation,verifie_travail
OBS,501,Dubois,Lea,,,,2026-03-12,09:26,ressources,utilise_aides_activite
OBS,501,Dubois,Lea,,,,2026-03-12,09:28,attention,reconcentre_seul
OBS,501,Richard,Sofia,,,,2026-03-12,09:34,tutorat,refuse_aider
OBS,501,Richard,Sofia,,,,2026-03-12,09:36,participation,ne_participe_pas
OBS,501,Richard,Sofia,,,,2026-03-12,09:38,entree,ne_demarre_pas
OBS,501,Richard,Sofia,,,,2026-03-12,09:40,finalisation,recopie_correction
SESSION,501,demo_501_202603180900,1773820800000,1773824100000
OBS,501,Rousseau,Ines,,,,2026-03-18,09:25,tutorat,aide_si_sollicite
OBS,501,Rousseau,Ines,,,,2026-03-18,09:27,participation,repond_si_sollicite
OBS,501,Rousseau,Ines,,,,2026-03-18,09:29,ressources,attend_professeur
OBS,501,Rousseau,Ines,,,,2026-03-18,09:31,finalisation,passe_autre_activite
OBS,501,Rousseau,Ines,,,,2026-03-18,09:33,entree,demarre_relance
OBS,501,Andre,Elsa,,,,2026-03-18,09:16,tutorat,explique_camarade
OBS,501,Andre,Elsa,,,,2026-03-18,09:18,participation,participe_spontanement
OBS,501,Andre,Elsa,,,,2026-03-18,09:20,entree,demarre_relance
OBS,501,Andre,Elsa,,,,2026-03-18,09:22,attention,reconcentre_seul
OBS,501,Fontaine,Mohamed,,,,2026-03-18,09:12,tutorat,aide_si_sollicite
OBS,501,Fontaine,Mohamed,,,,2026-03-18,09:14,participation,repond_si_sollicite
OBS,501,Fontaine,Mohamed,,,,2026-03-18,09:16,difficulte,observe_camarade
OBS,501,Fontaine,Mohamed,,,,2026-03-18,09:18,finalisation,passe_autre_activite
SESSION,501,demo_501_202603240900,1774339200000,1774342500000
OBS,501,Rousseau,Ines,,,,2026-03-24,09:12,tutorat,donne_reponse_directe
OBS,501,Rousseau,Ines,,,,2026-03-24,09:14,participation,ne_participe_pas
OBS,501,Rousseau,Ines,,,,2026-03-24,09:16,attention,bavarde_hors_sujet
OBS,501,Rousseau,Ines,,,,2026-03-24,09:18,entree,attend_sans_commencer
OBS,501,Andre,Elsa,,,,2026-03-24,09:42,tutorat,aide_si_sollicite
OBS,501,Andre,Elsa,,,,2026-03-24,09:44,participation,repond_si_sollicite
OBS,501,Andre,Elsa,,,,2026-03-24,09:46,ressources,sollicite_apres_cherche
OBS,501,Andre,Elsa,,,,2026-03-24,09:48,attention,concentre
OBS,501,Andre,Elsa,,,,2026-03-24,09:50,finalisation,verifie_travail
OBS,501,Dubois,Lea,,,,2026-03-24,09:40,tutorat,explique_camarade
OBS,501,Dubois,Lea,,,,2026-03-24,09:42,participation,repond_si_sollicite
OBS,501,Dubois,Lea,,,,2026-03-24,09:44,entree,demarre_relance
OBS,501,Dubois,Lea,,,,2026-03-24,09:46,finalisation,activite_incomplete
OBS,501,Dubois,Lea,,,,2026-03-24,09:48,attention,bavarde_travail
OBS,501,Fontaine,Mohamed,,,,2026-03-24,09:07,tutorat,donne_reponse_directe
OBS,501,Fontaine,Mohamed,,,,2026-03-24,09:09,participation,ne_participe_pas
OBS,501,Fontaine,Mohamed,,,,2026-03-24,09:11,ressources,attend_professeur
OBS,501,Fontaine,Mohamed,,,,2026-03-24,09:13,entree,attend_sans_commencer
OBS,501,Fontaine,Mohamed,,,,2026-03-24,09:15,attention,bavarde_travail
OBS,501,Richard,Sofia,,,,2026-03-24,09:04,tutorat,refuse_aider
OBS,501,Richard,Sofia,,,,2026-03-24,09:06,participation,ne_participe_pas
OBS,501,Richard,Sofia,,,,2026-03-24,09:08,ressources,attend_correction
OBS,501,Richard,Sofia,,,,2026-03-24,09:10,difficulte,copie_correction
OBS,501,Richard,Sofia,,,,2026-03-24,09:12,attention,revasse
SESSION,501,demo_501_202603310900,1774940400000,1774943700000
OBS,501,Rousseau,Ines,,,,2026-03-31,09:20,tutorat,donne_reponse_directe
OBS,501,Rousseau,Ines,,,,2026-03-31,09:22,participation,repond_si_insiste
OBS,501,Rousseau,Ines,,,,2026-03-31,09:24,finalisation,passe_autre_activite
OBS,501,Rousseau,Ines,,,,2026-03-31,09:26,difficulte,copie_correction
OBS,501,Andre,Elsa,,,,2026-03-31,09:13,tutorat,aide_si_sollicite
OBS,501,Andre,Elsa,,,,2026-03-31,09:15,participation,participe_spontanement
OBS,501,Andre,Elsa,,,,2026-03-31,09:17,ressources,utilise_document_r
OBS,501,Andre,Elsa,,,,2026-03-31,09:19,finalisation,corrige_erreur
OBS,501,Andre,Elsa,,,,2026-03-31,09:21,entree,demarre_immediat
OBS,501,Dubois,Lea,,,,2026-03-31,09:14,tutorat,aide_si_sollicite
OBS,501,Dubois,Lea,,,,2026-03-31,09:16,participation,participe_spontanement
OBS,501,Dubois,Lea,,,,2026-03-31,09:18,difficulte,cherche_seul
OBS,501,Dubois,Lea,,,,2026-03-31,09:20,ressources,echange_camarade
OBS,501,Fontaine,Mohamed,,,,2026-03-31,09:14,tutorat,donne_reponse_directe
OBS,501,Fontaine,Mohamed,,,,2026-03-31,09:16,participation,repond_si_insiste
OBS,501,Fontaine,Mohamed,,,,2026-03-31,09:18,attention,bavarde_travail
OBS,501,Fontaine,Mohamed,,,,2026-03-31,09:20,entree,attend_sans_commencer
OBS,501,Fontaine,Mohamed,,,,2026-03-31,09:22,difficulte,attend_d
OBS,501,Richard,Sofia,,,,2026-03-31,09:34,tutorat,donne_reponse_directe
OBS,501,Richard,Sofia,,,,2026-03-31,09:36,participation,ne_participe_pas
OBS,501,Richard,Sofia,,,,2026-03-31,09:38,finalisation,activite_incomplete
OBS,501,Richard,Sofia,,,,2026-03-31,09:40,attention,bavarde_hors_sujet
SESSION,501,demo_501_202604060900,1775458800000,1775462100000
OBS,501,Rousseau,Ines,,,,2026-04-06,09:33,tutorat,donne_reponse_directe
OBS,501,Rousseau,Ines,,,,2026-04-06,09:35,participation,repond_si_insiste
OBS,501,Rousseau,Ines,,,,2026-04-06,09:37,difficulte,observe_camarade
OBS,501,Rousseau,Ines,,,,2026-04-06,09:39,entree,ne_demarre_pas
OBS,501,Andre,Elsa,,,,2026-04-06,09:08,tutorat,explique_camarade
OBS,501,Andre,Elsa,,,,2026-04-06,09:10,participation,participe_spontanement
OBS,501,Andre,Elsa,,,,2026-04-06,09:12,finalisation,verifie_travail
OBS,501,Andre,Elsa,,,,2026-04-06,09:14,entree,demarre_relance
OBS,501,Andre,Elsa,,,,2026-04-06,09:16,difficulte,utilise_coup_de_pouce
OBS,501,Dubois,Lea,,,,2026-04-06,09:43,tutorat,donne_reponse_directe
OBS,501,Dubois,Lea,,,,2026-04-06,09:45,participation,repond_si_sollicite
OBS,501,Dubois,Lea,,,,2026-04-06,09:47,entree,demarre_relance
OBS,501,Dubois,Lea,,,,2026-04-06,09:49,difficulte,cherche_seul
OBS,501,Dubois,Lea,,,,2026-04-06,09:51,finalisation,passe_autre_activite
OBS,501,Fontaine,Mohamed,,,,2026-04-06,09:13,tutorat,donne_reponse_directe
OBS,501,Fontaine,Mohamed,,,,2026-04-06,09:15,participation,repond_si_insiste
OBS,501,Fontaine,Mohamed,,,,2026-04-06,09:17,entree,attend_sans_commencer
OBS,501,Fontaine,Mohamed,,,,2026-04-06,09:19,difficulte,observe_camarade
OBS,501,Richard,Sofia,,,,2026-04-06,09:07,tutorat,refuse_aider
OBS,501,Richard,Sofia,,,,2026-04-06,09:09,participation,ne_participe_pas
OBS,501,Richard,Sofia,,,,2026-04-06,09:11,ressources,attend_correction
OBS,501,Richard,Sofia,,,,2026-04-06,09:13,difficulte,copie_camarade
OBS,501,Richard,Sofia,,,,2026-04-06,09:15,entree,ne_demarre_pas
SESSION,501,demo_501_202604100900,1775804400000,1775807700000
OBS,501,Andre,Elsa,,,,2026-04-10,09:03,tutorat,explique_camarade
OBS,501,Andre,Elsa,,,,2026-04-10,09:05,participation,participe_spontanement
OBS,501,Andre,Elsa,,,,2026-04-10,09:07,difficulte,utilise_coup_de_pouce
OBS,501,Andre,Elsa,,,,2026-04-10,09:09,entree,demarre_immediat
OBS,501,Dubois,Lea,,,,2026-04-10,09:45,tutorat,aide_si_sollicite
OBS,501,Dubois,Lea,,,,2026-04-10,09:47,participation,repond_si_sollicite
OBS,501,Dubois,Lea,,,,2026-04-10,09:49,attention,concentre
OBS,501,Dubois,Lea,,,,2026-04-10,09:51,finalisation,corrige_erreur
OBS,501,Dubois,Lea,,,,2026-04-10,09:53,ressources,attend_professeur
OBS,501,Fontaine,Mohamed,,,,2026-04-10,09:33,tutorat,aide_si_sollicite
OBS,501,Fontaine,Mohamed,,,,2026-04-10,09:35,participation,repond_si_sollicite
OBS,501,Fontaine,Mohamed,,,,2026-04-10,09:37,attention,distrait_momentanement
OBS,501,Fontaine,Mohamed,,,,2026-04-10,09:39,finalisation,passe_autre_activite
OBS,501,Fontaine,Mohamed,,,,2026-04-10,09:41,ressources,utilise_aides_activite
SESSION,501,demo_501_202604160900,1776322800000,1776326100000
OBS,501,Rousseau,Ines,,,,2026-04-16,09:40,tutorat,refuse_aider
OBS,501,Rousseau,Ines,,,,2026-04-16,09:42,participation,ne_participe_pas
OBS,501,Rousseau,Ines,,,,2026-04-16,09:44,attention,revasse
OBS,501,Rousseau,Ines,,,,2026-04-16,09:46,finalisation,recopie_correction
OBS,501,Rousseau,Ines,,,,2026-04-16,09:48,ressources,attend_correction
OBS,501,Andre,Elsa,,,,2026-04-16,09:12,tutorat,aide_si_sollicite
OBS,501,Andre,Elsa,,,,2026-04-16,09:14,participation,repond_si_sollicite
OBS,501,Andre,Elsa,,,,2026-04-16,09:16,entree,demarre_relance
OBS,501,Andre,Elsa,,,,2026-04-16,09:18,finalisation,activite_terminee
OBS,501,Fontaine,Mohamed,,,,2026-04-16,09:19,tutorat,aide_si_sollicite
OBS,501,Fontaine,Mohamed,,,,2026-04-16,09:21,participation,repond_si_insiste
OBS,501,Fontaine,Mohamed,,,,2026-04-16,09:23,finalisation,activite_incomplete
OBS,501,Fontaine,Mohamed,,,,2026-04-16,09:25,entree,demarre_relance
OBS,501,Fontaine,Mohamed,,,,2026-04-16,09:27,attention,distrait_momentanement
OBS,501,Richard,Sofia,,,,2026-04-16,09:15,tutorat,donne_reponse_directe
OBS,501,Richard,Sofia,,,,2026-04-16,09:17,participation,repond_si_insiste
OBS,501,Richard,Sofia,,,,2026-04-16,09:19,finalisation,recopie_correction
OBS,501,Richard,Sofia,,,,2026-04-16,09:21,ressources,attend_correction
OBS,501,Richard,Sofia,,,,2026-04-16,09:23,attention,bavarde_hors_sujet
SESSION,501,demo_501_202604220900,1776841200000,1776844500000
OBS,501,Rousseau,Ines,,,,2026-04-22,09:34,tutorat,aide_si_sollicite
OBS,501,Rousseau,Ines,,,,2026-04-22,09:36,participation,repond_si_insiste
OBS,501,Rousseau,Ines,,,,2026-04-22,09:38,entree,attend_sans_commencer
OBS,501,Rousseau,Ines,,,,2026-04-22,09:40,ressources,sollicite_immediat
OBS,501,Dubois,Lea,,,,2026-04-22,09:34,tutorat,explique_camarade
OBS,501,Dubois,Lea,,,,2026-04-22,09:36,participation,repond_si_sollicite
OBS,501,Dubois,Lea,,,,2026-04-22,09:38,finalisation,activite_terminee
OBS,501,Dubois,Lea,,,,2026-04-22,09:40,attention,bavarde_travail
OBS,501,Dubois,Lea,,,,2026-04-22,09:42,ressources,sollicite_apres_cherche
SESSION,501,demo_501_202604280900,1777359600000,1777362900000
OBS,501,Rousseau,Ines,,,,2026-04-28,09:37,tutorat,aide_si_sollicite
OBS,501,Rousseau,Ines,,,,2026-04-28,09:39,participation,repond_si_insiste
OBS,501,Rousseau,Ines,,,,2026-04-28,09:41,entree,demarre_relance
OBS,501,Rousseau,Ines,,,,2026-04-28,09:43,finalisation,passe_autre_activite
OBS,501,Rousseau,Ines,,,,2026-04-28,09:45,attention,concentre
OBS,501,Andre,Elsa,,,,2026-04-28,09:15,tutorat,aide_si_sollicite
OBS,501,Andre,Elsa,,,,2026-04-28,09:17,participation,participe_spontanement
OBS,501,Andre,Elsa,,,,2026-04-28,09:19,finalisation,verifie_travail
OBS,501,Andre,Elsa,,,,2026-04-28,09:21,entree,demarre_immediat
OBS,501,Andre,Elsa,,,,2026-04-28,09:23,ressources,echange_camarade
OBS,501,Dubois,Lea,,,,2026-04-28,09:22,tutorat,aide_si_sollicite
OBS,501,Dubois,Lea,,,,2026-04-28,09:24,participation,repond_si_sollicite
OBS,501,Dubois,Lea,,,,2026-04-28,09:26,difficulte,demande_aide_pertinente
OBS,501,Dubois,Lea,,,,2026-04-28,09:28,finalisation,activite_terminee
OBS,501,Dubois,Lea,,,,2026-04-28,09:30,ressources,sollicite_immediat
OBS,501,Fontaine,Mohamed,,,,2026-04-28,09:29,tutorat,donne_reponse_directe
OBS,501,Fontaine,Mohamed,,,,2026-04-28,09:31,participation,repond_si_insiste
OBS,501,Fontaine,Mohamed,,,,2026-04-28,09:33,ressources,attend_professeur
OBS,501,Fontaine,Mohamed,,,,2026-04-28,09:35,finalisation,passe_autre_activite
OBS,501,Fontaine,Mohamed,,,,2026-04-28,09:37,entree,attend_sans_commencer
OBS,501,Richard,Sofia,,,,2026-04-28,09:38,tutorat,refuse_aider
OBS,501,Richard,Sofia,,,,2026-04-28,09:40,participation,ne_participe_pas
OBS,501,Richard,Sofia,,,,2026-04-28,09:42,difficulte,copie_correction
OBS,501,Richard,Sofia,,,,2026-04-28,09:44,entree,ne_demarre_pas
OBS,501,Richard,Sofia,,,,2026-04-28,09:46,ressources,attend_correction
SESSION,501,demo_501_202605040900,1777878000000,1777881300000
OBS,501,Rousseau,Ines,,,,2026-05-04,09:41,tutorat,donne_reponse_directe
OBS,501,Rousseau,Ines,,,,2026-05-04,09:43,participation,repond_si_insiste
OBS,501,Rousseau,Ines,,,,2026-05-04,09:45,entree,attend_sans_commencer
OBS,501,Rousseau,Ines,,,,2026-05-04,09:47,difficulte,attend_d
OBS,501,Rousseau,Ines,,,,2026-05-04,09:49,attention,distrait_momentanement
OBS,501,Andre,Elsa,,,,2026-05-04,09:17,tutorat,aide_si_sollicite
OBS,501,Andre,Elsa,,,,2026-05-04,09:19,participation,participe_spontanement
OBS,501,Andre,Elsa,,,,2026-05-04,09:21,entree,demarre_immediat
OBS,501,Andre,Elsa,,,,2026-05-04,09:23,attention,reconcentre_seul
OBS,501,Andre,Elsa,,,,2026-05-04,09:25,ressources,utilise_aides_activite
OBS,501,Dubois,Lea,,,,2026-05-04,09:39,tutorat,aide_si_sollicite
OBS,501,Dubois,Lea,,,,2026-05-04,09:41,participation,participe_spontanement
OBS,501,Dubois,Lea,,,,2026-05-04,09:43,finalisation,activite_terminee
OBS,501,Dubois,Lea,,,,2026-05-04,09:45,difficulte,demande_aide_pertinente
OBS,501,Richard,Sofia,,,,2026-05-04,09:22,tutorat,donne_reponse_directe
OBS,501,Richard,Sofia,,,,2026-05-04,09:24,participation,ne_participe_pas
OBS,501,Richard,Sofia,,,,2026-05-04,09:26,finalisation,recopie_correction
OBS,501,Richard,Sofia,,,,2026-05-04,09:28,ressources,attend_correction
OBS,501,Richard,Sofia,,,,2026-05-04,09:30,attention,bavarde_hors_sujet
SESSION,501,demo_501_202605080900,1778223600000,1778226900000
OBS,501,Rousseau,Ines,,,,2026-05-08,09:25,tutorat,aide_si_sollicite
OBS,501,Rousseau,Ines,,,,2026-05-08,09:27,participation,repond_si_insiste
OBS,501,Rousseau,Ines,,,,2026-05-08,09:29,ressources,attend_professeur
OBS,501,Rousseau,Ines,,,,2026-05-08,09:31,difficulte,attend_d
OBS,501,Rousseau,Ines,,,,2026-05-08,09:33,attention,bavarde_travail
OBS,501,Andre,Elsa,,,,2026-05-08,09:27,tutorat,explique_camarade
OBS,501,Andre,Elsa,,,,2026-05-08,09:29,participation,participe_spontanement
OBS,501,Andre,Elsa,,,,2026-05-08,09:31,ressources,sollicite_apres_cherche
OBS,501,Andre,Elsa,,,,2026-05-08,09:33,difficulte,utilise_coup_de_pouce
OBS,501,Andre,Elsa,,,,2026-05-08,09:35,entree,demarre_immediat
OBS,501,Fontaine,Mohamed,,,,2026-05-08,09:40,tutorat,aide_si_sollicite
OBS,501,Fontaine,Mohamed,,,,2026-05-08,09:42,participation,repond_si_insiste
OBS,501,Fontaine,Mohamed,,,,2026-05-08,09:44,entree,demarre_relance
OBS,501,Fontaine,Mohamed,,,,2026-05-08,09:46,ressources,utilise_aides_activite
OBS,501,Fontaine,Mohamed,,,,2026-05-08,09:48,finalisation,corrige_erreur
OBS,501,Richard,Sofia,,,,2026-05-08,09:24,tutorat,refuse_aider
OBS,501,Richard,Sofia,,,,2026-05-08,09:26,participation,repond_si_insiste
OBS,501,Richard,Sofia,,,,2026-05-08,09:28,attention,revasse
OBS,501,Richard,Sofia,,,,2026-05-08,09:30,entree,ne_demarre_pas
SESSION,501,demo_501_202605140900,1778742000000,1778745300000
OBS,501,Rousseau,Ines,,,,2026-05-14,09:46,tutorat,donne_reponse_directe
OBS,501,Rousseau,Ines,,,,2026-05-14,09:48,participation,ne_participe_pas
OBS,501,Rousseau,Ines,,,,2026-05-14,09:50,finalisation,recopie_correction
OBS,501,Rousseau,Ines,,,,2026-05-14,09:52,ressources,attend_correction
OBS,501,Andre,Elsa,,,,2026-05-14,09:36,tutorat,explique_camarade
OBS,501,Andre,Elsa,,,,2026-05-14,09:38,participation,repond_si_sollicite
OBS,501,Andre,Elsa,,,,2026-05-14,09:40,finalisation,activite_terminee
OBS,501,Andre,Elsa,,,,2026-05-14,09:42,attention,concentre
OBS,501,Dubois,Lea,,,,2026-05-14,09:36,tutorat,aide_si_sollicite
OBS,501,Dubois,Lea,,,,2026-05-14,09:38,participation,repond_si_insiste
OBS,501,Dubois,Lea,,,,2026-05-14,09:40,attention,distrait_momentanement
OBS,501,Dubois,Lea,,,,2026-05-14,09:42,entree,demarre_relance
OBS,501,Dubois,Lea,,,,2026-05-14,09:44,difficulte,attend_d
OBS,501,Fontaine,Mohamed,,,,2026-05-14,09:28,tutorat,aide_si_sollicite
OBS,501,Fontaine,Mohamed,,,,2026-05-14,09:30,participation,repond_si_sollicite
OBS,501,Fontaine,Mohamed,,,,2026-05-14,09:32,finalisation,passe_autre_activite
OBS,501,Fontaine,Mohamed,,,,2026-05-14,09:34,ressources,sollicite_apres_cherche
OBS,501,Fontaine,Mohamed,,,,2026-05-14,09:36,difficulte,attend_d
SESSION,501,demo_501_202605210900,1779346800000,1779350100000
OBS,501,Rousseau,Ines,,,,2026-05-21,09:23,tutorat,refuse_aider
OBS,501,Rousseau,Ines,,,,2026-05-21,09:25,participation,ne_participe_pas
OBS,501,Rousseau,Ines,,,,2026-05-21,09:27,ressources,attend_correction
OBS,501,Rousseau,Ines,,,,2026-05-21,09:29,difficulte,copie_camarade
OBS,501,Rousseau,Ines,,,,2026-05-21,09:31,entree,attend_sans_commencer
OBS,501,Dubois,Lea,,,,2026-05-21,09:31,tutorat,explique_camarade
OBS,501,Dubois,Lea,,,,2026-05-21,09:33,participation,repond_si_sollicite
OBS,501,Dubois,Lea,,,,2026-05-21,09:35,entree,demarre_immediat
OBS,501,Dubois,Lea,,,,2026-05-21,09:37,difficulte,demande_aide_pertinente
OBS,501,Dubois,Lea,,,,2026-05-21,09:39,attention,reconcentre_seul
OBS,501,Richard,Sofia,,,,2026-05-21,09:22,tutorat,refuse_aider
OBS,501,Richard,Sofia,,,,2026-05-21,09:24,participation,ne_participe_pas
OBS,501,Richard,Sofia,,,,2026-05-21,09:26,difficulte,copie_correction
OBS,501,Richard,Sofia,,,,2026-05-21,09:28,finalisation,recopie_correction
OBS,501,Richard,Sofia,,,,2026-05-21,09:30,ressources,attend_correction
SESSION,501,demo_501_202605270900,1779865200000,1779868500000
OBS,501,Denis,Rayan,,,,2026-05-27,09:13,tutorat,explique_camarade
OBS,501,Denis,Rayan,,,,2026-05-27,09:15,participation,participe_spontanement
OBS,501,Denis,Rayan,,,,2026-05-27,09:17,ressources,utilise_aides_activite
OBS,501,Denis,Rayan,,,,2026-05-27,09:19,finalisation,corrige_erreur
OBS,501,Denis,Rayan,,,,2026-05-27,09:21,attention,reconcentre_seul
OBS,501,Andre,Elsa,,,,2026-05-27,09:45,tutorat,explique_camarade
OBS,501,Andre,Elsa,,,,2026-05-27,09:47,participation,participe_spontanement
OBS,501,Andre,Elsa,,,,2026-05-27,09:49,ressources,sollicite_immediat
OBS,501,Andre,Elsa,,,,2026-05-27,09:51,difficulte,utilise_document_d
OBS,501,Andre,Elsa,,,,2026-05-27,09:53,attention,concentre
OBS,501,Richard,Sofia,,,,2026-05-27,09:13,tutorat,refuse_aider
OBS,501,Richard,Sofia,,,,2026-05-27,09:15,participation,ne_participe_pas
OBS,501,Richard,Sofia,,,,2026-05-27,09:17,ressources,attend_correction
OBS,501,Richard,Sofia,,,,2026-05-27,09:19,difficulte,copie_correction
OBS,501,Richard,Sofia,,,,2026-05-27,09:21,finalisation,recopie_correction
SESSION,501,demo_501_202606020900,1780383600000,1780386900000
OBS,501,Rousseau,Ines,,,,2026-06-02,09:45,tutorat,donne_reponse_directe
OBS,501,Rousseau,Ines,,,,2026-06-02,09:47,participation,ne_participe_pas
OBS,501,Rousseau,Ines,,,,2026-06-02,09:49,finalisation,activite_incomplete
OBS,501,Rousseau,Ines,,,,2026-06-02,09:51,attention,perturbe_camarade
OBS,501,Andre,Elsa,,,,2026-06-02,09:24,tutorat,aide_si_sollicite
OBS,501,Andre,Elsa,,,,2026-06-02,09:26,participation,participe_spontanement
OBS,501,Andre,Elsa,,,,2026-06-02,09:28,ressources,echange_camarade
OBS,501,Andre,Elsa,,,,2026-06-02,09:30,difficulte,utilise_document_d
OBS,501,Dubois,Lea,,,,2026-06-02,09:22,tutorat,aide_si_sollicite
OBS,501,Dubois,Lea,,,,2026-06-02,09:24,participation,repond_si_sollicite
OBS,501,Dubois,Lea,,,,2026-06-02,09:26,difficulte,cherche_seul
OBS,501,Dubois,Lea,,,,2026-06-02,09:28,entree,demarre_relance
OBS,501,Dubois,Lea,,,,2026-06-02,09:30,ressources,attend_professeur
OBS,501,Fontaine,Mohamed,,,,2026-06-02,09:32,tutorat,donne_reponse_directe
OBS,501,Fontaine,Mohamed,,,,2026-06-02,09:34,participation,repond_si_sollicite
OBS,501,Fontaine,Mohamed,,,,2026-06-02,09:36,difficulte,attend_d
OBS,501,Fontaine,Mohamed,,,,2026-06-02,09:38,entree,attend_sans_commencer
OBS,501,Richard,Sofia,,,,2026-06-02,09:07,tutorat,refuse_aider
OBS,501,Richard,Sofia,,,,2026-06-02,09:09,participation,repond_si_insiste
OBS,501,Richard,Sofia,,,,2026-06-02,09:11,entree,attend_sans_commencer
OBS,501,Richard,Sofia,,,,2026-06-02,09:13,ressources,sollicite_immediat
SESSION,501,demo_501_202606080900,1780902000000,1780905300000
OBS,501,Rousseau,Ines,,,,2026-06-08,09:16,tutorat,donne_reponse_directe
OBS,501,Rousseau,Ines,,,,2026-06-08,09:18,participation,repond_si_insiste
OBS,501,Rousseau,Ines,,,,2026-06-08,09:20,difficulte,attend_d
OBS,501,Rousseau,Ines,,,,2026-06-08,09:22,entree,ne_demarre_pas
OBS,501,Andre,Elsa,,,,2026-06-08,09:10,tutorat,explique_camarade
OBS,501,Andre,Elsa,,,,2026-06-08,09:12,participation,participe_spontanement
OBS,501,Andre,Elsa,,,,2026-06-08,09:14,ressources,sollicite_apres_cherche
OBS,501,Andre,Elsa,,,,2026-06-08,09:16,difficulte,utilise_document_d
OBS,501,Dubois,Lea,,,,2026-06-08,09:41,tutorat,aide_si_sollicite
OBS,501,Dubois,Lea,,,,2026-06-08,09:43,participation,repond_si_sollicite
OBS,501,Dubois,Lea,,,,2026-06-08,09:45,ressources,attend_professeur
OBS,501,Dubois,Lea,,,,2026-06-08,09:47,attention,distrait_momentanement
OBS,501,Fontaine,Mohamed,,,,2026-06-08,09:28,tutorat,donne_reponse_directe
OBS,501,Fontaine,Mohamed,,,,2026-06-08,09:30,participation,repond_si_insiste
OBS,501,Fontaine,Mohamed,,,,2026-06-08,09:32,attention,bavarde_travail
OBS,501,Fontaine,Mohamed,,,,2026-06-08,09:34,entree,attend_sans_commencer
OBS,501,Fontaine,Mohamed,,,,2026-06-08,09:36,ressources,attend_professeur
OBS,501,Richard,Sofia,,,,2026-06-08,09:47,tutorat,refuse_aider
OBS,501,Richard,Sofia,,,,2026-06-08,09:49,participation,ne_participe_pas
OBS,501,Richard,Sofia,,,,2026-06-08,09:51,ressources,attend_correction
OBS,501,Richard,Sofia,,,,2026-06-08,09:53,difficulte,copie_correction
OBS,501,Richard,Sofia,,,,2026-06-08,09:53,entree,ne_demarre_pas
SESSION,501,demo_501_202606120900,1781247600000,1781250900000
OBS,501,Rousseau,Ines,,,,2026-06-12,09:02,tutorat,donne_reponse_directe
OBS,501,Rousseau,Ines,,,,2026-06-12,09:04,participation,ne_participe_pas
OBS,501,Rousseau,Ines,,,,2026-06-12,09:06,finalisation,activite_incomplete
OBS,501,Rousseau,Ines,,,,2026-06-12,09:08,ressources,attend_correction
OBS,501,Rousseau,Ines,,,,2026-06-12,09:10,attention,bavarde_hors_sujet
OBS,501,Andre,Elsa,,,,2026-06-12,09:09,tutorat,aide_si_sollicite
OBS,501,Andre,Elsa,,,,2026-06-12,09:11,participation,repond_si_sollicite
OBS,501,Andre,Elsa,,,,2026-06-12,09:13,entree,demarre_immediat
OBS,501,Andre,Elsa,,,,2026-06-12,09:15,difficulte,cherche_seul
OBS,501,Andre,Elsa,,,,2026-06-12,09:17,ressources,echange_camarade
OBS,501,Dubois,Lea,,,,2026-06-12,09:06,tutorat,donne_reponse_directe
OBS,501,Dubois,Lea,,,,2026-06-12,09:08,participation,repond_si_insiste
OBS,501,Dubois,Lea,,,,2026-06-12,09:10,ressources,sollicite_immediat
OBS,501,Dubois,Lea,,,,2026-06-12,09:12,attention,bavarde_travail
OBS,501,Fontaine,Mohamed,,,,2026-06-12,09:27,tutorat,aide_si_sollicite
OBS,501,Fontaine,Mohamed,,,,2026-06-12,09:29,participation,repond_si_sollicite
OBS,501,Fontaine,Mohamed,,,,2026-06-12,09:31,difficulte,observe_camarade
OBS,501,Fontaine,Mohamed,,,,2026-06-12,09:33,entree,demarre_relance
SESSION,501,demo_501_202606180900,1781766000000,1781769300000
OBS,501,Andre,Elsa,,,,2026-06-18,09:41,tutorat,explique_camarade
OBS,501,Andre,Elsa,,,,2026-06-18,09:43,participation,participe_spontanement
OBS,501,Andre,Elsa,,,,2026-06-18,09:45,entree,demarre_immediat
OBS,501,Andre,Elsa,,,,2026-06-18,09:47,finalisation,corrige_erreur
OBS,501,Andre,Elsa,,,,2026-06-18,09:49,attention,concentre
OBS,501,Dubois,Lea,,,,2026-06-18,09:05,tutorat,aide_si_sollicite
OBS,501,Dubois,Lea,,,,2026-06-18,09:07,participation,participe_spontanement
OBS,501,Dubois,Lea,,,,2026-06-18,09:09,difficulte,observe_camarade
OBS,501,Dubois,Lea,,,,2026-06-18,09:11,entree,demarre_immediat
OBS,501,Fontaine,Mohamed,,,,2026-06-18,09:40,tutorat,aide_si_sollicite
OBS,501,Fontaine,Mohamed,,,,2026-06-18,09:42,participation,repond_si_sollicite
OBS,501,Fontaine,Mohamed,,,,2026-06-18,09:44,entree,demarre_relance
OBS,501,Fontaine,Mohamed,,,,2026-06-18,09:46,difficulte,attend_d
OBS,501,Fontaine,Mohamed,,,,2026-06-18,09:48,finalisation,activite_terminee
SESSION,501,demo_501_202606240900,1782284400000,1782287700000
OBS,501,Rousseau,Ines,,,,2026-06-24,09:06,tutorat,refuse_aider
OBS,501,Rousseau,Ines,,,,2026-06-24,09:08,participation,repond_si_insiste
OBS,501,Rousseau,Ines,,,,2026-06-24,09:10,attention,bavarde_travail
OBS,501,Rousseau,Ines,,,,2026-06-24,09:12,finalisation,passe_autre_activite
OBS,501,Andre,Elsa,,,,2026-06-24,09:15,tutorat,aide_si_sollicite
OBS,501,Andre,Elsa,,,,2026-06-24,09:17,participation,repond_si_sollicite
OBS,501,Andre,Elsa,,,,2026-06-24,09:19,finalisation,activite_terminee
OBS,501,Andre,Elsa,,,,2026-06-24,09:21,ressources,attend_professeur
OBS,501,Andre,Elsa,,,,2026-06-24,09:23,entree,demarre_immediat
OBS,501,Dubois,Lea,,,,2026-06-24,09:32,tutorat,donne_reponse_directe
OBS,501,Dubois,Lea,,,,2026-06-24,09:34,participation,repond_si_sollicite
OBS,501,Dubois,Lea,,,,2026-06-24,09:36,entree,demarre_relance
OBS,501,Dubois,Lea,,,,2026-06-24,09:38,difficulte,attend_d
OBS,501,Richard,Sofia,,,,2026-06-24,09:09,tutorat,refuse_aider
OBS,501,Richard,Sofia,,,,2026-06-24,09:11,participation,ne_participe_pas
OBS,501,Richard,Sofia,,,,2026-06-24,09:13,difficulte,copie_correction
OBS,501,Richard,Sofia,,,,2026-06-24,09:15,attention,perturbe_camarade
SESSION,501,demo_501_202606300900,1782802800000,1782806100000
OBS,501,Rousseau,Ines,,,,2026-06-30,09:27,tutorat,donne_reponse_directe
OBS,501,Rousseau,Ines,,,,2026-06-30,09:29,participation,repond_si_insiste
OBS,501,Rousseau,Ines,,,,2026-06-30,09:31,difficulte,observe_camarade
OBS,501,Rousseau,Ines,,,,2026-06-30,09:33,entree,attend_sans_commencer
OBS,501,Rousseau,Ines,,,,2026-06-30,09:35,attention,distrait_momentanement
OBS,501,Andre,Elsa,,,,2026-06-30,09:39,tutorat,explique_camarade
OBS,501,Andre,Elsa,,,,2026-06-30,09:41,participation,participe_spontanement
OBS,501,Andre,Elsa,,,,2026-06-30,09:43,ressources,utilise_document_r
OBS,501,Andre,Elsa,,,,2026-06-30,09:45,attention,concentre
OBS,501,Dubois,Lea,,,,2026-06-30,09:11,tutorat,donne_reponse_directe
OBS,501,Dubois,Lea,,,,2026-06-30,09:13,participation,participe_spontanement
OBS,501,Dubois,Lea,,,,2026-06-30,09:15,ressources,sollicite_immediat
OBS,501,Dubois,Lea,,,,2026-06-30,09:17,entree,demarre_relance
OBS,501,Richard,Sofia,,,,2026-06-30,09:23,tutorat,donne_reponse_directe
OBS,501,Richard,Sofia,,,,2026-06-30,09:25,participation,ne_participe_pas
OBS,501,Richard,Sofia,,,,2026-06-30,09:27,finalisation,recopie_correction
OBS,501,Richard,Sofia,,,,2026-06-30,09:29,entree,ne_demarre_pas
OBS,501,Richard,Sofia,,,,2026-06-30,09:31,attention,distrait_momentanement
SESSION,501,demo_501_202607060900,1783321200000,1783324500000
OBS,501,Dubois,Lea,,,,2026-07-06,09:47,tutorat,aide_si_sollicite
OBS,501,Dubois,Lea,,,,2026-07-06,09:49,participation,repond_si_sollicite
OBS,501,Dubois,Lea,,,,2026-07-06,09:51,difficulte,attend_d
OBS,501,Dubois,Lea,,,,2026-07-06,09:53,entree,demarre_relance
OBS,501,Fontaine,Mohamed,,,,2026-07-06,09:19,tutorat,aide_si_sollicite
OBS,501,Fontaine,Mohamed,,,,2026-07-06,09:21,participation,repond_si_insiste
OBS,501,Fontaine,Mohamed,,,,2026-07-06,09:23,difficulte,attend_d
OBS,501,Fontaine,Mohamed,,,,2026-07-06,09:25,finalisation,activite_terminee
OBS,501,Richard,Sofia,,,,2026-07-06,09:45,tutorat,refuse_aider
OBS,501,Richard,Sofia,,,,2026-07-06,09:47,participation,ne_participe_pas
OBS,501,Richard,Sofia,,,,2026-07-06,09:49,ressources,attend_correction
OBS,501,Richard,Sofia,,,,2026-07-06,09:51,entree,ne_demarre_pas
OBS,501,Richard,Sofia,,,,2026-07-06,09:53,difficulte,copie_camarade
SESSION,502,demo_502_202509081000,1757318400000,1757321700000
OBS,502,Petit,Camille,,,,2025-09-08,10:07,tutorat,explique_camarade
OBS,502,Petit,Camille,,,,2025-09-08,10:09,participation,repond_si_sollicite
OBS,502,Petit,Camille,,,,2025-09-08,10:11,entree,demarre_immediat
OBS,502,Petit,Camille,,,,2025-09-08,10:13,difficulte,utilise_document_d
OBS,502,Petit,Camille,,,,2025-09-08,10:15,finalisation,passe_autre_activite
OBS,502,Simon,Liam,,,,2025-09-08,10:14,tutorat,aide_si_sollicite
OBS,502,Simon,Liam,,,,2025-09-08,10:16,participation,repond_si_sollicite
OBS,502,Simon,Liam,,,,2025-09-08,10:18,attention,bavarde_travail
OBS,502,Simon,Liam,,,,2025-09-08,10:20,difficulte,observe_camarade
OBS,502,Simon,Liam,,,,2025-09-08,10:22,entree,ne_demarre_pas
OBS,502,Meunier,Mohamed,,,,2025-09-08,10:18,tutorat,donne_reponse_directe
OBS,502,Meunier,Mohamed,,,,2025-09-08,10:20,participation,repond_si_insiste
OBS,502,Meunier,Mohamed,,,,2025-09-08,10:22,attention,distrait_momentanement
OBS,502,Meunier,Mohamed,,,,2025-09-08,10:24,ressources,attend_correction
OBS,502,Lambert,Enzo,,,,2025-09-08,10:10,tutorat,donne_reponse_directe
OBS,502,Lambert,Enzo,,,,2025-09-08,10:12,participation,repond_si_sollicite
OBS,502,Lambert,Enzo,,,,2025-09-08,10:14,attention,bavarde_travail
OBS,502,Lambert,Enzo,,,,2025-09-08,10:16,finalisation,activite_incomplete
OBS,502,Vincent,Enzo,,,,2025-09-08,10:38,tutorat,explique_camarade
OBS,502,Vincent,Enzo,,,,2025-09-08,10:40,participation,participe_spontanement
OBS,502,Vincent,Enzo,,,,2025-09-08,10:42,attention,reconcentre_seul
OBS,502,Vincent,Enzo,,,,2025-09-08,10:44,entree,demarre_immediat
OBS,502,Vincent,Enzo,,,,2025-09-08,10:46,finalisation,verifie_travail
OBS,502,Robert,Simon,,,,2025-09-08,10:31,tutorat,donne_reponse_directe
OBS,502,Robert,Simon,,,,2025-09-08,10:33,participation,repond_si_insiste
OBS,502,Robert,Simon,,,,2025-09-08,10:35,entree,demarre_relance
OBS,502,Robert,Simon,,,,2025-09-08,10:37,difficulte,observe_camarade
OBS,502,Robin,Liam,,,,2025-09-08,10:15,tutorat,donne_reponse_directe
OBS,502,Robin,Liam,,,,2025-09-08,10:17,participation,repond_si_insiste
OBS,502,Robin,Liam,,,,2025-09-08,10:19,ressources,sollicite_immediat
OBS,502,Robin,Liam,,,,2025-09-08,10:21,difficulte,attend_d
OBS,502,Robin,Liam,,,,2025-09-08,10:23,finalisation,activite_incomplete
OBS,502,Renard,Lola,,,,2025-09-08,10:34,tutorat,aide_si_sollicite
OBS,502,Renard,Lola,,,,2025-09-08,10:36,participation,repond_si_insiste
OBS,502,Renard,Lola,,,,2025-09-08,10:38,attention,concentre
OBS,502,Renard,Lola,,,,2025-09-08,10:40,difficulte,observe_camarade
OBS,502,Renard,Lola,,,,2025-09-08,10:42,entree,demarre_relance
SESSION,502,demo_502_202509111000,1757577600000,1757580900000
OBS,502,Petit,Camille,,,,2025-09-11,10:38,tutorat,aide_si_sollicite
OBS,502,Petit,Camille,,,,2025-09-11,10:40,participation,repond_si_sollicite
OBS,502,Petit,Camille,,,,2025-09-11,10:42,attention,reconcentre_seul
OBS,502,Petit,Camille,,,,2025-09-11,10:44,finalisation,verifie_travail
OBS,502,Simon,Liam,,,,2025-09-11,10:27,tutorat,aide_si_sollicite
OBS,502,Simon,Liam,,,,2025-09-11,10:29,participation,repond_si_sollicite
OBS,502,Simon,Liam,,,,2025-09-11,10:31,difficulte,observe_camarade
OBS,502,Simon,Liam,,,,2025-09-11,10:33,ressources,attend_professeur
OBS,502,Meunier,Mohamed,,,,2025-09-11,10:45,tutorat,refuse_aider
OBS,502,Meunier,Mohamed,,,,2025-09-11,10:47,participation,ne_participe_pas
OBS,502,Meunier,Mohamed,,,,2025-09-11,10:49,ressources,attend_correction
OBS,502,Meunier,Mohamed,,,,2025-09-11,10:51,entree,ne_demarre_pas
OBS,502,Meunier,Mohamed,,,,2025-09-11,10:53,finalisation,recopie_correction
OBS,502,Lambert,Enzo,,,,2025-09-11,10:16,tutorat,aide_si_sollicite
OBS,502,Lambert,Enzo,,,,2025-09-11,10:18,participation,repond_si_sollicite
OBS,502,Lambert,Enzo,,,,2025-09-11,10:20,finalisation,activite_terminee
OBS,502,Lambert,Enzo,,,,2025-09-11,10:22,attention,bavarde_travail
OBS,502,Lambert,Enzo,,,,2025-09-11,10:24,difficulte,attend_d
OBS,502,Vincent,Enzo,,,,2025-09-11,10:23,tutorat,explique_camarade
OBS,502,Vincent,Enzo,,,,2025-09-11,10:25,participation,repond_si_sollicite
OBS,502,Vincent,Enzo,,,,2025-09-11,10:27,ressources,utilise_aides_activite
OBS,502,Vincent,Enzo,,,,2025-09-11,10:29,entree,demarre_relance
OBS,502,Robin,Liam,,,,2025-09-11,10:04,tutorat,refuse_aider
OBS,502,Robin,Liam,,,,2025-09-11,10:06,participation,ne_participe_pas
OBS,502,Robin,Liam,,,,2025-09-11,10:08,finalisation,recopie_correction
OBS,502,Robin,Liam,,,,2025-09-11,10:10,difficulte,copie_correction
OBS,502,Robin,Liam,,,,2025-09-11,10:12,attention,perturbe_camarade
OBS,502,Renard,Lola,,,,2025-09-11,10:21,tutorat,aide_si_sollicite
OBS,502,Renard,Lola,,,,2025-09-11,10:23,participation,participe_spontanement
OBS,502,Renard,Lola,,,,2025-09-11,10:25,difficulte,cherche_seul
OBS,502,Renard,Lola,,,,2025-09-11,10:27,attention,concentre
SESSION,502,demo_502_202509161000,1758009600000,1758012900000
OBS,502,Petit,Camille,,,,2025-09-16,10:11,tutorat,explique_camarade
OBS,502,Petit,Camille,,,,2025-09-16,10:13,participation,participe_spontanement
OBS,502,Petit,Camille,,,,2025-09-16,10:15,entree,demarre_relance
OBS,502,Petit,Camille,,,,2025-09-16,10:17,ressources,sollicite_immediat
OBS,502,Petit,Camille,,,,2025-09-16,10:19,attention,concentre
OBS,502,Simon,Liam,,,,2025-09-16,10:14,tutorat,donne_reponse_directe
OBS,502,Simon,Liam,,,,2025-09-16,10:16,participation,repond_si_insiste
OBS,502,Simon,Liam,,,,2025-09-16,10:18,difficulte,observe_camarade
OBS,502,Simon,Liam,,,,2025-09-16,10:20,entree,attend_sans_commencer
OBS,502,Meunier,Mohamed,,,,2025-09-16,10:26,tutorat,refuse_aider
OBS,502,Meunier,Mohamed,,,,2025-09-16,10:28,participation,ne_participe_pas
OBS,502,Meunier,Mohamed,,,,2025-09-16,10:30,finalisation,recopie_correction
OBS,502,Meunier,Mohamed,,,,2025-09-16,10:32,attention,bavarde_hors_sujet
OBS,502,Lambert,Enzo,,,,2025-09-16,10:24,tutorat,aide_si_sollicite
OBS,502,Lambert,Enzo,,,,2025-09-16,10:26,participation,participe_spontanement
OBS,502,Lambert,Enzo,,,,2025-09-16,10:28,ressources,sollicite_apres_cherche
OBS,502,Lambert,Enzo,,,,2025-09-16,10:30,finalisation,verifie_travail
OBS,502,Vincent,Enzo,,,,2025-09-16,10:22,tutorat,aide_si_sollicite
OBS,502,Vincent,Enzo,,,,2025-09-16,10:24,participation,repond_si_sollicite
OBS,502,Vincent,Enzo,,,,2025-09-16,10:26,finalisation,activite_incomplete
OBS,502,Vincent,Enzo,,,,2025-09-16,10:28,attention,bavarde_travail
OBS,502,Robert,Simon,,,,2025-09-16,10:44,tutorat,aide_si_sollicite
OBS,502,Robert,Simon,,,,2025-09-16,10:46,participation,repond_si_sollicite
OBS,502,Robert,Simon,,,,2025-09-16,10:48,ressources,echange_camarade
OBS,502,Robert,Simon,,,,2025-09-16,10:50,entree,demarre_relance
OBS,502,Robert,Simon,,,,2025-09-16,10:52,finalisation,passe_autre_activite
OBS,502,Robin,Liam,,,,2025-09-16,10:18,tutorat,refuse_aider
OBS,502,Robin,Liam,,,,2025-09-16,10:20,participation,ne_participe_pas
OBS,502,Robin,Liam,,,,2025-09-16,10:22,difficulte,copie_camarade
OBS,502,Robin,Liam,,,,2025-09-16,10:24,entree,ne_demarre_pas
OBS,502,Robin,Liam,,,,2025-09-16,10:26,finalisation,recopie_correction
OBS,502,Renard,Lola,,,,2025-09-16,10:07,tutorat,aide_si_sollicite
OBS,502,Renard,Lola,,,,2025-09-16,10:09,participation,repond_si_sollicite
OBS,502,Renard,Lola,,,,2025-09-16,10:11,difficulte,observe_camarade
OBS,502,Renard,Lola,,,,2025-09-16,10:13,finalisation,passe_autre_activite
SESSION,502,demo_502_202509221000,1758528000000,1758531300000
OBS,502,Petit,Camille,,,,2025-09-22,10:13,tutorat,aide_si_sollicite
OBS,502,Petit,Camille,,,,2025-09-22,10:15,participation,repond_si_sollicite
OBS,502,Petit,Camille,,,,2025-09-22,10:17,entree,attend_sans_commencer
OBS,502,Petit,Camille,,,,2025-09-22,10:19,finalisation,corrige_erreur
OBS,502,Simon,Liam,,,,2025-09-22,10:03,tutorat,aide_si_sollicite
OBS,502,Simon,Liam,,,,2025-09-22,10:05,participation,repond_si_sollicite
OBS,502,Simon,Liam,,,,2025-09-22,10:07,finalisation,activite_incomplete
OBS,502,Simon,Liam,,,,2025-09-22,10:09,attention,bavarde_travail
OBS,502,Robert,Simon,,,,2025-09-22,10:21,tutorat,aide_si_sollicite
OBS,502,Robert,Simon,,,,2025-09-22,10:23,participation,repond_si_insiste
OBS,502,Robert,Simon,,,,2025-09-22,10:25,finalisation,activite_incomplete
OBS,502,Robert,Simon,,,,2025-09-22,10:27,entree,attend_sans_commencer
OBS,502,Robin,Liam,,,,2025-09-22,10:29,tutorat,refuse_aider
OBS,502,Robin,Liam,,,,2025-09-22,10:31,participation,ne_participe_pas
OBS,502,Robin,Liam,,,,2025-09-22,10:33,entree,ne_demarre_pas
OBS,502,Robin,Liam,,,,2025-09-22,10:35,ressources,attend_correction
SESSION,502,demo_502_202509251000,1758787200000,1758790500000
OBS,502,Simon,Liam,,,,2025-09-25,10:12,tutorat,explique_camarade
OBS,502,Simon,Liam,,,,2025-09-25,10:14,participation,repond_si_sollicite
OBS,502,Simon,Liam,,,,2025-09-25,10:16,ressources,utilise_aides_activite
OBS,502,Simon,Liam,,,,2025-09-25,10:18,finalisation,passe_autre_activite
OBS,502,Simon,Liam,,,,2025-09-25,10:20,entree,demarre_relance
OBS,502,Meunier,Mohamed,,,,2025-09-25,10:15,tutorat,refuse_aider
OBS,502,Meunier,Mohamed,,,,2025-09-25,10:17,participation,ne_participe_pas
OBS,502,Meunier,Mohamed,,,,2025-09-25,10:19,attention,distrait_momentanement
OBS,502,Meunier,Mohamed,,,,2025-09-25,10:21,difficulte,attend_d
OBS,502,Lambert,Enzo,,,,2025-09-25,10:41,tutorat,aide_si_sollicite
OBS,502,Lambert,Enzo,,,,2025-09-25,10:43,participation,repond_si_sollicite
OBS,502,Lambert,Enzo,,,,2025-09-25,10:45,ressources,attend_professeur
OBS,502,Lambert,Enzo,,,,2025-09-25,10:47,finalisation,activite_incomplete
OBS,502,Vincent,Enzo,,,,2025-09-25,10:39,tutorat,aide_si_sollicite
OBS,502,Vincent,Enzo,,,,2025-09-25,10:41,participation,participe_spontanement
OBS,502,Vincent,Enzo,,,,2025-09-25,10:43,entree,demarre_relance
OBS,502,Vincent,Enzo,,,,2025-09-25,10:45,attention,concentre
OBS,502,Robert,Simon,,,,2025-09-25,10:16,tutorat,aide_si_sollicite
OBS,502,Robert,Simon,,,,2025-09-25,10:18,participation,repond_si_insiste
OBS,502,Robert,Simon,,,,2025-09-25,10:20,entree,demarre_relance
OBS,502,Robert,Simon,,,,2025-09-25,10:22,difficulte,cherche_seul
OBS,502,Robert,Simon,,,,2025-09-25,10:24,ressources,sollicite_immediat
OBS,502,Renard,Lola,,,,2025-09-25,10:26,tutorat,aide_si_sollicite
OBS,502,Renard,Lola,,,,2025-09-25,10:28,participation,repond_si_insiste
OBS,502,Renard,Lola,,,,2025-09-25,10:30,entree,demarre_relance
OBS,502,Renard,Lola,,,,2025-09-25,10:32,difficulte,observe_camarade
SESSION,502,demo_502_202510011000,1759305600000,1759308900000
OBS,502,Petit,Camille,,,,2025-10-01,10:13,tutorat,aide_si_sollicite
OBS,502,Petit,Camille,,,,2025-10-01,10:15,participation,repond_si_sollicite
OBS,502,Petit,Camille,,,,2025-10-01,10:17,finalisation,corrige_erreur
OBS,502,Petit,Camille,,,,2025-10-01,10:19,ressources,sollicite_immediat
OBS,502,Simon,Liam,,,,2025-10-01,10:26,tutorat,aide_si_sollicite
OBS,502,Simon,Liam,,,,2025-10-01,10:28,participation,participe_spontanement
OBS,502,Simon,Liam,,,,2025-10-01,10:30,entree,demarre_relance
OBS,502,Simon,Liam,,,,2025-10-01,10:32,finalisation,corrige_erreur
OBS,502,Lambert,Enzo,,,,2025-10-01,10:45,tutorat,aide_si_sollicite
OBS,502,Lambert,Enzo,,,,2025-10-01,10:47,participation,repond_si_insiste
OBS,502,Lambert,Enzo,,,,2025-10-01,10:49,entree,attend_sans_commencer
OBS,502,Lambert,Enzo,,,,2025-10-01,10:51,finalisation,passe_autre_activite
OBS,502,Vincent,Enzo,,,,2025-10-01,10:09,tutorat,explique_camarade
OBS,502,Vincent,Enzo,,,,2025-10-01,10:11,participation,participe_spontanement
OBS,502,Vincent,Enzo,,,,2025-10-01,10:13,entree,demarre_immediat
OBS,502,Vincent,Enzo,,,,2025-10-01,10:15,finalisation,activite_terminee
OBS,502,Robert,Simon,,,,2025-10-01,10:03,tutorat,aide_si_sollicite
OBS,502,Robert,Simon,,,,2025-10-01,10:05,participation,repond_si_sollicite
OBS,502,Robert,Simon,,,,2025-10-01,10:07,entree,demarre_relance
OBS,502,Robert,Simon,,,,2025-10-01,10:09,finalisation,activite_incomplete
OBS,502,Robin,Liam,,,,2025-10-01,10:38,tutorat,refuse_aider
OBS,502,Robin,Liam,,,,2025-10-01,10:40,participation,repond_si_insiste
OBS,502,Robin,Liam,,,,2025-10-01,10:42,finalisation,recopie_correction
OBS,502,Robin,Liam,,,,2025-10-01,10:44,ressources,sollicite_immediat
SESSION,502,demo_502_202510061000,1759737600000,1759740900000
OBS,502,Petit,Camille,,,,2025-10-06,10:29,tutorat,aide_si_sollicite
OBS,502,Petit,Camille,,,,2025-10-06,10:31,participation,repond_si_sollicite
OBS,502,Petit,Camille,,,,2025-10-06,10:33,difficulte,observe_camarade
OBS,502,Petit,Camille,,,,2025-10-06,10:35,ressources,echange_camarade
OBS,502,Simon,Liam,,,,2025-10-06,10:05,tutorat,aide_si_sollicite
OBS,502,Simon,Liam,,,,2025-10-06,10:07,participation,participe_spontanement
OBS,502,Simon,Liam,,,,2025-10-06,10:09,entree,demarre_relance
OBS,502,Simon,Liam,,,,2025-10-06,10:11,finalisation,passe_autre_activite
OBS,502,Simon,Liam,,,,2025-10-06,10:13,difficulte,attend_d
OBS,502,Meunier,Mohamed,,,,2025-10-06,10:12,tutorat,refuse_aider
OBS,502,Meunier,Mohamed,,,,2025-10-06,10:14,participation,ne_participe_pas
OBS,502,Meunier,Mohamed,,,,2025-10-06,10:16,entree,ne_demarre_pas
OBS,502,Meunier,Mohamed,,,,2025-10-06,10:18,ressources,attend_correction
OBS,502,Meunier,Mohamed,,,,2025-10-06,10:20,difficulte,copie_camarade
OBS,502,Lambert,Enzo,,,,2025-10-06,10:13,tutorat,donne_reponse_directe
OBS,502,Lambert,Enzo,,,,2025-10-06,10:15,participation,repond_si_sollicite
OBS,502,Lambert,Enzo,,,,2025-10-06,10:17,entree,demarre_relance
OBS,502,Lambert,Enzo,,,,2025-10-06,10:19,difficulte,observe_camarade
OBS,502,Vincent,Enzo,,,,2025-10-06,10:13,tutorat,explique_camarade
OBS,502,Vincent,Enzo,,,,2025-10-06,10:15,participation,participe_spontanement
OBS,502,Vincent,Enzo,,,,2025-10-06,10:17,ressources,echange_camarade
OBS,502,Vincent,Enzo,,,,2025-10-06,10:19,finalisation,verifie_travail
OBS,502,Robert,Simon,,,,2025-10-06,10:01,tutorat,donne_reponse_directe
OBS,502,Robert,Simon,,,,2025-10-06,10:03,participation,repond_si_sollicite
OBS,502,Robert,Simon,,,,2025-10-06,10:05,entree,demarre_relance
OBS,502,Robert,Simon,,,,2025-10-06,10:07,ressources,utilise_document_r
OBS,502,Renard,Lola,,,,2025-10-06,10:23,tutorat,aide_si_sollicite
OBS,502,Renard,Lola,,,,2025-10-06,10:25,participation,repond_si_sollicite
OBS,502,Renard,Lola,,,,2025-10-06,10:27,difficulte,attend_d
OBS,502,Renard,Lola,,,,2025-10-06,10:29,attention,bavarde_travail
SESSION,502,demo_502_202510091000,1759996800000,1760000100000
OBS,502,Petit,Camille,,,,2025-10-09,10:40,tutorat,explique_camarade
OBS,502,Petit,Camille,,,,2025-10-09,10:42,participation,participe_spontanement
OBS,502,Petit,Camille,,,,2025-10-09,10:44,difficulte,utilise_coup_de_pouce
OBS,502,Petit,Camille,,,,2025-10-09,10:46,entree,demarre_immediat
OBS,502,Petit,Camille,,,,2025-10-09,10:48,ressources,sollicite_immediat
OBS,502,Simon,Liam,,,,2025-10-09,10:46,tutorat,donne_reponse_directe
OBS,502,Simon,Liam,,,,2025-10-09,10:48,participation,repond_si_insiste
OBS,502,Simon,Liam,,,,2025-10-09,10:50,finalisation,activite_incomplete
OBS,502,Simon,Liam,,,,2025-10-09,10:52,entree,demarre_relance
OBS,502,Simon,Liam,,,,2025-10-09,10:53,ressources,attend_professeur
OBS,502,Meunier,Mohamed,,,,2025-10-09,10:01,tutorat,refuse_aider
OBS,502,Meunier,Mohamed,,,,2025-10-09,10:03,participation,ne_participe_pas
OBS,502,Meunier,Mohamed,,,,2025-10-09,10:05,finalisation,recopie_correction
OBS,502,Meunier,Mohamed,,,,2025-10-09,10:07,entree,ne_demarre_pas
OBS,502,Meunier,Mohamed,,,,2025-10-09,10:09,attention,perturbe_camarade
OBS,502,Lambert,Enzo,,,,2025-10-09,10:11,tutorat,aide_si_sollicite
OBS,502,Lambert,Enzo,,,,2025-10-09,10:13,participation,repond_si_insiste
OBS,502,Lambert,Enzo,,,,2025-10-09,10:15,ressources,echange_camarade
OBS,502,Lambert,Enzo,,,,2025-10-09,10:17,difficulte,attend_d
OBS,502,Lambert,Enzo,,,,2025-10-09,10:19,attention,concentre
OBS,502,Vincent,Enzo,,,,2025-10-09,10:03,tutorat,aide_si_sollicite
OBS,502,Vincent,Enzo,,,,2025-10-09,10:05,participation,participe_spontanement
OBS,502,Vincent,Enzo,,,,2025-10-09,10:07,finalisation,verifie_travail
OBS,502,Vincent,Enzo,,,,2025-10-09,10:09,difficulte,utilise_coup_de_pouce
OBS,502,Vincent,Enzo,,,,2025-10-09,10:11,ressources,echange_camarade
OBS,502,Robert,Simon,,,,2025-10-09,10:26,tutorat,donne_reponse_directe
OBS,502,Robert,Simon,,,,2025-10-09,10:28,participation,repond_si_insiste
OBS,502,Robert,Simon,,,,2025-10-09,10:30,entree,attend_sans_commencer
OBS,502,Robert,Simon,,,,2025-10-09,10:32,ressources,attend_correction
OBS,502,Robin,Liam,,,,2025-10-09,10:01,tutorat,refuse_aider
OBS,502,Robin,Liam,,,,2025-10-09,10:03,participation,ne_participe_pas
OBS,502,Robin,Liam,,,,2025-10-09,10:05,entree,attend_sans_commencer
OBS,502,Robin,Liam,,,,2025-10-09,10:07,finalisation,passe_autre_activite
OBS,502,Robin,Liam,,,,2025-10-09,10:09,attention,revasse
OBS,502,Renard,Lola,,,,2025-10-09,10:36,tutorat,donne_reponse_directe
OBS,502,Renard,Lola,,,,2025-10-09,10:38,participation,repond_si_insiste
OBS,502,Renard,Lola,,,,2025-10-09,10:40,finalisation,activite_incomplete
OBS,502,Renard,Lola,,,,2025-10-09,10:42,ressources,attend_professeur
SESSION,502,demo_502_202510151000,1760515200000,1760518500000
OBS,502,Petit,Camille,,,,2025-10-15,10:43,tutorat,donne_reponse_directe
OBS,502,Petit,Camille,,,,2025-10-15,10:45,participation,repond_si_insiste
OBS,502,Petit,Camille,,,,2025-10-15,10:47,attention,bavarde_travail
OBS,502,Petit,Camille,,,,2025-10-15,10:49,difficulte,observe_camarade
OBS,502,Petit,Camille,,,,2025-10-15,10:51,finalisation,activite_incomplete
OBS,502,Lambert,Enzo,,,,2025-10-15,10:16,tutorat,donne_reponse_directe
OBS,502,Lambert,Enzo,,,,2025-10-15,10:18,participation,repond_si_insiste
OBS,502,Lambert,Enzo,,,,2025-10-15,10:20,finalisation,passe_autre_activite
OBS,502,Lambert,Enzo,,,,2025-10-15,10:22,entree,attend_sans_commencer
OBS,502,Lambert,Enzo,,,,2025-10-15,10:24,ressources,utilise_document_r
OBS,502,Vincent,Enzo,,,,2025-10-15,10:38,tutorat,explique_camarade
OBS,502,Vincent,Enzo,,,,2025-10-15,10:40,participation,participe_spontanement
OBS,502,Vincent,Enzo,,,,2025-10-15,10:42,entree,demarre_relance
OBS,502,Vincent,Enzo,,,,2025-10-15,10:44,finalisation,verifie_travail
OBS,502,Vincent,Enzo,,,,2025-10-15,10:46,attention,concentre
OBS,502,Robert,Simon,,,,2025-10-15,10:28,tutorat,aide_si_sollicite
OBS,502,Robert,Simon,,,,2025-10-15,10:30,participation,repond_si_sollicite
OBS,502,Robert,Simon,,,,2025-10-15,10:32,finalisation,activite_incomplete
OBS,502,Robert,Simon,,,,2025-10-15,10:34,difficulte,utilise_coup_de_pouce
OBS,502,Robert,Simon,,,,2025-10-15,10:36,entree,demarre_immediat
OBS,502,Robin,Liam,,,,2025-10-15,10:04,tutorat,refuse_aider
OBS,502,Robin,Liam,,,,2025-10-15,10:06,participation,repond_si_insiste
OBS,502,Robin,Liam,,,,2025-10-15,10:08,attention,bavarde_travail
OBS,502,Robin,Liam,,,,2025-10-15,10:10,entree,ne_demarre_pas
OBS,502,Robin,Liam,,,,2025-10-15,10:12,finalisation,recopie_correction
OBS,502,Renard,Lola,,,,2025-10-15,10:09,tutorat,aide_si_sollicite
OBS,502,Renard,Lola,,,,2025-10-15,10:11,participation,repond_si_insiste
OBS,502,Renard,Lola,,,,2025-10-15,10:13,attention,concentre
OBS,502,Renard,Lola,,,,2025-10-15,10:15,ressources,sollicite_immediat
OBS,502,Renard,Lola,,,,2025-10-15,10:17,difficulte,attend_d
SESSION,502,demo_502_202511031000,1762160400000,1762163700000
OBS,502,Petit,Camille,,,,2025-11-03,10:07,tutorat,refuse_aider
OBS,502,Petit,Camille,,,,2025-11-03,10:09,participation,repond_si_insiste
OBS,502,Petit,Camille,,,,2025-11-03,10:11,difficulte,attend_d
OBS,502,Petit,Camille,,,,2025-11-03,10:13,attention,revasse
OBS,502,Simon,Liam,,,,2025-11-03,10:31,tutorat,aide_si_sollicite
OBS,502,Simon,Liam,,,,2025-11-03,10:33,participation,repond_si_sollicite
OBS,502,Simon,Liam,,,,2025-11-03,10:35,finalisation,activite_incomplete
OBS,502,Simon,Liam,,,,2025-11-03,10:37,attention,bavarde_travail
OBS,502,Meunier,Mohamed,,,,2025-11-03,10:08,tutorat,donne_reponse_directe
OBS,502,Meunier,Mohamed,,,,2025-11-03,10:10,participation,ne_participe_pas
OBS,502,Meunier,Mohamed,,,,2025-11-03,10:12,finalisation,recopie_correction
OBS,502,Meunier,Mohamed,,,,2025-11-03,10:14,difficulte,attend_d
OBS,502,Lambert,Enzo,,,,2025-11-03,10:08,tutorat,donne_reponse_directe
OBS,502,Lambert,Enzo,,,,2025-11-03,10:10,participation,repond_si_sollicite
OBS,502,Lambert,Enzo,,,,2025-11-03,10:12,attention,distrait_momentanement
OBS,502,Lambert,Enzo,,,,2025-11-03,10:14,entree,attend_sans_commencer
OBS,502,Vincent,Enzo,,,,2025-11-03,10:06,tutorat,explique_camarade
OBS,502,Vincent,Enzo,,,,2025-11-03,10:08,participation,participe_spontanement
OBS,502,Vincent,Enzo,,,,2025-11-03,10:10,difficulte,demande_aide_pertinente
OBS,502,Vincent,Enzo,,,,2025-11-03,10:12,attention,reconcentre_seul
OBS,502,Vincent,Enzo,,,,2025-11-03,10:14,finalisation,corrige_erreur
OBS,502,Robert,Simon,,,,2025-11-03,10:26,tutorat,donne_reponse_directe
OBS,502,Robert,Simon,,,,2025-11-03,10:28,participation,repond_si_sollicite
OBS,502,Robert,Simon,,,,2025-11-03,10:30,attention,concentre
OBS,502,Robert,Simon,,,,2025-11-03,10:32,ressources,sollicite_immediat
OBS,502,Robin,Liam,,,,2025-11-03,10:33,tutorat,donne_reponse_directe
OBS,502,Robin,Liam,,,,2025-11-03,10:35,participation,repond_si_insiste
OBS,502,Robin,Liam,,,,2025-11-03,10:37,difficulte,attend_d
OBS,502,Robin,Liam,,,,2025-11-03,10:39,attention,bavarde_travail
OBS,502,Robin,Liam,,,,2025-11-03,10:41,entree,demarre_relance
SESSION,502,demo_502_202511071000,1762506000000,1762509300000
OBS,502,Petit,Camille,,,,2025-11-07,10:24,tutorat,aide_si_sollicite
OBS,502,Petit,Camille,,,,2025-11-07,10:26,participation,repond_si_insiste
OBS,502,Petit,Camille,,,,2025-11-07,10:28,finalisation,passe_autre_activite
OBS,502,Petit,Camille,,,,2025-11-07,10:30,difficulte,attend_d
OBS,502,Petit,Camille,,,,2025-11-07,10:32,ressources,attend_professeur
OBS,502,Simon,Liam,,,,2025-11-07,10:44,tutorat,aide_si_sollicite
OBS,502,Simon,Liam,,,,2025-11-07,10:46,participation,repond_si_sollicite
OBS,502,Simon,Liam,,,,2025-11-07,10:48,entree,demarre_relance
OBS,502,Simon,Liam,,,,2025-11-07,10:50,finalisation,activite_incomplete
OBS,502,Meunier,Mohamed,,,,2025-11-07,10:29,tutorat,refuse_aider
OBS,502,Meunier,Mohamed,,,,2025-11-07,10:31,participation,ne_participe_pas
OBS,502,Meunier,Mohamed,,,,2025-11-07,10:33,difficulte,copie_correction
OBS,502,Meunier,Mohamed,,,,2025-11-07,10:35,ressources,attend_correction
OBS,502,Meunier,Mohamed,,,,2025-11-07,10:37,entree,ne_demarre_pas
OBS,502,Lambert,Enzo,,,,2025-11-07,10:47,tutorat,donne_reponse_directe
OBS,502,Lambert,Enzo,,,,2025-11-07,10:49,participation,repond_si_insiste
OBS,502,Lambert,Enzo,,,,2025-11-07,10:51,ressources,sollicite_immediat
OBS,502,Lambert,Enzo,,,,2025-11-07,10:53,finalisation,activite_incomplete
OBS,502,Lambert,Enzo,,,,2025-11-07,10:53,difficulte,observe_camarade
OBS,502,Vincent,Enzo,,,,2025-11-07,10:16,tutorat,aide_si_sollicite
OBS,502,Vincent,Enzo,,,,2025-11-07,10:18,participation,participe_spontanement
OBS,502,Vincent,Enzo,,,,2025-11-07,10:20,finalisation,activite_terminee
OBS,502,Vincent,Enzo,,,,2025-11-07,10:22,difficulte,cherche_seul
OBS,502,Vincent,Enzo,,,,2025-11-07,10:24,entree,demarre_immediat
OBS,502,Robert,Simon,,,,2025-11-07,10:45,tutorat,explique_camarade
OBS,502,Robert,Simon,,,,2025-11-07,10:47,participation,repond_si_sollicite
OBS,502,Robert,Simon,,,,2025-11-07,10:49,attention,concentre
OBS,502,Robert,Simon,,,,2025-11-07,10:51,difficulte,utilise_coup_de_pouce
OBS,502,Robin,Liam,,,,2025-11-07,10:08,tutorat,donne_reponse_directe
OBS,502,Robin,Liam,,,,2025-11-07,10:10,participation,ne_participe_pas
OBS,502,Robin,Liam,,,,2025-11-07,10:12,difficulte,attend_d
OBS,502,Robin,Liam,,,,2025-11-07,10:14,entree,attend_sans_commencer
OBS,502,Renard,Lola,,,,2025-11-07,10:07,tutorat,aide_si_sollicite
OBS,502,Renard,Lola,,,,2025-11-07,10:09,participation,repond_si_insiste
OBS,502,Renard,Lola,,,,2025-11-07,10:11,entree,attend_sans_commencer
OBS,502,Renard,Lola,,,,2025-11-07,10:13,ressources,sollicite_immediat
SESSION,502,demo_502_202511121000,1762938000000,1762941300000
OBS,502,Petit,Camille,,,,2025-11-12,10:21,tutorat,aide_si_sollicite
OBS,502,Petit,Camille,,,,2025-11-12,10:23,participation,repond_si_sollicite
OBS,502,Petit,Camille,,,,2025-11-12,10:25,entree,demarre_relance
OBS,502,Petit,Camille,,,,2025-11-12,10:27,difficulte,observe_camarade
OBS,502,Simon,Liam,,,,2025-11-12,10:27,tutorat,aide_si_sollicite
OBS,502,Simon,Liam,,,,2025-11-12,10:29,participation,repond_si_sollicite
OBS,502,Simon,Liam,,,,2025-11-12,10:31,attention,reconcentre_seul
OBS,502,Simon,Liam,,,,2025-11-12,10:33,entree,demarre_relance
OBS,502,Simon,Liam,,,,2025-11-12,10:35,finalisation,activite_terminee
OBS,502,Meunier,Mohamed,,,,2025-11-12,10:22,tutorat,refuse_aider
OBS,502,Meunier,Mohamed,,,,2025-11-12,10:24,participation,ne_participe_pas
OBS,502,Meunier,Mohamed,,,,2025-11-12,10:26,difficulte,copie_camarade
OBS,502,Meunier,Mohamed,,,,2025-11-12,10:28,entree,ne_demarre_pas
OBS,502,Lambert,Enzo,,,,2025-11-12,10:05,tutorat,donne_reponse_directe
OBS,502,Lambert,Enzo,,,,2025-11-12,10:07,participation,repond_si_insiste
OBS,502,Lambert,Enzo,,,,2025-11-12,10:09,attention,distrait_momentanement
OBS,502,Lambert,Enzo,,,,2025-11-12,10:11,difficulte,observe_camarade
OBS,502,Vincent,Enzo,,,,2025-11-12,10:25,tutorat,aide_si_sollicite
OBS,502,Vincent,Enzo,,,,2025-11-12,10:27,participation,participe_spontanement
OBS,502,Vincent,Enzo,,,,2025-11-12,10:29,entree,demarre_relance
OBS,502,Vincent,Enzo,,,,2025-11-12,10:31,difficulte,attend_d
OBS,502,Robert,Simon,,,,2025-11-12,10:07,tutorat,donne_reponse_directe
OBS,502,Robert,Simon,,,,2025-11-12,10:09,participation,repond_si_insiste
OBS,502,Robert,Simon,,,,2025-11-12,10:11,ressources,echange_camarade
OBS,502,Robert,Simon,,,,2025-11-12,10:13,finalisation,passe_autre_activite
OBS,502,Robin,Liam,,,,2025-11-12,10:44,tutorat,refuse_aider
OBS,502,Robin,Liam,,,,2025-11-12,10:46,participation,repond_si_insiste
OBS,502,Robin,Liam,,,,2025-11-12,10:48,entree,attend_sans_commencer
OBS,502,Robin,Liam,,,,2025-11-12,10:50,finalisation,activite_incomplete
OBS,502,Renard,Lola,,,,2025-11-12,10:17,tutorat,aide_si_sollicite
OBS,502,Renard,Lola,,,,2025-11-12,10:19,participation,repond_si_sollicite
OBS,502,Renard,Lola,,,,2025-11-12,10:21,finalisation,passe_autre_activite
OBS,502,Renard,Lola,,,,2025-11-12,10:23,attention,distrait_momentanement
OBS,502,Renard,Lola,,,,2025-11-12,10:25,entree,attend_sans_commencer
SESSION,502,demo_502_202511171000,1763370000000,1763373300000
OBS,502,Simon,Liam,,,,2025-11-17,10:09,tutorat,donne_reponse_directe
OBS,502,Simon,Liam,,,,2025-11-17,10:11,participation,repond_si_insiste
OBS,502,Simon,Liam,,,,2025-11-17,10:13,difficulte,attend_d
OBS,502,Simon,Liam,,,,2025-11-17,10:15,ressources,sollicite_immediat
OBS,502,Lambert,Enzo,,,,2025-11-17,10:36,tutorat,donne_reponse_directe
OBS,502,Lambert,Enzo,,,,2025-11-17,10:38,participation,repond_si_sollicite
OBS,502,Lambert,Enzo,,,,2025-11-17,10:40,difficulte,attend_d
OBS,502,Lambert,Enzo,,,,2025-11-17,10:42,entree,attend_sans_commencer
OBS,502,Lambert,Enzo,,,,2025-11-17,10:44,finalisation,activite_incomplete
OBS,502,Vincent,Enzo,,,,2025-11-17,10:25,tutorat,aide_si_sollicite
OBS,502,Vincent,Enzo,,,,2025-11-17,10:27,participation,repond_si_sollicite
OBS,502,Vincent,Enzo,,,,2025-11-17,10:29,difficulte,cherche_seul
OBS,502,Vincent,Enzo,,,,2025-11-17,10:31,attention,concentre
OBS,502,Vincent,Enzo,,,,2025-11-17,10:33,entree,demarre_relance
OBS,502,Robert,Simon,,,,2025-11-17,10:39,tutorat,aide_si_sollicite
OBS,502,Robert,Simon,,,,2025-11-17,10:41,participation,participe_spontanement
OBS,502,Robert,Simon,,,,2025-11-17,10:43,attention,reconcentre_seul
OBS,502,Robert,Simon,,,,2025-11-17,10:45,ressources,sollicite_apres_cherche
OBS,502,Robin,Liam,,,,2025-11-17,10:14,tutorat,refuse_aider
OBS,502,Robin,Liam,,,,2025-11-17,10:16,participation,repond_si_insiste
OBS,502,Robin,Liam,,,,2025-11-17,10:18,difficulte,observe_camarade
OBS,502,Robin,Liam,,,,2025-11-17,10:20,entree,ne_demarre_pas
OBS,502,Robin,Liam,,,,2025-11-17,10:22,finalisation,recopie_correction
OBS,502,Renard,Lola,,,,2025-11-17,10:07,tutorat,aide_si_sollicite
OBS,502,Renard,Lola,,,,2025-11-17,10:09,participation,repond_si_insiste
OBS,502,Renard,Lola,,,,2025-11-17,10:11,difficulte,attend_d
OBS,502,Renard,Lola,,,,2025-11-17,10:13,finalisation,activite_incomplete
OBS,502,Renard,Lola,,,,2025-11-17,10:15,entree,attend_sans_commencer
SESSION,502,demo_502_202511211000,1763715600000,1763718900000
OBS,502,Petit,Camille,,,,2025-11-21,10:31,tutorat,aide_si_sollicite
OBS,502,Petit,Camille,,,,2025-11-21,10:33,participation,repond_si_sollicite
OBS,502,Petit,Camille,,,,2025-11-21,10:35,entree,demarre_immediat
OBS,502,Petit,Camille,,,,2025-11-21,10:37,attention,concentre
OBS,502,Simon,Liam,,,,2025-11-21,10:01,tutorat,aide_si_sollicite
OBS,502,Simon,Liam,,,,2025-11-21,10:03,participation,repond_si_sollicite
OBS,502,Simon,Liam,,,,2025-11-21,10:05,ressources,attend_professeur
OBS,502,Simon,Liam,,,,2025-11-21,10:07,entree,demarre_relance
OBS,502,Meunier,Mohamed,,,,2025-11-21,10:27,tutorat,donne_reponse_directe
OBS,502,Meunier,Mohamed,,,,2025-11-21,10:29,participation,repond_si_insiste
OBS,502,Meunier,Mohamed,,,,2025-11-21,10:31,attention,bavarde_travail
OBS,502,Meunier,Mohamed,,,,2025-11-21,10:33,entree,ne_demarre_pas
OBS,502,Meunier,Mohamed,,,,2025-11-21,10:35,ressources,attend_correction
OBS,502,Vincent,Enzo,,,,2025-11-21,10:10,tutorat,aide_si_sollicite
OBS,502,Vincent,Enzo,,,,2025-11-21,10:12,participation,participe_spontanement
OBS,502,Vincent,Enzo,,,,2025-11-21,10:14,attention,reconcentre_seul
OBS,502,Vincent,Enzo,,,,2025-11-21,10:16,finalisation,verifie_travail
OBS,502,Vincent,Enzo,,,,2025-11-21,10:18,ressources,sollicite_apres_cherche
OBS,502,Robert,Simon,,,,2025-11-21,10:44,tutorat,aide_si_sollicite
OBS,502,Robert,Simon,,,,2025-11-21,10:46,participation,participe_spontanement
OBS,502,Robert,Simon,,,,2025-11-21,10:48,attention,reconcentre_seul
OBS,502,Robert,Simon,,,,2025-11-21,10:50,ressources,utilise_aides_activite
OBS,502,Robin,Liam,,,,2025-11-21,10:20,tutorat,refuse_aider
OBS,502,Robin,Liam,,,,2025-11-21,10:22,participation,repond_si_insiste
OBS,502,Robin,Liam,,,,2025-11-21,10:24,finalisation,activite_incomplete
OBS,502,Robin,Liam,,,,2025-11-21,10:26,ressources,attend_professeur
OBS,502,Renard,Lola,,,,2025-11-21,10:01,tutorat,aide_si_sollicite
OBS,502,Renard,Lola,,,,2025-11-21,10:03,participation,repond_si_sollicite
OBS,502,Renard,Lola,,,,2025-11-21,10:05,entree,demarre_relance
OBS,502,Renard,Lola,,,,2025-11-21,10:07,finalisation,verifie_travail
SESSION,502,demo_502_202511261000,1764147600000,1764150900000
OBS,502,Petit,Camille,,,,2025-11-26,10:43,tutorat,donne_reponse_directe
OBS,502,Petit,Camille,,,,2025-11-26,10:45,participation,repond_si_sollicite
OBS,502,Petit,Camille,,,,2025-11-26,10:47,attention,perturbe_camarade
OBS,502,Petit,Camille,,,,2025-11-26,10:49,finalisation,passe_autre_activite
OBS,502,Meunier,Mohamed,,,,2025-11-26,10:19,tutorat,refuse_aider
OBS,502,Meunier,Mohamed,,,,2025-11-26,10:21,participation,ne_participe_pas
OBS,502,Meunier,Mohamed,,,,2025-11-26,10:23,attention,bavarde_hors_sujet
OBS,502,Meunier,Mohamed,,,,2025-11-26,10:25,entree,ne_demarre_pas
OBS,502,Meunier,Mohamed,,,,2025-11-26,10:27,difficulte,attend_d
OBS,502,Lambert,Enzo,,,,2025-11-26,10:27,tutorat,donne_reponse_directe
OBS,502,Lambert,Enzo,,,,2025-11-26,10:29,participation,repond_si_sollicite
OBS,502,Lambert,Enzo,,,,2025-11-26,10:31,finalisation,activite_incomplete
OBS,502,Lambert,Enzo,,,,2025-11-26,10:33,difficulte,cherche_seul
OBS,502,Lambert,Enzo,,,,2025-11-26,10:35,ressources,echange_camarade
OBS,502,Vincent,Enzo,,,,2025-11-26,10:18,tutorat,explique_camarade
OBS,502,Vincent,Enzo,,,,2025-11-26,10:20,participation,participe_spontanement
OBS,502,Vincent,Enzo,,,,2025-11-26,10:22,entree,demarre_immediat
OBS,502,Vincent,Enzo,,,,2025-11-26,10:24,difficulte,utilise_document_d
OBS,502,Vincent,Enzo,,,,2025-11-26,10:26,finalisation,activite_terminee
OBS,502,Robert,Simon,,,,2025-11-26,10:02,tutorat,donne_reponse_directe
OBS,502,Robert,Simon,,,,2025-11-26,10:04,participation,repond_si_sollicite
OBS,502,Robert,Simon,,,,2025-11-26,10:06,finalisation,activite_incomplete
OBS,502,Robert,Simon,,,,2025-11-26,10:08,ressources,sollicite_immediat
OBS,502,Robin,Liam,,,,2025-11-26,10:17,tutorat,donne_reponse_directe
OBS,502,Robin,Liam,,,,2025-11-26,10:19,participation,repond_si_insiste
OBS,502,Robin,Liam,,,,2025-11-26,10:21,difficulte,observe_camarade
OBS,502,Robin,Liam,,,,2025-11-26,10:23,finalisation,activite_incomplete
OBS,502,Robin,Liam,,,,2025-11-26,10:25,entree,attend_sans_commencer
OBS,502,Renard,Lola,,,,2025-11-26,10:22,tutorat,explique_camarade
OBS,502,Renard,Lola,,,,2025-11-26,10:24,participation,participe_spontanement
OBS,502,Renard,Lola,,,,2025-11-26,10:26,ressources,sollicite_apres_cherche
OBS,502,Renard,Lola,,,,2025-11-26,10:28,finalisation,activite_incomplete
SESSION,502,demo_502_202512021000,1764666000000,1764669300000
OBS,502,Petit,Camille,,,,2025-12-02,10:39,tutorat,donne_reponse_directe
OBS,502,Petit,Camille,,,,2025-12-02,10:41,participation,repond_si_sollicite
OBS,502,Petit,Camille,,,,2025-12-02,10:43,difficulte,demande_aide_pertinente
OBS,502,Petit,Camille,,,,2025-12-02,10:45,entree,demarre_relance
OBS,502,Petit,Camille,,,,2025-12-02,10:47,ressources,sollicite_immediat
OBS,502,Simon,Liam,,,,2025-12-02,10:39,tutorat,donne_reponse_directe
OBS,502,Simon,Liam,,,,2025-12-02,10:41,participation,repond_si_insiste
OBS,502,Simon,Liam,,,,2025-12-02,10:43,finalisation,passe_autre_activite
OBS,502,Simon,Liam,,,,2025-12-02,10:45,entree,attend_sans_commencer
OBS,502,Simon,Liam,,,,2025-12-02,10:47,difficulte,attend_d
OBS,502,Meunier,Mohamed,,,,2025-12-02,10:03,tutorat,refuse_aider
OBS,502,Meunier,Mohamed,,,,2025-12-02,10:05,participation,ne_participe_pas
OBS,502,Meunier,Mohamed,,,,2025-12-02,10:07,difficulte,copie_correction
OBS,502,Meunier,Mohamed,,,,2025-12-02,10:09,finalisation,recopie_correction
OBS,502,Lambert,Enzo,,,,2025-12-02,10:30,tutorat,donne_reponse_directe
OBS,502,Lambert,Enzo,,,,2025-12-02,10:32,participation,repond_si_sollicite
OBS,502,Lambert,Enzo,,,,2025-12-02,10:34,entree,demarre_relance
OBS,502,Lambert,Enzo,,,,2025-12-02,10:36,ressources,sollicite_immediat
OBS,502,Vincent,Enzo,,,,2025-12-02,10:09,tutorat,aide_si_sollicite
OBS,502,Vincent,Enzo,,,,2025-12-02,10:11,participation,repond_si_sollicite
OBS,502,Vincent,Enzo,,,,2025-12-02,10:13,difficulte,utilise_coup_de_pouce
OBS,502,Vincent,Enzo,,,,2025-12-02,10:15,finalisation,activite_terminee
OBS,502,Vincent,Enzo,,,,2025-12-02,10:17,entree,demarre_immediat
OBS,502,Robert,Simon,,,,2025-12-02,10:41,tutorat,aide_si_sollicite
OBS,502,Robert,Simon,,,,2025-12-02,10:43,participation,participe_spontanement
OBS,502,Robert,Simon,,,,2025-12-02,10:45,difficulte,utilise_coup_de_pouce
OBS,502,Robert,Simon,,,,2025-12-02,10:47,entree,demarre_relance
OBS,502,Robert,Simon,,,,2025-12-02,10:49,ressources,echange_camarade
OBS,502,Robin,Liam,,,,2025-12-02,10:27,tutorat,donne_reponse_directe
OBS,502,Robin,Liam,,,,2025-12-02,10:29,participation,repond_si_insiste
OBS,502,Robin,Liam,,,,2025-12-02,10:31,attention,revasse
OBS,502,Robin,Liam,,,,2025-12-02,10:33,entree,attend_sans_commencer
SESSION,502,demo_502_202512051000,1764925200000,1764928500000
OBS,502,Petit,Camille,,,,2025-12-05,10:06,tutorat,donne_reponse_directe
OBS,502,Petit,Camille,,,,2025-12-05,10:08,participation,repond_si_sollicite
OBS,502,Petit,Camille,,,,2025-12-05,10:10,attention,distrait_momentanement
OBS,502,Petit,Camille,,,,2025-12-05,10:12,entree,attend_sans_commencer
OBS,502,Simon,Liam,,,,2025-12-05,10:46,tutorat,donne_reponse_directe
OBS,502,Simon,Liam,,,,2025-12-05,10:48,participation,repond_si_sollicite
OBS,502,Simon,Liam,,,,2025-12-05,10:50,difficulte,observe_camarade
OBS,502,Simon,Liam,,,,2025-12-05,10:52,entree,attend_sans_commencer
OBS,502,Simon,Liam,,,,2025-12-05,10:53,ressources,attend_professeur
OBS,502,Meunier,Mohamed,,,,2025-12-05,10:05,tutorat,refuse_aider
OBS,502,Meunier,Mohamed,,,,2025-12-05,10:07,participation,ne_participe_pas
OBS,502,Meunier,Mohamed,,,,2025-12-05,10:09,entree,ne_demarre_pas
OBS,502,Meunier,Mohamed,,,,2025-12-05,10:11,ressources,attend_correction
OBS,502,Lambert,Enzo,,,,2025-12-05,10:17,tutorat,donne_reponse_directe
OBS,502,Lambert,Enzo,,,,2025-12-05,10:19,participation,repond_si_sollicite
OBS,502,Lambert,Enzo,,,,2025-12-05,10:21,ressources,sollicite_immediat
OBS,502,Lambert,Enzo,,,,2025-12-05,10:23,finalisation,passe_autre_activite
OBS,502,Vincent,Enzo,,,,2025-12-05,10:21,tutorat,explique_camarade
OBS,502,Vincent,Enzo,,,,2025-12-05,10:23,participation,participe_spontanement
OBS,502,Vincent,Enzo,,,,2025-12-05,10:25,difficulte,cherche_seul
OBS,502,Vincent,Enzo,,,,2025-12-05,10:27,finalisation,activite_terminee
OBS,502,Renard,Lola,,,,2025-12-05,10:39,tutorat,aide_si_sollicite
OBS,502,Renard,Lola,,,,2025-12-05,10:41,participation,repond_si_sollicite
OBS,502,Renard,Lola,,,,2025-12-05,10:43,difficulte,observe_camarade
OBS,502,Renard,Lola,,,,2025-12-05,10:45,ressources,sollicite_apres_cherche
SESSION,502,demo_502_202512101000,1765357200000,1765360500000
OBS,502,Petit,Camille,,,,2025-12-10,10:02,tutorat,explique_camarade
OBS,502,Petit,Camille,,,,2025-12-10,10:04,participation,repond_si_sollicite
OBS,502,Petit,Camille,,,,2025-12-10,10:06,entree,attend_sans_commencer
OBS,502,Petit,Camille,,,,2025-12-10,10:08,attention,concentre
OBS,502,Simon,Liam,,,,2025-12-10,10:36,tutorat,donne_reponse_directe
OBS,502,Simon,Liam,,,,2025-12-10,10:38,participation,repond_si_insiste
OBS,502,Simon,Liam,,,,2025-12-10,10:40,difficulte,attend_d
OBS,502,Simon,Liam,,,,2025-12-10,10:42,ressources,attend_professeur
OBS,502,Simon,Liam,,,,2025-12-10,10:44,attention,concentre
OBS,502,Meunier,Mohamed,,,,2025-12-10,10:35,tutorat,refuse_aider
OBS,502,Meunier,Mohamed,,,,2025-12-10,10:37,participation,ne_participe_pas
OBS,502,Meunier,Mohamed,,,,2025-12-10,10:39,difficulte,copie_camarade
OBS,502,Meunier,Mohamed,,,,2025-12-10,10:41,attention,bavarde_hors_sujet
OBS,502,Lambert,Enzo,,,,2025-12-10,10:22,tutorat,donne_reponse_directe
OBS,502,Lambert,Enzo,,,,2025-12-10,10:24,participation,repond_si_sollicite
OBS,502,Lambert,Enzo,,,,2025-12-10,10:26,entree,demarre_relance
OBS,502,Lambert,Enzo,,,,2025-12-10,10:28,attention,distrait_momentanement
OBS,502,Lambert,Enzo,,,,2025-12-10,10:30,difficulte,utilise_document_d
OBS,502,Vincent,Enzo,,,,2025-12-10,10:05,tutorat,explique_camarade
OBS,502,Vincent,Enzo,,,,2025-12-10,10:07,participation,participe_spontanement
OBS,502,Vincent,Enzo,,,,2025-12-10,10:09,finalisation,corrige_erreur
OBS,502,Vincent,Enzo,,,,2025-12-10,10:11,entree,demarre_immediat
OBS,502,Vincent,Enzo,,,,2025-12-10,10:13,ressources,sollicite_apres_cherche
OBS,502,Robert,Simon,,,,2025-12-10,10:20,tutorat,donne_reponse_directe
OBS,502,Robert,Simon,,,,2025-12-10,10:22,participation,repond_si_sollicite
OBS,502,Robert,Simon,,,,2025-12-10,10:24,difficulte,observe_camarade
OBS,502,Robert,Simon,,,,2025-12-10,10:26,entree,attend_sans_commencer
OBS,502,Robert,Simon,,,,2025-12-10,10:28,ressources,attend_professeur
OBS,502,Robin,Liam,,,,2025-12-10,10:35,tutorat,donne_reponse_directe
OBS,502,Robin,Liam,,,,2025-12-10,10:37,participation,repond_si_sollicite
OBS,502,Robin,Liam,,,,2025-12-10,10:39,finalisation,passe_autre_activite
OBS,502,Robin,Liam,,,,2025-12-10,10:41,entree,attend_sans_commencer
OBS,502,Renard,Lola,,,,2025-12-10,10:23,tutorat,donne_reponse_directe
OBS,502,Renard,Lola,,,,2025-12-10,10:25,participation,repond_si_insiste
OBS,502,Renard,Lola,,,,2025-12-10,10:27,attention,reconcentre_seul
OBS,502,Renard,Lola,,,,2025-12-10,10:29,ressources,sollicite_immediat
SESSION,502,demo_502_202512161000,1765875600000,1765878900000
OBS,502,Petit,Camille,,,,2025-12-16,10:10,tutorat,donne_reponse_directe
OBS,502,Petit,Camille,,,,2025-12-16,10:12,participation,repond_si_insiste
OBS,502,Petit,Camille,,,,2025-12-16,10:14,entree,demarre_relance
OBS,502,Petit,Camille,,,,2025-12-16,10:16,difficulte,observe_camarade
OBS,502,Simon,Liam,,,,2025-12-16,10:47,tutorat,aide_si_sollicite
OBS,502,Simon,Liam,,,,2025-12-16,10:49,participation,repond_si_sollicite
OBS,502,Simon,Liam,,,,2025-12-16,10:51,ressources,sollicite_immediat
OBS,502,Simon,Liam,,,,2025-12-16,10:53,finalisation,passe_autre_activite
OBS,502,Simon,Liam,,,,2025-12-16,10:53,attention,distrait_momentanement
OBS,502,Lambert,Enzo,,,,2025-12-16,10:31,tutorat,donne_reponse_directe
OBS,502,Lambert,Enzo,,,,2025-12-16,10:33,participation,repond_si_insiste
OBS,502,Lambert,Enzo,,,,2025-12-16,10:35,ressources,attend_professeur
OBS,502,Lambert,Enzo,,,,2025-12-16,10:37,attention,bavarde_travail
OBS,502,Vincent,Enzo,,,,2025-12-16,10:26,tutorat,aide_si_sollicite
OBS,502,Vincent,Enzo,,,,2025-12-16,10:28,participation,repond_si_sollicite
OBS,502,Vincent,Enzo,,,,2025-12-16,10:30,difficulte,cherche_seul
OBS,502,Vincent,Enzo,,,,2025-12-16,10:32,ressources,utilise_aides_activite
OBS,502,Robert,Simon,,,,2025-12-16,10:07,tutorat,aide_si_sollicite
OBS,502,Robert,Simon,,,,2025-12-16,10:09,participation,repond_si_sollicite
OBS,502,Robert,Simon,,,,2025-12-16,10:11,difficulte,utilise_document_d
OBS,502,Robert,Simon,,,,2025-12-16,10:13,entree,demarre_relance
OBS,502,Robin,Liam,,,,2025-12-16,10:01,tutorat,donne_reponse_directe
OBS,502,Robin,Liam,,,,2025-12-16,10:03,participation,repond_si_sollicite
OBS,502,Robin,Liam,,,,2025-12-16,10:05,ressources,attend_professeur
OBS,502,Robin,Liam,,,,2025-12-16,10:07,difficulte,utilise_document_d
OBS,502,Robin,Liam,,,,2025-12-16,10:09,entree,attend_sans_commencer
OBS,502,Renard,Lola,,,,2025-12-16,10:05,tutorat,explique_camarade
OBS,502,Renard,Lola,,,,2025-12-16,10:07,participation,repond_si_sollicite
OBS,502,Renard,Lola,,,,2025-12-16,10:09,ressources,sollicite_apres_cherche
OBS,502,Renard,Lola,,,,2025-12-16,10:11,finalisation,activite_terminee
SESSION,502,demo_502_202512191000,1766134800000,1766138100000
OBS,502,Petit,Camille,,,,2025-12-19,10:45,tutorat,donne_reponse_directe
OBS,502,Petit,Camille,,,,2025-12-19,10:47,participation,repond_si_sollicite
OBS,502,Petit,Camille,,,,2025-12-19,10:49,attention,reconcentre_seul
OBS,502,Petit,Camille,,,,2025-12-19,10:51,ressources,utilise_document_r
OBS,502,Simon,Liam,,,,2025-12-19,10:46,tutorat,aide_si_sollicite
OBS,502,Simon,Liam,,,,2025-12-19,10:48,participation,repond_si_insiste
OBS,502,Simon,Liam,,,,2025-12-19,10:50,attention,distrait_momentanement
OBS,502,Simon,Liam,,,,2025-12-19,10:52,entree,attend_sans_commencer
OBS,502,Meunier,Mohamed,,,,2025-12-19,10:24,tutorat,refuse_aider
OBS,502,Meunier,Mohamed,,,,2025-12-19,10:26,participation,ne_participe_pas
OBS,502,Meunier,Mohamed,,,,2025-12-19,10:28,ressources,attend_professeur
OBS,502,Meunier,Mohamed,,,,2025-12-19,10:30,difficulte,copie_correction
OBS,502,Meunier,Mohamed,,,,2025-12-19,10:32,finalisation,recopie_correction
OBS,502,Vincent,Enzo,,,,2025-12-19,10:03,tutorat,aide_si_sollicite
OBS,502,Vincent,Enzo,,,,2025-12-19,10:05,participation,participe_spontanement
OBS,502,Vincent,Enzo,,,,2025-12-19,10:07,entree,demarre_immediat
OBS,502,Vincent,Enzo,,,,2025-12-19,10:09,difficulte,utilise_document_d
OBS,502,Robin,Liam,,,,2025-12-19,10:03,tutorat,donne_reponse_directe
OBS,502,Robin,Liam,,,,2025-12-19,10:05,participation,repond_si_sollicite
OBS,502,Robin,Liam,,,,2025-12-19,10:07,entree,attend_sans_commencer
OBS,502,Robin,Liam,,,,2025-12-19,10:09,ressources,attend_professeur
OBS,502,Robin,Liam,,,,2025-12-19,10:11,attention,bavarde_travail
SESSION,502,demo_502_202601081000,1767862800000,1767866100000
OBS,502,Petit,Camille,,,,2026-01-08,10:21,tutorat,donne_reponse_directe
OBS,502,Petit,Camille,,,,2026-01-08,10:23,participation,repond_si_sollicite
OBS,502,Petit,Camille,,,,2026-01-08,10:25,entree,demarre_immediat
OBS,502,Petit,Camille,,,,2026-01-08,10:27,finalisation,passe_autre_activite
OBS,502,Petit,Camille,,,,2026-01-08,10:29,difficulte,cherche_seul
OBS,502,Simon,Liam,,,,2026-01-08,10:21,tutorat,donne_reponse_directe
OBS,502,Simon,Liam,,,,2026-01-08,10:23,participation,repond_si_sollicite
OBS,502,Simon,Liam,,,,2026-01-08,10:25,entree,demarre_relance
OBS,502,Simon,Liam,,,,2026-01-08,10:27,ressources,echange_camarade
OBS,502,Vincent,Enzo,,,,2026-01-08,10:39,tutorat,aide_si_sollicite
OBS,502,Vincent,Enzo,,,,2026-01-08,10:41,participation,participe_spontanement
OBS,502,Vincent,Enzo,,,,2026-01-08,10:43,entree,demarre_relance
OBS,502,Vincent,Enzo,,,,2026-01-08,10:45,difficulte,cherche_seul
OBS,502,Vincent,Enzo,,,,2026-01-08,10:47,ressources,echange_camarade
OBS,502,Robert,Simon,,,,2026-01-08,10:39,tutorat,aide_si_sollicite
OBS,502,Robert,Simon,,,,2026-01-08,10:41,participation,participe_spontanement
OBS,502,Robert,Simon,,,,2026-01-08,10:43,entree,demarre_relance
OBS,502,Robert,Simon,,,,2026-01-08,10:45,finalisation,verifie_travail
OBS,502,Robert,Simon,,,,2026-01-08,10:47,ressources,attend_professeur
OBS,502,Robin,Liam,,,,2026-01-08,10:48,tutorat,aide_si_sollicite
OBS,502,Robin,Liam,,,,2026-01-08,10:50,participation,repond_si_insiste
OBS,502,Robin,Liam,,,,2026-01-08,10:52,finalisation,activite_incomplete
OBS,502,Robin,Liam,,,,2026-01-08,10:53,ressources,attend_professeur
OBS,502,Renard,Lola,,,,2026-01-08,10:24,tutorat,donne_reponse_directe
OBS,502,Renard,Lola,,,,2026-01-08,10:26,participation,repond_si_insiste
OBS,502,Renard,Lola,,,,2026-01-08,10:28,ressources,sollicite_immediat
OBS,502,Renard,Lola,,,,2026-01-08,10:30,difficulte,attend_d
OBS,502,Renard,Lola,,,,2026-01-08,10:32,attention,bavarde_travail
SESSION,502,demo_502_202601131000,1768294800000,1768298100000
OBS,502,Petit,Camille,,,,2026-01-13,10:11,tutorat,aide_si_sollicite
OBS,502,Petit,Camille,,,,2026-01-13,10:13,participation,repond_si_sollicite
OBS,502,Petit,Camille,,,,2026-01-13,10:15,difficulte,attend_d
OBS,502,Petit,Camille,,,,2026-01-13,10:17,attention,reconcentre_seul
OBS,502,Petit,Camille,,,,2026-01-13,10:19,ressources,utilise_aides_activite
OBS,502,Simon,Liam,,,,2026-01-13,10:19,tutorat,donne_reponse_directe
OBS,502,Simon,Liam,,,,2026-01-13,10:21,participation,repond_si_sollicite
OBS,502,Simon,Liam,,,,2026-01-13,10:23,entree,attend_sans_commencer
OBS,502,Simon,Liam,,,,2026-01-13,10:25,attention,revasse
OBS,502,Lambert,Enzo,,,,2026-01-13,10:20,tutorat,donne_reponse_directe
OBS,502,Lambert,Enzo,,,,2026-01-13,10:22,participation,repond_si_sollicite
OBS,502,Lambert,Enzo,,,,2026-01-13,10:24,finalisation,recopie_correction
OBS,502,Lambert,Enzo,,,,2026-01-13,10:26,ressources,sollicite_immediat
OBS,502,Vincent,Enzo,,,,2026-01-13,10:03,tutorat,aide_si_sollicite
OBS,502,Vincent,Enzo,,,,2026-01-13,10:05,participation,repond_si_sollicite
OBS,502,Vincent,Enzo,,,,2026-01-13,10:07,difficulte,cherche_seul
OBS,502,Vincent,Enzo,,,,2026-01-13,10:09,attention,concentre
OBS,502,Robert,Simon,,,,2026-01-13,10:05,tutorat,aide_si_sollicite
OBS,502,Robert,Simon,,,,2026-01-13,10:07,participation,repond_si_insiste
OBS,502,Robert,Simon,,,,2026-01-13,10:09,ressources,sollicite_apres_cherche
OBS,502,Robert,Simon,,,,2026-01-13,10:11,entree,demarre_relance
OBS,502,Robin,Liam,,,,2026-01-13,10:15,tutorat,donne_reponse_directe
OBS,502,Robin,Liam,,,,2026-01-13,10:17,participation,repond_si_sollicite
OBS,502,Robin,Liam,,,,2026-01-13,10:19,entree,attend_sans_commencer
OBS,502,Robin,Liam,,,,2026-01-13,10:21,attention,distrait_momentanement
OBS,502,Robin,Liam,,,,2026-01-13,10:23,finalisation,activite_incomplete
OBS,502,Renard,Lola,,,,2026-01-13,10:48,tutorat,aide_si_sollicite
OBS,502,Renard,Lola,,,,2026-01-13,10:50,participation,repond_si_sollicite
OBS,502,Renard,Lola,,,,2026-01-13,10:52,attention,bavarde_travail
OBS,502,Renard,Lola,,,,2026-01-13,10:53,difficulte,observe_camarade
SESSION,502,demo_502_202601161000,1768554000000,1768557300000
OBS,502,Petit,Camille,,,,2026-01-16,10:35,tutorat,aide_si_sollicite
OBS,502,Petit,Camille,,,,2026-01-16,10:37,participation,repond_si_sollicite
OBS,502,Petit,Camille,,,,2026-01-16,10:39,ressources,sollicite_apres_cherche
OBS,502,Petit,Camille,,,,2026-01-16,10:41,difficulte,demande_aide_pertinente
OBS,502,Simon,Liam,,,,2026-01-16,10:14,tutorat,donne_reponse_directe
OBS,502,Simon,Liam,,,,2026-01-16,10:16,participation,repond_si_sollicite
OBS,502,Simon,Liam,,,,2026-01-16,10:18,difficulte,attend_d
OBS,502,Simon,Liam,,,,2026-01-16,10:20,attention,distrait_momentanement
OBS,502,Vincent,Enzo,,,,2026-01-16,10:39,tutorat,aide_si_sollicite
OBS,502,Vincent,Enzo,,,,2026-01-16,10:41,participation,participe_spontanement
OBS,502,Vincent,Enzo,,,,2026-01-16,10:43,attention,concentre
OBS,502,Vincent,Enzo,,,,2026-01-16,10:45,finalisation,verifie_travail
OBS,502,Robert,Simon,,,,2026-01-16,10:23,tutorat,donne_reponse_directe
OBS,502,Robert,Simon,,,,2026-01-16,10:25,participation,repond_si_insiste
OBS,502,Robert,Simon,,,,2026-01-16,10:27,difficulte,observe_camarade
OBS,502,Robert,Simon,,,,2026-01-16,10:29,ressources,attend_professeur
OBS,502,Robin,Liam,,,,2026-01-16,10:45,tutorat,refuse_aider
OBS,502,Robin,Liam,,,,2026-01-16,10:47,participation,repond_si_insiste
OBS,502,Robin,Liam,,,,2026-01-16,10:49,difficulte,observe_camarade
OBS,502,Robin,Liam,,,,2026-01-16,10:51,finalisation,recopie_correction
OBS,502,Renard,Lola,,,,2026-01-16,10:45,tutorat,aide_si_sollicite
OBS,502,Renard,Lola,,,,2026-01-16,10:47,participation,repond_si_sollicite
OBS,502,Renard,Lola,,,,2026-01-16,10:49,ressources,sollicite_immediat
OBS,502,Renard,Lola,,,,2026-01-16,10:51,finalisation,activite_incomplete
SESSION,502,demo_502_202601221000,1769072400000,1769075700000
OBS,502,Petit,Camille,,,,2026-01-22,10:24,tutorat,aide_si_sollicite
OBS,502,Petit,Camille,,,,2026-01-22,10:26,participation,participe_spontanement
OBS,502,Petit,Camille,,,,2026-01-22,10:28,difficulte,observe_camarade
OBS,502,Petit,Camille,,,,2026-01-22,10:30,ressources,attend_professeur
OBS,502,Petit,Camille,,,,2026-01-22,10:32,attention,distrait_momentanement
OBS,502,Simon,Liam,,,,2026-01-22,10:09,tutorat,aide_si_sollicite
OBS,502,Simon,Liam,,,,2026-01-22,10:11,participation,ne_participe_pas
OBS,502,Simon,Liam,,,,2026-01-22,10:13,difficulte,attend_d
OBS,502,Simon,Liam,,,,2026-01-22,10:15,finalisation,passe_autre_activite
OBS,502,Meunier,Mohamed,,,,2026-01-22,10:09,tutorat,donne_reponse_directe
OBS,502,Meunier,Mohamed,,,,2026-01-22,10:11,participation,repond_si_insiste
OBS,502,Meunier,Mohamed,,,,2026-01-22,10:13,attention,distrait_momentanement
OBS,502,Meunier,Mohamed,,,,2026-01-22,10:15,entree,ne_demarre_pas
OBS,502,Lambert,Enzo,,,,2026-01-22,10:42,tutorat,refuse_aider
OBS,502,Lambert,Enzo,,,,2026-01-22,10:44,participation,ne_participe_pas
OBS,502,Lambert,Enzo,,,,2026-01-22,10:46,attention,distrait_momentanement
OBS,502,Lambert,Enzo,,,,2026-01-22,10:48,difficulte,attend_d
OBS,502,Lambert,Enzo,,,,2026-01-22,10:50,entree,ne_demarre_pas
OBS,502,Vincent,Enzo,,,,2026-01-22,10:25,tutorat,aide_si_sollicite
OBS,502,Vincent,Enzo,,,,2026-01-22,10:27,participation,participe_spontanement
OBS,502,Vincent,Enzo,,,,2026-01-22,10:29,finalisation,activite_terminee
OBS,502,Vincent,Enzo,,,,2026-01-22,10:31,difficulte,cherche_seul
OBS,502,Robert,Simon,,,,2026-01-22,10:24,tutorat,aide_si_sollicite
OBS,502,Robert,Simon,,,,2026-01-22,10:26,participation,repond_si_insiste
OBS,502,Robert,Simon,,,,2026-01-22,10:28,difficulte,attend_d
OBS,502,Robert,Simon,,,,2026-01-22,10:30,ressources,sollicite_immediat
OBS,502,Robert,Simon,,,,2026-01-22,10:32,entree,attend_sans_commencer
OBS,502,Robin,Liam,,,,2026-01-22,10:06,tutorat,donne_reponse_directe
OBS,502,Robin,Liam,,,,2026-01-22,10:08,participation,ne_participe_pas
OBS,502,Robin,Liam,,,,2026-01-22,10:10,ressources,attend_correction
OBS,502,Robin,Liam,,,,2026-01-22,10:12,difficulte,copie_correction
OBS,502,Robin,Liam,,,,2026-01-22,10:14,entree,ne_demarre_pas
OBS,502,Renard,Lola,,,,2026-01-22,10:45,tutorat,aide_si_sollicite
OBS,502,Renard,Lola,,,,2026-01-22,10:47,participation,repond_si_sollicite
OBS,502,Renard,Lola,,,,2026-01-22,10:49,finalisation,activite_incomplete
OBS,502,Renard,Lola,,,,2026-01-22,10:51,attention,concentre
SESSION,502,demo_502_202601271000,1769504400000,1769507700000
OBS,502,Petit,Camille,,,,2026-01-27,10:31,tutorat,aide_si_sollicite
OBS,502,Petit,Camille,,,,2026-01-27,10:33,participation,repond_si_sollicite
OBS,502,Petit,Camille,,,,2026-01-27,10:35,finalisation,activite_terminee
OBS,502,Petit,Camille,,,,2026-01-27,10:37,entree,demarre_relance
OBS,502,Petit,Camille,,,,2026-01-27,10:39,ressources,utilise_document_r
OBS,502,Simon,Liam,,,,2026-01-27,10:15,tutorat,donne_reponse_directe
OBS,502,Simon,Liam,,,,2026-01-27,10:17,participation,repond_si_insiste
OBS,502,Simon,Liam,,,,2026-01-27,10:19,ressources,sollicite_immediat
OBS,502,Simon,Liam,,,,2026-01-27,10:21,attention,bavarde_travail
OBS,502,Simon,Liam,,,,2026-01-27,10:23,difficulte,attend_d
OBS,502,Meunier,Mohamed,,,,2026-01-27,10:20,tutorat,donne_reponse_directe
OBS,502,Meunier,Mohamed,,,,2026-01-27,10:22,participation,repond_si_insiste
OBS,502,Meunier,Mohamed,,,,2026-01-27,10:24,difficulte,copie_camarade
OBS,502,Meunier,Mohamed,,,,2026-01-27,10:26,finalisation,recopie_correction
OBS,502,Vincent,Enzo,,,,2026-01-27,10:07,tutorat,aide_si_sollicite
OBS,502,Vincent,Enzo,,,,2026-01-27,10:09,participation,repond_si_sollicite
OBS,502,Vincent,Enzo,,,,2026-01-27,10:11,difficulte,demande_aide_pertinente
OBS,502,Vincent,Enzo,,,,2026-01-27,10:13,attention,reconcentre_seul
OBS,502,Robin,Liam,,,,2026-01-27,10:31,tutorat,refuse_aider
OBS,502,Robin,Liam,,,,2026-01-27,10:33,participation,repond_si_insiste
OBS,502,Robin,Liam,,,,2026-01-27,10:35,finalisation,recopie_correction
OBS,502,Robin,Liam,,,,2026-01-27,10:37,difficulte,copie_camarade
OBS,502,Robin,Liam,,,,2026-01-27,10:39,attention,bavarde_hors_sujet
OBS,502,Renard,Lola,,,,2026-01-27,10:23,tutorat,donne_reponse_directe
OBS,502,Renard,Lola,,,,2026-01-27,10:25,participation,repond_si_sollicite
OBS,502,Renard,Lola,,,,2026-01-27,10:27,difficulte,observe_camarade
OBS,502,Renard,Lola,,,,2026-01-27,10:29,finalisation,corrige_erreur
OBS,502,Renard,Lola,,,,2026-01-27,10:31,ressources,sollicite_immediat
SESSION,502,demo_502_202602021000,1770022800000,1770026100000
OBS,502,Lambert,Enzo,,,,2026-02-02,10:47,tutorat,aide_si_sollicite
OBS,502,Lambert,Enzo,,,,2026-02-02,10:49,participation,repond_si_insiste
OBS,502,Lambert,Enzo,,,,2026-02-02,10:51,finalisation,activite_incomplete
OBS,502,Lambert,Enzo,,,,2026-02-02,10:53,attention,distrait_momentanement
OBS,502,Lambert,Enzo,,,,2026-02-02,10:53,entree,attend_sans_commencer
OBS,502,Vincent,Enzo,,,,2026-02-02,10:23,tutorat,aide_si_sollicite
OBS,502,Vincent,Enzo,,,,2026-02-02,10:25,participation,participe_spontanement
OBS,502,Vincent,Enzo,,,,2026-02-02,10:27,ressources,utilise_aides_activite
OBS,502,Vincent,Enzo,,,,2026-02-02,10:29,attention,concentre
OBS,502,Robert,Simon,,,,2026-02-02,10:20,tutorat,aide_si_sollicite
OBS,502,Robert,Simon,,,,2026-02-02,10:22,participation,repond_si_sollicite
OBS,502,Robert,Simon,,,,2026-02-02,10:24,attention,reconcentre_seul
OBS,502,Robert,Simon,,,,2026-02-02,10:26,finalisation,passe_autre_activite
OBS,502,Robin,Liam,,,,2026-02-02,10:37,tutorat,aide_si_sollicite
OBS,502,Robin,Liam,,,,2026-02-02,10:39,participation,repond_si_insiste
OBS,502,Robin,Liam,,,,2026-02-02,10:41,finalisation,recopie_correction
OBS,502,Robin,Liam,,,,2026-02-02,10:43,difficulte,observe_camarade
OBS,502,Renard,Lola,,,,2026-02-02,10:22,tutorat,aide_si_sollicite
OBS,502,Renard,Lola,,,,2026-02-02,10:24,participation,repond_si_sollicite
OBS,502,Renard,Lola,,,,2026-02-02,10:26,ressources,attend_professeur
OBS,502,Renard,Lola,,,,2026-02-02,10:28,difficulte,utilise_coup_de_pouce
OBS,502,Renard,Lola,,,,2026-02-02,10:30,attention,reconcentre_seul
SESSION,502,demo_502_202602061000,1770368400000,1770371700000
OBS,502,Petit,Camille,,,,2026-02-06,10:24,tutorat,explique_camarade
OBS,502,Petit,Camille,,,,2026-02-06,10:26,participation,repond_si_sollicite
OBS,502,Petit,Camille,,,,2026-02-06,10:28,ressources,sollicite_immediat
OBS,502,Petit,Camille,,,,2026-02-06,10:30,difficulte,cherche_seul
OBS,502,Petit,Camille,,,,2026-02-06,10:32,entree,demarre_immediat
OBS,502,Meunier,Mohamed,,,,2026-02-06,10:44,tutorat,refuse_aider
OBS,502,Meunier,Mohamed,,,,2026-02-06,10:46,participation,ne_participe_pas
OBS,502,Meunier,Mohamed,,,,2026-02-06,10:48,ressources,attend_correction
OBS,502,Meunier,Mohamed,,,,2026-02-06,10:50,entree,ne_demarre_pas
OBS,502,Meunier,Mohamed,,,,2026-02-06,10:52,difficulte,copie_correction
OBS,502,Vincent,Enzo,,,,2026-02-06,10:21,tutorat,aide_si_sollicite
OBS,502,Vincent,Enzo,,,,2026-02-06,10:23,participation,participe_spontanement
OBS,502,Vincent,Enzo,,,,2026-02-06,10:25,difficulte,utilise_coup_de_pouce
OBS,502,Vincent,Enzo,,,,2026-02-06,10:27,finalisation,verifie_travail
OBS,502,Robert,Simon,,,,2026-02-06,10:13,tutorat,donne_reponse_directe
OBS,502,Robert,Simon,,,,2026-02-06,10:15,participation,repond_si_sollicite
OBS,502,Robert,Simon,,,,2026-02-06,10:17,ressources,sollicite_immediat
OBS,502,Robert,Simon,,,,2026-02-06,10:19,entree,demarre_relance
OBS,502,Robert,Simon,,,,2026-02-06,10:21,finalisation,passe_autre_activite
OBS,502,Robin,Liam,,,,2026-02-06,10:18,tutorat,donne_reponse_directe
OBS,502,Robin,Liam,,,,2026-02-06,10:20,participation,repond_si_insiste
OBS,502,Robin,Liam,,,,2026-02-06,10:22,difficulte,observe_camarade
OBS,502,Robin,Liam,,,,2026-02-06,10:24,finalisation,passe_autre_activite
SESSION,502,demo_502_202602121000,1770886800000,1770890100000
OBS,502,Vincent,Enzo,,,,2026-02-12,10:01,tutorat,explique_camarade
OBS,502,Vincent,Enzo,,,,2026-02-12,10:03,participation,participe_spontanement
OBS,502,Vincent,Enzo,,,,2026-02-12,10:05,entree,demarre_immediat
OBS,502,Vincent,Enzo,,,,2026-02-12,10:07,finalisation,verifie_travail
OBS,502,Vincent,Enzo,,,,2026-02-12,10:09,attention,concentre
OBS,502,Robert,Simon,,,,2026-02-12,10:47,tutorat,explique_camarade
OBS,502,Robert,Simon,,,,2026-02-12,10:49,participation,repond_si_sollicite
OBS,502,Robert,Simon,,,,2026-02-12,10:51,finalisation,corrige_erreur
OBS,502,Robert,Simon,,,,2026-02-12,10:53,entree,demarre_relance
OBS,502,Robin,Liam,,,,2026-02-12,10:04,tutorat,donne_reponse_directe
OBS,502,Robin,Liam,,,,2026-02-12,10:06,participation,repond_si_insiste
OBS,502,Robin,Liam,,,,2026-02-12,10:08,entree,attend_sans_commencer
OBS,502,Robin,Liam,,,,2026-02-12,10:10,finalisation,activite_incomplete
SESSION,502,demo_502_202602181000,1771405200000,1771408500000
OBS,502,Meunier,Mohamed,,,,2026-02-18,10:40,tutorat,refuse_aider
OBS,502,Meunier,Mohamed,,,,2026-02-18,10:42,participation,ne_participe_pas
OBS,502,Meunier,Mohamed,,,,2026-02-18,10:44,finalisation,recopie_correction
OBS,502,Meunier,Mohamed,,,,2026-02-18,10:46,ressources,attend_correction
OBS,502,Lambert,Enzo,,,,2026-02-18,10:03,tutorat,donne_reponse_directe
OBS,502,Lambert,Enzo,,,,2026-02-18,10:05,participation,ne_participe_pas
OBS,502,Lambert,Enzo,,,,2026-02-18,10:07,entree,attend_sans_commencer
OBS,502,Lambert,Enzo,,,,2026-02-18,10:09,finalisation,activite_incomplete
OBS,502,Vincent,Enzo,,,,2026-02-18,10:30,tutorat,aide_si_sollicite
OBS,502,Vincent,Enzo,,,,2026-02-18,10:32,participation,repond_si_sollicite
OBS,502,Vincent,Enzo,,,,2026-02-18,10:34,attention,concentre
OBS,502,Vincent,Enzo,,,,2026-02-18,10:36,finalisation,corrige_erreur
OBS,502,Robert,Simon,,,,2026-02-18,10:46,tutorat,aide_si_sollicite
OBS,502,Robert,Simon,,,,2026-02-18,10:48,participation,repond_si_sollicite
OBS,502,Robert,Simon,,,,2026-02-18,10:50,entree,attend_sans_commencer
OBS,502,Robert,Simon,,,,2026-02-18,10:52,attention,bavarde_travail
OBS,502,Robert,Simon,,,,2026-02-18,10:53,ressources,attend_professeur
OBS,502,Robin,Liam,,,,2026-02-18,10:36,tutorat,donne_reponse_directe
OBS,502,Robin,Liam,,,,2026-02-18,10:38,participation,repond_si_sollicite
OBS,502,Robin,Liam,,,,2026-02-18,10:40,ressources,attend_professeur
OBS,502,Robin,Liam,,,,2026-02-18,10:42,entree,demarre_relance
OBS,502,Robin,Liam,,,,2026-02-18,10:44,difficulte,observe_camarade
OBS,502,Renard,Lola,,,,2026-02-18,10:30,tutorat,aide_si_sollicite
OBS,502,Renard,Lola,,,,2026-02-18,10:32,participation,repond_si_sollicite
OBS,502,Renard,Lola,,,,2026-02-18,10:34,finalisation,corrige_erreur
OBS,502,Renard,Lola,,,,2026-02-18,10:36,difficulte,observe_camarade
OBS,502,Renard,Lola,,,,2026-02-18,10:38,attention,distrait_momentanement
SESSION,502,demo_502_202602241000,1771923600000,1771926900000
OBS,502,Meunier,Mohamed,,,,2026-02-24,10:42,tutorat,refuse_aider
OBS,502,Meunier,Mohamed,,,,2026-02-24,10:44,participation,ne_participe_pas
OBS,502,Meunier,Mohamed,,,,2026-02-24,10:46,attention,bavarde_hors_sujet
OBS,502,Meunier,Mohamed,,,,2026-02-24,10:48,finalisation,recopie_correction
OBS,502,Vincent,Enzo,,,,2026-02-24,10:24,tutorat,explique_camarade
OBS,502,Vincent,Enzo,,,,2026-02-24,10:26,participation,participe_spontanement
OBS,502,Vincent,Enzo,,,,2026-02-24,10:28,attention,concentre
OBS,502,Vincent,Enzo,,,,2026-02-24,10:30,finalisation,activite_terminee
OBS,502,Vincent,Enzo,,,,2026-02-24,10:32,ressources,utilise_document_r
OBS,502,Robert,Simon,,,,2026-02-24,10:07,tutorat,explique_camarade
OBS,502,Robert,Simon,,,,2026-02-24,10:09,participation,participe_spontanement
OBS,502,Robert,Simon,,,,2026-02-24,10:11,difficulte,utilise_coup_de_pouce
OBS,502,Robert,Simon,,,,2026-02-24,10:13,entree,demarre_relance
OBS,502,Robin,Liam,,,,2026-02-24,10:09,tutorat,donne_reponse_directe
OBS,502,Robin,Liam,,,,2026-02-24,10:11,participation,repond_si_insiste
OBS,502,Robin,Liam,,,,2026-02-24,10:13,ressources,sollicite_immediat
OBS,502,Robin,Liam,,,,2026-02-24,10:15,difficulte,observe_camarade
OBS,502,Robin,Liam,,,,2026-02-24,10:17,entree,attend_sans_commencer
OBS,502,Renard,Lola,,,,2026-02-24,10:43,tutorat,explique_camarade
OBS,502,Renard,Lola,,,,2026-02-24,10:45,participation,repond_si_sollicite
OBS,502,Renard,Lola,,,,2026-02-24,10:47,entree,demarre_immediat
OBS,502,Renard,Lola,,,,2026-02-24,10:49,ressources,sollicite_immediat
SESSION,502,demo_502_202603021000,1772442000000,1772445300000
OBS,502,Meunier,Mohamed,,,,2026-03-02,10:35,tutorat,refuse_aider
OBS,502,Meunier,Mohamed,,,,2026-03-02,10:37,participation,ne_participe_pas
OBS,502,Meunier,Mohamed,,,,2026-03-02,10:39,difficulte,copie_camarade
OBS,502,Meunier,Mohamed,,,,2026-03-02,10:41,ressources,attend_correction
OBS,502,Lambert,Enzo,,,,2026-03-02,10:32,tutorat,donne_reponse_directe
OBS,502,Lambert,Enzo,,,,2026-03-02,10:34,participation,repond_si_insiste
OBS,502,Lambert,Enzo,,,,2026-03-02,10:36,finalisation,passe_autre_activite
OBS,502,Lambert,Enzo,,,,2026-03-02,10:38,difficulte,observe_camarade
OBS,502,Vincent,Enzo,,,,2026-03-02,10:37,tutorat,explique_camarade
OBS,502,Vincent,Enzo,,,,2026-03-02,10:39,participation,repond_si_sollicite
OBS,502,Vincent,Enzo,,,,2026-03-02,10:41,entree,demarre_immediat
OBS,502,Vincent,Enzo,,,,2026-03-02,10:43,finalisation,verifie_travail
OBS,502,Vincent,Enzo,,,,2026-03-02,10:45,attention,concentre
OBS,502,Robert,Simon,,,,2026-03-02,10:23,tutorat,aide_si_sollicite
OBS,502,Robert,Simon,,,,2026-03-02,10:25,participation,participe_spontanement
OBS,502,Robert,Simon,,,,2026-03-02,10:27,finalisation,activite_incomplete
OBS,502,Robert,Simon,,,,2026-03-02,10:29,ressources,attend_professeur
OBS,502,Renard,Lola,,,,2026-03-02,10:35,tutorat,aide_si_sollicite
OBS,502,Renard,Lola,,,,2026-03-02,10:37,participation,repond_si_sollicite
OBS,502,Renard,Lola,,,,2026-03-02,10:39,entree,attend_sans_commencer
OBS,502,Renard,Lola,,,,2026-03-02,10:41,difficulte,observe_camarade
OBS,502,Renard,Lola,,,,2026-03-02,10:43,attention,concentre
SESSION,502,demo_502_202603061000,1772787600000,1772790900000
OBS,502,Meunier,Mohamed,,,,2026-03-06,10:31,tutorat,refuse_aider
OBS,502,Meunier,Mohamed,,,,2026-03-06,10:33,participation,ne_participe_pas
OBS,502,Meunier,Mohamed,,,,2026-03-06,10:35,difficulte,copie_correction
OBS,502,Meunier,Mohamed,,,,2026-03-06,10:37,ressources,attend_correction
OBS,502,Meunier,Mohamed,,,,2026-03-06,10:39,finalisation,activite_incomplete
OBS,502,Lambert,Enzo,,,,2026-03-06,10:03,tutorat,donne_reponse_directe
OBS,502,Lambert,Enzo,,,,2026-03-06,10:05,participation,repond_si_sollicite
OBS,502,Lambert,Enzo,,,,2026-03-06,10:07,finalisation,passe_autre_activite
OBS,502,Lambert,Enzo,,,,2026-03-06,10:09,difficulte,observe_camarade
OBS,502,Lambert,Enzo,,,,2026-03-06,10:11,attention,bavarde_travail
OBS,502,Vincent,Enzo,,,,2026-03-06,10:08,tutorat,explique_camarade
OBS,502,Vincent,Enzo,,,,2026-03-06,10:10,participation,participe_spontanement
OBS,502,Vincent,Enzo,,,,2026-03-06,10:12,attention,reconcentre_seul
OBS,502,Vincent,Enzo,,,,2026-03-06,10:14,ressources,sollicite_apres_cherche
OBS,502,Vincent,Enzo,,,,2026-03-06,10:16,finalisation,activite_terminee
OBS,502,Robin,Liam,,,,2026-03-06,10:33,tutorat,aide_si_sollicite
OBS,502,Robin,Liam,,,,2026-03-06,10:35,participation,repond_si_insiste
OBS,502,Robin,Liam,,,,2026-03-06,10:37,ressources,attend_professeur
OBS,502,Robin,Liam,,,,2026-03-06,10:39,difficulte,attend_d
SESSION,502,demo_502_202603121000,1773306000000,1773309300000
OBS,502,Vincent,Enzo,,,,2026-03-12,10:23,tutorat,explique_camarade
OBS,502,Vincent,Enzo,,,,2026-03-12,10:25,participation,repond_si_sollicite
OBS,502,Vincent,Enzo,,,,2026-03-12,10:27,difficulte,demande_aide_pertinente
OBS,502,Vincent,Enzo,,,,2026-03-12,10:29,entree,demarre_immediat
OBS,502,Robert,Simon,,,,2026-03-12,10:33,tutorat,aide_si_sollicite
OBS,502,Robert,Simon,,,,2026-03-12,10:35,participation,participe_spontanement
OBS,502,Robert,Simon,,,,2026-03-12,10:37,finalisation,activite_terminee
OBS,502,Robert,Simon,,,,2026-03-12,10:39,difficulte,utilise_coup_de_pouce
OBS,502,Robert,Simon,,,,2026-03-12,10:41,ressources,utilise_document_r
OBS,502,Robin,Liam,,,,2026-03-12,10:02,tutorat,donne_reponse_directe
OBS,502,Robin,Liam,,,,2026-03-12,10:04,participation,repond_si_insiste
OBS,502,Robin,Liam,,,,2026-03-12,10:06,entree,attend_sans_commencer
OBS,502,Robin,Liam,,,,2026-03-12,10:08,difficulte,copie_correction
SESSION,502,demo_502_202603181000,1773824400000,1773827700000
OBS,502,Meunier,Mohamed,,,,2026-03-18,10:36,tutorat,refuse_aider
OBS,502,Meunier,Mohamed,,,,2026-03-18,10:38,participation,ne_participe_pas
OBS,502,Meunier,Mohamed,,,,2026-03-18,10:40,finalisation,recopie_correction
OBS,502,Meunier,Mohamed,,,,2026-03-18,10:42,ressources,sollicite_immediat
OBS,502,Meunier,Mohamed,,,,2026-03-18,10:44,difficulte,copie_correction
OBS,502,Vincent,Enzo,,,,2026-03-18,10:32,tutorat,aide_si_sollicite
OBS,502,Vincent,Enzo,,,,2026-03-18,10:34,participation,repond_si_sollicite
OBS,502,Vincent,Enzo,,,,2026-03-18,10:36,entree,demarre_relance
OBS,502,Vincent,Enzo,,,,2026-03-18,10:38,ressources,echange_camarade
OBS,502,Vincent,Enzo,,,,2026-03-18,10:40,finalisation,verifie_travail
OBS,502,Renard,Lola,,,,2026-03-18,10:04,tutorat,explique_camarade
OBS,502,Renard,Lola,,,,2026-03-18,10:06,participation,repond_si_sollicite
OBS,502,Renard,Lola,,,,2026-03-18,10:08,finalisation,verifie_travail
OBS,502,Renard,Lola,,,,2026-03-18,10:10,attention,reconcentre_seul
SESSION,502,demo_502_202603241000,1774342800000,1774346100000
OBS,502,Meunier,Mohamed,,,,2026-03-24,10:41,tutorat,donne_reponse_directe
OBS,502,Meunier,Mohamed,,,,2026-03-24,10:43,participation,ne_participe_pas
OBS,502,Meunier,Mohamed,,,,2026-03-24,10:45,ressources,attend_professeur
OBS,502,Meunier,Mohamed,,,,2026-03-24,10:47,difficulte,observe_camarade
OBS,502,Vincent,Enzo,,,,2026-03-24,10:25,tutorat,aide_si_sollicite
OBS,502,Vincent,Enzo,,,,2026-03-24,10:27,participation,participe_spontanement
OBS,502,Vincent,Enzo,,,,2026-03-24,10:29,attention,reconcentre_seul
OBS,502,Vincent,Enzo,,,,2026-03-24,10:31,finalisation,activite_terminee
OBS,502,Vincent,Enzo,,,,2026-03-24,10:33,entree,demarre_immediat
OBS,502,Robert,Simon,,,,2026-03-24,10:34,tutorat,aide_si_sollicite
OBS,502,Robert,Simon,,,,2026-03-24,10:36,participation,repond_si_sollicite
OBS,502,Robert,Simon,,,,2026-03-24,10:38,difficulte,demande_aide_pertinente
OBS,502,Robert,Simon,,,,2026-03-24,10:40,finalisation,passe_autre_activite
OBS,502,Robin,Liam,,,,2026-03-24,10:48,tutorat,donne_reponse_directe
OBS,502,Robin,Liam,,,,2026-03-24,10:50,participation,repond_si_insiste
OBS,502,Robin,Liam,,,,2026-03-24,10:52,entree,ne_demarre_pas
OBS,502,Robin,Liam,,,,2026-03-24,10:53,finalisation,activite_incomplete
OBS,502,Renard,Lola,,,,2026-03-24,10:21,tutorat,donne_reponse_directe
OBS,502,Renard,Lola,,,,2026-03-24,10:23,participation,repond_si_insiste
OBS,502,Renard,Lola,,,,2026-03-24,10:25,difficulte,attend_d
OBS,502,Renard,Lola,,,,2026-03-24,10:27,finalisation,activite_incomplete
SESSION,502,demo_502_202603311000,1774944000000,1774947300000
OBS,502,Meunier,Mohamed,,,,2026-03-31,10:19,tutorat,refuse_aider
OBS,502,Meunier,Mohamed,,,,2026-03-31,10:21,participation,repond_si_insiste
OBS,502,Meunier,Mohamed,,,,2026-03-31,10:23,entree,ne_demarre_pas
OBS,502,Meunier,Mohamed,,,,2026-03-31,10:25,ressources,attend_correction
OBS,502,Robin,Liam,,,,2026-03-31,10:14,tutorat,aide_si_sollicite
OBS,502,Robin,Liam,,,,2026-03-31,10:16,participation,repond_si_sollicite
OBS,502,Robin,Liam,,,,2026-03-31,10:18,attention,distrait_momentanement
OBS,502,Robin,Liam,,,,2026-03-31,10:20,difficulte,attend_d
OBS,502,Robin,Liam,,,,2026-03-31,10:22,finalisation,passe_autre_activite
SESSION,502,demo_502_202604061000,1775462400000,1775465700000
OBS,502,Meunier,Mohamed,,,,2026-04-06,10:41,tutorat,donne_reponse_directe
OBS,502,Meunier,Mohamed,,,,2026-04-06,10:43,participation,repond_si_insiste
OBS,502,Meunier,Mohamed,,,,2026-04-06,10:45,entree,ne_demarre_pas
OBS,502,Meunier,Mohamed,,,,2026-04-06,10:47,difficulte,copie_correction
OBS,502,Lambert,Enzo,,,,2026-04-06,10:28,tutorat,donne_reponse_directe
OBS,502,Lambert,Enzo,,,,2026-04-06,10:30,participation,ne_participe_pas
OBS,502,Lambert,Enzo,,,,2026-04-06,10:32,ressources,sollicite_immediat
OBS,502,Lambert,Enzo,,,,2026-04-06,10:34,attention,bavarde_travail
OBS,502,Lambert,Enzo,,,,2026-04-06,10:36,difficulte,observe_camarade
OBS,502,Robert,Simon,,,,2026-04-06,10:34,tutorat,aide_si_sollicite
OBS,502,Robert,Simon,,,,2026-04-06,10:36,participation,repond_si_sollicite
OBS,502,Robert,Simon,,,,2026-04-06,10:38,attention,distrait_momentanement
OBS,502,Robert,Simon,,,,2026-04-06,10:40,ressources,sollicite_immediat
OBS,502,Robert,Simon,,,,2026-04-06,10:42,entree,demarre_relance
OBS,502,Robin,Liam,,,,2026-04-06,10:12,tutorat,donne_reponse_directe
OBS,502,Robin,Liam,,,,2026-04-06,10:14,participation,repond_si_insiste
OBS,502,Robin,Liam,,,,2026-04-06,10:16,attention,distrait_momentanement
OBS,502,Robin,Liam,,,,2026-04-06,10:18,finalisation,passe_autre_activite
OBS,502,Robin,Liam,,,,2026-04-06,10:20,entree,demarre_relance
OBS,502,Renard,Lola,,,,2026-04-06,10:12,tutorat,donne_reponse_directe
OBS,502,Renard,Lola,,,,2026-04-06,10:14,participation,repond_si_insiste
OBS,502,Renard,Lola,,,,2026-04-06,10:16,attention,bavarde_travail
OBS,502,Renard,Lola,,,,2026-04-06,10:18,difficulte,attend_d
SESSION,502,demo_502_202604101000,1775808000000,1775811300000
OBS,502,Lambert,Enzo,,,,2026-04-10,10:28,tutorat,donne_reponse_directe
OBS,502,Lambert,Enzo,,,,2026-04-10,10:30,participation,repond_si_insiste
OBS,502,Lambert,Enzo,,,,2026-04-10,10:32,entree,attend_sans_commencer
OBS,502,Lambert,Enzo,,,,2026-04-10,10:34,difficulte,attend_d
OBS,502,Lambert,Enzo,,,,2026-04-10,10:36,finalisation,activite_incomplete
OBS,502,Vincent,Enzo,,,,2026-04-10,10:37,tutorat,explique_camarade
OBS,502,Vincent,Enzo,,,,2026-04-10,10:39,participation,participe_spontanement
OBS,502,Vincent,Enzo,,,,2026-04-10,10:41,difficulte,cherche_seul
OBS,502,Vincent,Enzo,,,,2026-04-10,10:43,finalisation,activite_terminee
OBS,502,Vincent,Enzo,,,,2026-04-10,10:45,ressources,utilise_aides_activite
OBS,502,Robert,Simon,,,,2026-04-10,10:10,tutorat,explique_camarade
OBS,502,Robert,Simon,,,,2026-04-10,10:12,participation,participe_spontanement
OBS,502,Robert,Simon,,,,2026-04-10,10:14,difficulte,demande_aide_pertinente
OBS,502,Robert,Simon,,,,2026-04-10,10:16,ressources,utilise_aides_activite
OBS,502,Robert,Simon,,,,2026-04-10,10:18,finalisation,activite_terminee
OBS,502,Renard,Lola,,,,2026-04-10,10:12,tutorat,aide_si_sollicite
OBS,502,Renard,Lola,,,,2026-04-10,10:14,participation,repond_si_sollicite
OBS,502,Renard,Lola,,,,2026-04-10,10:16,entree,demarre_immediat
OBS,502,Renard,Lola,,,,2026-04-10,10:18,attention,distrait_momentanement
SESSION,502,demo_502_202604161000,1776326400000,1776329700000
OBS,502,Meunier,Mohamed,,,,2026-04-16,10:33,tutorat,refuse_aider
OBS,502,Meunier,Mohamed,,,,2026-04-16,10:35,participation,ne_participe_pas
OBS,502,Meunier,Mohamed,,,,2026-04-16,10:37,difficulte,copie_camarade
OBS,502,Meunier,Mohamed,,,,2026-04-16,10:39,ressources,attend_correction
OBS,502,Lambert,Enzo,,,,2026-04-16,10:41,tutorat,refuse_aider
OBS,502,Lambert,Enzo,,,,2026-04-16,10:43,participation,ne_participe_pas
OBS,502,Lambert,Enzo,,,,2026-04-16,10:45,difficulte,copie_correction
OBS,502,Lambert,Enzo,,,,2026-04-16,10:47,attention,perturbe_camarade
OBS,502,Lambert,Enzo,,,,2026-04-16,10:49,finalisation,activite_incomplete
OBS,502,Vincent,Enzo,,,,2026-04-16,10:33,tutorat,aide_si_sollicite
OBS,502,Vincent,Enzo,,,,2026-04-16,10:35,participation,repond_si_sollicite
OBS,502,Vincent,Enzo,,,,2026-04-16,10:37,finalisation,corrige_erreur
OBS,502,Vincent,Enzo,,,,2026-04-16,10:39,entree,demarre_relance
OBS,502,Vincent,Enzo,,,,2026-04-16,10:41,ressources,attend_professeur
OBS,502,Robert,Simon,,,,2026-04-16,10:25,tutorat,donne_reponse_directe
OBS,502,Robert,Simon,,,,2026-04-16,10:27,participation,repond_si_insiste
OBS,502,Robert,Simon,,,,2026-04-16,10:29,entree,attend_sans_commencer
OBS,502,Robert,Simon,,,,2026-04-16,10:31,difficulte,cherche_seul
OBS,502,Robin,Liam,,,,2026-04-16,10:29,tutorat,explique_camarade
OBS,502,Robin,Liam,,,,2026-04-16,10:31,participation,repond_si_sollicite
OBS,502,Robin,Liam,,,,2026-04-16,10:33,attention,bavarde_travail
OBS,502,Robin,Liam,,,,2026-04-16,10:35,difficulte,attend_d
SESSION,502,demo_502_202604221000,1776844800000,1776848100000
OBS,502,Petit,Camille,,,,2026-04-22,10:11,tutorat,aide_si_sollicite
OBS,502,Petit,Camille,,,,2026-04-22,10:13,participation,repond_si_sollicite
OBS,502,Petit,Camille,,,,2026-04-22,10:15,finalisation,verifie_travail
OBS,502,Petit,Camille,,,,2026-04-22,10:17,difficulte,demande_aide_pertinente
OBS,502,Petit,Camille,,,,2026-04-22,10:19,attention,bavarde_travail
OBS,502,Meunier,Mohamed,,,,2026-04-22,10:27,tutorat,refuse_aider
OBS,502,Meunier,Mohamed,,,,2026-04-22,10:29,participation,ne_participe_pas
OBS,502,Meunier,Mohamed,,,,2026-04-22,10:31,difficulte,copie_camarade
OBS,502,Meunier,Mohamed,,,,2026-04-22,10:33,finalisation,recopie_correction
OBS,502,Lambert,Enzo,,,,2026-04-22,10:08,tutorat,donne_reponse_directe
OBS,502,Lambert,Enzo,,,,2026-04-22,10:10,participation,repond_si_insiste
OBS,502,Lambert,Enzo,,,,2026-04-22,10:12,attention,distrait_momentanement
OBS,502,Lambert,Enzo,,,,2026-04-22,10:14,difficulte,observe_camarade
OBS,502,Vincent,Enzo,,,,2026-04-22,10:03,tutorat,explique_camarade
OBS,502,Vincent,Enzo,,,,2026-04-22,10:05,participation,participe_spontanement
OBS,502,Vincent,Enzo,,,,2026-04-22,10:07,ressources,echange_camarade
OBS,502,Vincent,Enzo,,,,2026-04-22,10:09,difficulte,cherche_seul
OBS,502,Vincent,Enzo,,,,2026-04-22,10:11,attention,reconcentre_seul
OBS,502,Robert,Simon,,,,2026-04-22,10:26,tutorat,aide_si_sollicite
OBS,502,Robert,Simon,,,,2026-04-22,10:28,participation,participe_spontanement
OBS,502,Robert,Simon,,,,2026-04-22,10:30,ressources,utilise_document_r
OBS,502,Robert,Simon,,,,2026-04-22,10:32,attention,reconcentre_seul
OBS,502,Robin,Liam,,,,2026-04-22,10:33,tutorat,aide_si_sollicite
OBS,502,Robin,Liam,,,,2026-04-22,10:35,participation,repond_si_sollicite
OBS,502,Robin,Liam,,,,2026-04-22,10:37,difficulte,utilise_coup_de_pouce
OBS,502,Robin,Liam,,,,2026-04-22,10:39,entree,demarre_relance
OBS,502,Robin,Liam,,,,2026-04-22,10:41,finalisation,corrige_erreur
OBS,502,Renard,Lola,,,,2026-04-22,10:47,tutorat,aide_si_sollicite
OBS,502,Renard,Lola,,,,2026-04-22,10:49,participation,repond_si_sollicite
OBS,502,Renard,Lola,,,,2026-04-22,10:51,difficulte,observe_camarade
OBS,502,Renard,Lola,,,,2026-04-22,10:53,finalisation,activite_incomplete
OBS,502,Renard,Lola,,,,2026-04-22,10:53,attention,bavarde_travail
SESSION,502,demo_502_202604281000,1777363200000,1777366500000
OBS,502,Meunier,Mohamed,,,,2026-04-28,10:02,tutorat,refuse_aider
OBS,502,Meunier,Mohamed,,,,2026-04-28,10:04,participation,repond_si_insiste
OBS,502,Meunier,Mohamed,,,,2026-04-28,10:06,attention,perturbe_camarade
OBS,502,Meunier,Mohamed,,,,2026-04-28,10:08,ressources,attend_correction
OBS,502,Meunier,Mohamed,,,,2026-04-28,10:10,finalisation,recopie_correction
OBS,502,Lambert,Enzo,,,,2026-04-28,10:13,tutorat,refuse_aider
OBS,502,Lambert,Enzo,,,,2026-04-28,10:15,participation,repond_si_insiste
OBS,502,Lambert,Enzo,,,,2026-04-28,10:17,ressources,sollicite_immediat
OBS,502,Lambert,Enzo,,,,2026-04-28,10:19,difficulte,observe_camarade
OBS,502,Lambert,Enzo,,,,2026-04-28,10:21,attention,distrait_momentanement
OBS,502,Robert,Simon,,,,2026-04-28,10:28,tutorat,aide_si_sollicite
OBS,502,Robert,Simon,,,,2026-04-28,10:30,participation,repond_si_sollicite
OBS,502,Robert,Simon,,,,2026-04-28,10:32,ressources,utilise_document_r
OBS,502,Robert,Simon,,,,2026-04-28,10:34,difficulte,demande_aide_pertinente
OBS,502,Robert,Simon,,,,2026-04-28,10:36,finalisation,activite_incomplete
OBS,502,Robin,Liam,,,,2026-04-28,10:46,tutorat,donne_reponse_directe
OBS,502,Robin,Liam,,,,2026-04-28,10:48,participation,repond_si_sollicite
OBS,502,Robin,Liam,,,,2026-04-28,10:50,finalisation,passe_autre_activite
OBS,502,Robin,Liam,,,,2026-04-28,10:52,difficulte,observe_camarade
OBS,502,Renard,Lola,,,,2026-04-28,10:13,tutorat,aide_si_sollicite
OBS,502,Renard,Lola,,,,2026-04-28,10:15,participation,repond_si_sollicite
OBS,502,Renard,Lola,,,,2026-04-28,10:17,entree,demarre_relance
OBS,502,Renard,Lola,,,,2026-04-28,10:19,ressources,attend_professeur
OBS,502,Renard,Lola,,,,2026-04-28,10:21,difficulte,observe_camarade
SESSION,502,demo_502_202605041000,1777881600000,1777884900000
OBS,502,Meunier,Mohamed,,,,2026-05-04,10:07,tutorat,refuse_aider
OBS,502,Meunier,Mohamed,,,,2026-05-04,10:09,participation,repond_si_insiste
OBS,502,Meunier,Mohamed,,,,2026-05-04,10:11,finalisation,passe_autre_activite
OBS,502,Meunier,Mohamed,,,,2026-05-04,10:13,entree,ne_demarre_pas
OBS,502,Lambert,Enzo,,,,2026-05-04,10:01,tutorat,donne_reponse_directe
OBS,502,Lambert,Enzo,,,,2026-05-04,10:03,participation,repond_si_insiste
OBS,502,Lambert,Enzo,,,,2026-05-04,10:05,difficulte,observe_camarade
OBS,502,Lambert,Enzo,,,,2026-05-04,10:07,finalisation,recopie_correction
OBS,502,Lambert,Enzo,,,,2026-05-04,10:09,ressources,attend_correction
OBS,502,Vincent,Enzo,,,,2026-05-04,10:36,tutorat,explique_camarade
OBS,502,Vincent,Enzo,,,,2026-05-04,10:38,participation,participe_spontanement
OBS,502,Vincent,Enzo,,,,2026-05-04,10:40,entree,demarre_immediat
OBS,502,Vincent,Enzo,,,,2026-05-04,10:42,attention,reconcentre_seul
OBS,502,Vincent,Enzo,,,,2026-05-04,10:44,ressources,sollicite_apres_cherche
OBS,502,Robin,Liam,,,,2026-05-04,10:43,tutorat,donne_reponse_directe
OBS,502,Robin,Liam,,,,2026-05-04,10:45,participation,repond_si_sollicite
OBS,502,Robin,Liam,,,,2026-05-04,10:47,difficulte,utilise_coup_de_pouce
OBS,502,Robin,Liam,,,,2026-05-04,10:49,attention,bavarde_travail
OBS,502,Robin,Liam,,,,2026-05-04,10:51,entree,demarre_relance
OBS,502,Renard,Lola,,,,2026-05-04,10:47,tutorat,aide_si_sollicite
OBS,502,Renard,Lola,,,,2026-05-04,10:49,participation,repond_si_sollicite
OBS,502,Renard,Lola,,,,2026-05-04,10:51,difficulte,attend_d
OBS,502,Renard,Lola,,,,2026-05-04,10:53,ressources,attend_professeur
OBS,502,Renard,Lola,,,,2026-05-04,10:53,attention,distrait_momentanement
SESSION,502,demo_502_202605081000,1778227200000,1778230500000
OBS,502,Meunier,Mohamed,,,,2026-05-08,10:47,tutorat,refuse_aider
OBS,502,Meunier,Mohamed,,,,2026-05-08,10:49,participation,ne_participe_pas
OBS,502,Meunier,Mohamed,,,,2026-05-08,10:51,attention,perturbe_camarade
OBS,502,Meunier,Mohamed,,,,2026-05-08,10:53,finalisation,recopie_correction
OBS,502,Lambert,Enzo,,,,2026-05-08,10:01,tutorat,refuse_aider
OBS,502,Lambert,Enzo,,,,2026-05-08,10:03,participation,ne_participe_pas
OBS,502,Lambert,Enzo,,,,2026-05-08,10:05,attention,bavarde_travail
OBS,502,Lambert,Enzo,,,,2026-05-08,10:07,entree,ne_demarre_pas
OBS,502,Robert,Simon,,,,2026-05-08,10:30,tutorat,explique_camarade
OBS,502,Robert,Simon,,,,2026-05-08,10:32,participation,participe_spontanement
OBS,502,Robert,Simon,,,,2026-05-08,10:34,difficulte,utilise_coup_de_pouce
OBS,502,Robert,Simon,,,,2026-05-08,10:36,attention,concentre
OBS,502,Robin,Liam,,,,2026-05-08,10:32,tutorat,aide_si_sollicite
OBS,502,Robin,Liam,,,,2026-05-08,10:34,participation,repond_si_sollicite
OBS,502,Robin,Liam,,,,2026-05-08,10:36,difficulte,observe_camarade
OBS,502,Robin,Liam,,,,2026-05-08,10:38,ressources,echange_camarade
OBS,502,Robin,Liam,,,,2026-05-08,10:40,finalisation,corrige_erreur
OBS,502,Renard,Lola,,,,2026-05-08,10:44,tutorat,donne_reponse_directe
OBS,502,Renard,Lola,,,,2026-05-08,10:46,participation,repond_si_sollicite
OBS,502,Renard,Lola,,,,2026-05-08,10:48,entree,demarre_relance
OBS,502,Renard,Lola,,,,2026-05-08,10:50,attention,distrait_momentanement
SESSION,502,demo_502_202605141000,1778745600000,1778748900000
OBS,502,Lambert,Enzo,,,,2026-05-14,10:48,tutorat,donne_reponse_directe
OBS,502,Lambert,Enzo,,,,2026-05-14,10:50,participation,repond_si_insiste
OBS,502,Lambert,Enzo,,,,2026-05-14,10:52,entree,ne_demarre_pas
OBS,502,Lambert,Enzo,,,,2026-05-14,10:53,difficulte,attend_d
OBS,502,Lambert,Enzo,,,,2026-05-14,10:53,finalisation,recopie_correction
OBS,502,Vincent,Enzo,,,,2026-05-14,10:32,tutorat,explique_camarade
OBS,502,Vincent,Enzo,,,,2026-05-14,10:34,participation,participe_spontanement
OBS,502,Vincent,Enzo,,,,2026-05-14,10:36,difficulte,utilise_document_d
OBS,502,Vincent,Enzo,,,,2026-05-14,10:38,entree,demarre_immediat
OBS,502,Robert,Simon,,,,2026-05-14,10:41,tutorat,aide_si_sollicite
OBS,502,Robert,Simon,,,,2026-05-14,10:43,participation,repond_si_sollicite
OBS,502,Robert,Simon,,,,2026-05-14,10:45,attention,concentre
OBS,502,Robert,Simon,,,,2026-05-14,10:47,entree,demarre_relance
OBS,502,Robert,Simon,,,,2026-05-14,10:49,difficulte,observe_camarade
OBS,502,Robin,Liam,,,,2026-05-14,10:01,tutorat,donne_reponse_directe
OBS,502,Robin,Liam,,,,2026-05-14,10:03,participation,repond_si_insiste
OBS,502,Robin,Liam,,,,2026-05-14,10:05,ressources,attend_professeur
OBS,502,Robin,Liam,,,,2026-05-14,10:07,attention,perturbe_camarade
OBS,502,Robin,Liam,,,,2026-05-14,10:09,entree,attend_sans_commencer
OBS,502,Renard,Lola,,,,2026-05-14,10:23,tutorat,aide_si_sollicite
OBS,502,Renard,Lola,,,,2026-05-14,10:25,participation,repond_si_sollicite
OBS,502,Renard,Lola,,,,2026-05-14,10:27,ressources,attend_professeur
OBS,502,Renard,Lola,,,,2026-05-14,10:29,difficulte,observe_camarade
OBS,502,Renard,Lola,,,,2026-05-14,10:31,attention,bavarde_travail
SESSION,502,demo_502_202605211000,1779350400000,1779353700000
OBS,502,Meunier,Mohamed,,,,2026-05-21,10:33,tutorat,refuse_aider
OBS,502,Meunier,Mohamed,,,,2026-05-21,10:35,participation,ne_participe_pas
OBS,502,Meunier,Mohamed,,,,2026-05-21,10:37,finalisation,activite_incomplete
OBS,502,Meunier,Mohamed,,,,2026-05-21,10:39,ressources,attend_correction
OBS,502,Meunier,Mohamed,,,,2026-05-21,10:41,entree,ne_demarre_pas
OBS,502,Lambert,Enzo,,,,2026-05-21,10:13,tutorat,donne_reponse_directe
OBS,502,Lambert,Enzo,,,,2026-05-21,10:15,participation,repond_si_insiste
OBS,502,Lambert,Enzo,,,,2026-05-21,10:17,difficulte,observe_camarade
OBS,502,Lambert,Enzo,,,,2026-05-21,10:19,attention,distrait_momentanement
OBS,502,Vincent,Enzo,,,,2026-05-21,10:38,tutorat,explique_camarade
OBS,502,Vincent,Enzo,,,,2026-05-21,10:40,participation,repond_si_sollicite
OBS,502,Vincent,Enzo,,,,2026-05-21,10:42,attention,concentre
OBS,502,Vincent,Enzo,,,,2026-05-21,10:44,ressources,utilise_aides_activite
OBS,502,Robert,Simon,,,,2026-05-21,10:12,tutorat,explique_camarade
OBS,502,Robert,Simon,,,,2026-05-21,10:14,participation,participe_spontanement
OBS,502,Robert,Simon,,,,2026-05-21,10:16,difficulte,utilise_coup_de_pouce
OBS,502,Robert,Simon,,,,2026-05-21,10:18,finalisation,verifie_travail
OBS,502,Robin,Liam,,,,2026-05-21,10:46,tutorat,aide_si_sollicite
OBS,502,Robin,Liam,,,,2026-05-21,10:48,participation,repond_si_sollicite
OBS,502,Robin,Liam,,,,2026-05-21,10:50,finalisation,verifie_travail
OBS,502,Robin,Liam,,,,2026-05-21,10:52,entree,demarre_relance
OBS,502,Robin,Liam,,,,2026-05-21,10:53,difficulte,utilise_document_d
OBS,502,Renard,Lola,,,,2026-05-21,10:46,tutorat,donne_reponse_directe
OBS,502,Renard,Lola,,,,2026-05-21,10:48,participation,repond_si_sollicite
OBS,502,Renard,Lola,,,,2026-05-21,10:50,difficulte,attend_d
OBS,502,Renard,Lola,,,,2026-05-21,10:52,ressources,sollicite_immediat
OBS,502,Renard,Lola,,,,2026-05-21,10:53,finalisation,activite_terminee
SESSION,502,demo_502_202605271000,1779868800000,1779872100000
OBS,502,Meunier,Mohamed,,,,2026-05-27,10:25,tutorat,refuse_aider
OBS,502,Meunier,Mohamed,,,,2026-05-27,10:27,participation,ne_participe_pas
OBS,502,Meunier,Mohamed,,,,2026-05-27,10:29,difficulte,copie_camarade
OBS,502,Meunier,Mohamed,,,,2026-05-27,10:31,finalisation,recopie_correction
OBS,502,Lambert,Enzo,,,,2026-05-27,10:31,tutorat,refuse_aider
OBS,502,Lambert,Enzo,,,,2026-05-27,10:33,participation,ne_participe_pas
OBS,502,Lambert,Enzo,,,,2026-05-27,10:35,attention,perturbe_camarade
OBS,502,Lambert,Enzo,,,,2026-05-27,10:37,finalisation,recopie_correction
OBS,502,Vincent,Enzo,,,,2026-05-27,10:31,tutorat,aide_si_sollicite
OBS,502,Vincent,Enzo,,,,2026-05-27,10:33,participation,repond_si_sollicite
OBS,502,Vincent,Enzo,,,,2026-05-27,10:35,entree,demarre_relance
OBS,502,Vincent,Enzo,,,,2026-05-27,10:37,difficulte,cherche_seul
OBS,502,Vincent,Enzo,,,,2026-05-27,10:39,ressources,utilise_aides_activite
OBS,502,Robert,Simon,,,,2026-05-27,10:10,tutorat,aide_si_sollicite
OBS,502,Robert,Simon,,,,2026-05-27,10:12,participation,repond_si_sollicite
OBS,502,Robert,Simon,,,,2026-05-27,10:14,finalisation,activite_terminee
OBS,502,Robert,Simon,,,,2026-05-27,10:16,difficulte,observe_camarade
OBS,502,Robert,Simon,,,,2026-05-27,10:18,ressources,sollicite_apres_cherche
OBS,502,Robin,Liam,,,,2026-05-27,10:38,tutorat,aide_si_sollicite
OBS,502,Robin,Liam,,,,2026-05-27,10:40,participation,repond_si_insiste
OBS,502,Robin,Liam,,,,2026-05-27,10:42,difficulte,demande_aide_pertinente
OBS,502,Robin,Liam,,,,2026-05-27,10:44,entree,demarre_relance
OBS,502,Renard,Lola,,,,2026-05-27,10:45,tutorat,aide_si_sollicite
OBS,502,Renard,Lola,,,,2026-05-27,10:47,participation,repond_si_sollicite
OBS,502,Renard,Lola,,,,2026-05-27,10:49,finalisation,corrige_erreur
OBS,502,Renard,Lola,,,,2026-05-27,10:51,ressources,utilise_aides_activite
SESSION,502,demo_502_202606021000,1780387200000,1780390500000
OBS,502,Meunier,Mohamed,,,,2026-06-02,10:11,tutorat,donne_reponse_directe
OBS,502,Meunier,Mohamed,,,,2026-06-02,10:13,participation,repond_si_insiste
OBS,502,Meunier,Mohamed,,,,2026-06-02,10:15,ressources,attend_correction
OBS,502,Meunier,Mohamed,,,,2026-06-02,10:17,finalisation,passe_autre_activite
OBS,502,Vincent,Enzo,,,,2026-06-02,10:25,tutorat,explique_camarade
OBS,502,Vincent,Enzo,,,,2026-06-02,10:27,participation,repond_si_sollicite
OBS,502,Vincent,Enzo,,,,2026-06-02,10:29,ressources,echange_camarade
OBS,502,Vincent,Enzo,,,,2026-06-02,10:31,finalisation,corrige_erreur
OBS,502,Vincent,Enzo,,,,2026-06-02,10:33,entree,demarre_immediat
OBS,502,Robert,Simon,,,,2026-06-02,10:25,tutorat,donne_reponse_directe
OBS,502,Robert,Simon,,,,2026-06-02,10:27,participation,repond_si_insiste
OBS,502,Robert,Simon,,,,2026-06-02,10:29,ressources,sollicite_immediat
OBS,502,Robert,Simon,,,,2026-06-02,10:31,difficulte,observe_camarade
OBS,502,Robin,Liam,,,,2026-06-02,10:11,tutorat,aide_si_sollicite
OBS,502,Robin,Liam,,,,2026-06-02,10:13,participation,repond_si_sollicite
OBS,502,Robin,Liam,,,,2026-06-02,10:15,entree,demarre_relance
OBS,502,Robin,Liam,,,,2026-06-02,10:17,attention,bavarde_travail
OBS,502,Renard,Lola,,,,2026-06-02,10:34,tutorat,aide_si_sollicite
OBS,502,Renard,Lola,,,,2026-06-02,10:36,participation,repond_si_sollicite
OBS,502,Renard,Lola,,,,2026-06-02,10:38,ressources,echange_camarade
OBS,502,Renard,Lola,,,,2026-06-02,10:40,difficulte,observe_camarade
SESSION,502,demo_502_202606081000,1780905600000,1780908900000
OBS,502,Meunier,Mohamed,,,,2026-06-08,10:40,tutorat,refuse_aider
OBS,502,Meunier,Mohamed,,,,2026-06-08,10:42,participation,ne_participe_pas
OBS,502,Meunier,Mohamed,,,,2026-06-08,10:44,entree,attend_sans_commencer
OBS,502,Meunier,Mohamed,,,,2026-06-08,10:46,attention,distrait_momentanement
OBS,502,Vincent,Enzo,,,,2026-06-08,10:48,tutorat,aide_si_sollicite
OBS,502,Vincent,Enzo,,,,2026-06-08,10:50,participation,repond_si_sollicite
OBS,502,Vincent,Enzo,,,,2026-06-08,10:52,attention,bavarde_travail
OBS,502,Vincent,Enzo,,,,2026-06-08,10:53,ressources,echange_camarade
OBS,502,Robert,Simon,,,,2026-06-08,10:01,tutorat,aide_si_sollicite
OBS,502,Robert,Simon,,,,2026-06-08,10:03,participation,repond_si_sollicite
OBS,502,Robert,Simon,,,,2026-06-08,10:05,finalisation,verifie_travail
OBS,502,Robert,Simon,,,,2026-06-08,10:07,entree,demarre_immediat
OBS,502,Robert,Simon,,,,2026-06-08,10:09,ressources,sollicite_apres_cherche
OBS,502,Robin,Liam,,,,2026-06-08,10:24,tutorat,aide_si_sollicite
OBS,502,Robin,Liam,,,,2026-06-08,10:26,participation,repond_si_sollicite
OBS,502,Robin,Liam,,,,2026-06-08,10:28,ressources,sollicite_immediat
OBS,502,Robin,Liam,,,,2026-06-08,10:30,attention,reconcentre_seul
OBS,502,Renard,Lola,,,,2026-06-08,10:46,tutorat,donne_reponse_directe
OBS,502,Renard,Lola,,,,2026-06-08,10:48,participation,repond_si_sollicite
OBS,502,Renard,Lola,,,,2026-06-08,10:50,entree,demarre_relance
OBS,502,Renard,Lola,,,,2026-06-08,10:52,attention,distrait_momentanement
SESSION,502,demo_502_202606121000,1781251200000,1781254500000
OBS,502,Lambert,Enzo,,,,2026-06-12,10:46,tutorat,donne_reponse_directe
OBS,502,Lambert,Enzo,,,,2026-06-12,10:48,participation,ne_participe_pas
OBS,502,Lambert,Enzo,,,,2026-06-12,10:50,finalisation,activite_incomplete
OBS,502,Lambert,Enzo,,,,2026-06-12,10:52,attention,bavarde_travail
OBS,502,Lambert,Enzo,,,,2026-06-12,10:53,ressources,attend_professeur
OBS,502,Vincent,Enzo,,,,2026-06-12,10:46,tutorat,explique_camarade
OBS,502,Vincent,Enzo,,,,2026-06-12,10:48,participation,repond_si_sollicite
OBS,502,Vincent,Enzo,,,,2026-06-12,10:50,entree,demarre_immediat
OBS,502,Vincent,Enzo,,,,2026-06-12,10:52,difficulte,cherche_seul
OBS,502,Robert,Simon,,,,2026-06-12,10:31,tutorat,aide_si_sollicite
OBS,502,Robert,Simon,,,,2026-06-12,10:33,participation,participe_spontanement
OBS,502,Robert,Simon,,,,2026-06-12,10:35,finalisation,verifie_travail
OBS,502,Robert,Simon,,,,2026-06-12,10:37,entree,demarre_relance
OBS,502,Robert,Simon,,,,2026-06-12,10:39,attention,concentre
OBS,502,Renard,Lola,,,,2026-06-12,10:03,tutorat,donne_reponse_directe
OBS,502,Renard,Lola,,,,2026-06-12,10:05,participation,repond_si_insiste
OBS,502,Renard,Lola,,,,2026-06-12,10:07,ressources,attend_professeur
OBS,502,Renard,Lola,,,,2026-06-12,10:09,attention,distrait_momentanement
SESSION,502,demo_502_202606181000,1781769600000,1781772900000
OBS,502,Meunier,Mohamed,,,,2026-06-18,10:03,tutorat,refuse_aider
OBS,502,Meunier,Mohamed,,,,2026-06-18,10:05,participation,ne_participe_pas
OBS,502,Meunier,Mohamed,,,,2026-06-18,10:07,entree,ne_demarre_pas
OBS,502,Meunier,Mohamed,,,,2026-06-18,10:09,finalisation,recopie_correction
OBS,502,Meunier,Mohamed,,,,2026-06-18,10:11,difficulte,copie_camarade
OBS,502,Lambert,Enzo,,,,2026-06-18,10:20,tutorat,donne_reponse_directe
OBS,502,Lambert,Enzo,,,,2026-06-18,10:22,participation,repond_si_insiste
OBS,502,Lambert,Enzo,,,,2026-06-18,10:24,ressources,attend_professeur
OBS,502,Lambert,Enzo,,,,2026-06-18,10:26,difficulte,copie_camarade
OBS,502,Vincent,Enzo,,,,2026-06-18,10:38,tutorat,aide_si_sollicite
OBS,502,Vincent,Enzo,,,,2026-06-18,10:40,participation,repond_si_sollicite
OBS,502,Vincent,Enzo,,,,2026-06-18,10:42,finalisation,activite_incomplete
OBS,502,Vincent,Enzo,,,,2026-06-18,10:44,difficulte,utilise_document_d
OBS,502,Robert,Simon,,,,2026-06-18,10:31,tutorat,aide_si_sollicite
OBS,502,Robert,Simon,,,,2026-06-18,10:33,participation,repond_si_sollicite
OBS,502,Robert,Simon,,,,2026-06-18,10:35,ressources,echange_camarade
OBS,502,Robert,Simon,,,,2026-06-18,10:37,entree,demarre_immediat
OBS,502,Robin,Liam,,,,2026-06-18,10:19,tutorat,aide_si_sollicite
OBS,502,Robin,Liam,,,,2026-06-18,10:21,participation,repond_si_insiste
OBS,502,Robin,Liam,,,,2026-06-18,10:23,entree,demarre_immediat
OBS,502,Robin,Liam,,,,2026-06-18,10:25,finalisation,passe_autre_activite
OBS,502,Robin,Liam,,,,2026-06-18,10:27,ressources,attend_professeur
SESSION,502,demo_502_202606241000,1782288000000,1782291300000
OBS,502,Meunier,Mohamed,,,,2026-06-24,10:09,tutorat,refuse_aider
OBS,502,Meunier,Mohamed,,,,2026-06-24,10:11,participation,ne_participe_pas
OBS,502,Meunier,Mohamed,,,,2026-06-24,10:13,attention,bavarde_travail
OBS,502,Meunier,Mohamed,,,,2026-06-24,10:15,difficulte,copie_correction
OBS,502,Lambert,Enzo,,,,2026-06-24,10:16,tutorat,donne_reponse_directe
OBS,502,Lambert,Enzo,,,,2026-06-24,10:18,participation,ne_participe_pas
OBS,502,Lambert,Enzo,,,,2026-06-24,10:20,difficulte,observe_camarade
OBS,502,Lambert,Enzo,,,,2026-06-24,10:22,attention,distrait_momentanement
OBS,502,Vincent,Enzo,,,,2026-06-24,10:25,tutorat,explique_camarade
OBS,502,Vincent,Enzo,,,,2026-06-24,10:27,participation,participe_spontanement
OBS,502,Vincent,Enzo,,,,2026-06-24,10:29,entree,demarre_immediat
OBS,502,Vincent,Enzo,,,,2026-06-24,10:31,ressources,echange_camarade
OBS,502,Robert,Simon,,,,2026-06-24,10:38,tutorat,aide_si_sollicite
OBS,502,Robert,Simon,,,,2026-06-24,10:40,participation,repond_si_insiste
OBS,502,Robert,Simon,,,,2026-06-24,10:42,entree,demarre_relance
OBS,502,Robert,Simon,,,,2026-06-24,10:44,difficulte,utilise_document_d
OBS,502,Robert,Simon,,,,2026-06-24,10:46,ressources,utilise_aides_activite
OBS,502,Robin,Liam,,,,2026-06-24,10:31,tutorat,explique_camarade
OBS,502,Robin,Liam,,,,2026-06-24,10:33,participation,participe_spontanement
OBS,502,Robin,Liam,,,,2026-06-24,10:35,finalisation,corrige_erreur
OBS,502,Robin,Liam,,,,2026-06-24,10:37,entree,demarre_immediat
OBS,502,Renard,Lola,,,,2026-06-24,10:20,tutorat,aide_si_sollicite
OBS,502,Renard,Lola,,,,2026-06-24,10:22,participation,participe_spontanement
OBS,502,Renard,Lola,,,,2026-06-24,10:24,finalisation,verifie_travail
OBS,502,Renard,Lola,,,,2026-06-24,10:26,ressources,attend_professeur
SESSION,502,demo_502_202606301000,1782806400000,1782809700000
OBS,502,Meunier,Mohamed,,,,2026-06-30,10:26,tutorat,refuse_aider
OBS,502,Meunier,Mohamed,,,,2026-06-30,10:28,participation,ne_participe_pas
OBS,502,Meunier,Mohamed,,,,2026-06-30,10:30,attention,revasse
OBS,502,Meunier,Mohamed,,,,2026-06-30,10:32,difficulte,copie_correction
OBS,502,Meunier,Mohamed,,,,2026-06-30,10:34,entree,ne_demarre_pas
OBS,502,Lambert,Enzo,,,,2026-06-30,10:26,tutorat,refuse_aider
OBS,502,Lambert,Enzo,,,,2026-06-30,10:28,participation,ne_participe_pas
OBS,502,Lambert,Enzo,,,,2026-06-30,10:30,difficulte,copie_correction
OBS,502,Lambert,Enzo,,,,2026-06-30,10:32,entree,attend_sans_commencer
OBS,502,Lambert,Enzo,,,,2026-06-30,10:34,finalisation,passe_autre_activite
OBS,502,Robin,Liam,,,,2026-06-30,10:38,tutorat,aide_si_sollicite
OBS,502,Robin,Liam,,,,2026-06-30,10:40,participation,repond_si_sollicite
OBS,502,Robin,Liam,,,,2026-06-30,10:42,finalisation,corrige_erreur
OBS,502,Robin,Liam,,,,2026-06-30,10:44,attention,distrait_momentanement
OBS,502,Robin,Liam,,,,2026-06-30,10:46,ressources,sollicite_apres_cherche
OBS,502,Renard,Lola,,,,2026-06-30,10:37,tutorat,aide_si_sollicite
OBS,502,Renard,Lola,,,,2026-06-30,10:39,participation,participe_spontanement
OBS,502,Renard,Lola,,,,2026-06-30,10:41,ressources,echange_camarade
OBS,502,Renard,Lola,,,,2026-06-30,10:43,difficulte,utilise_document_d
OBS,502,Renard,Lola,,,,2026-06-30,10:45,attention,concentre
SESSION,502,demo_502_202607061000,1783324800000,1783328100000
OBS,502,Meunier,Mohamed,,,,2026-07-06,10:39,tutorat,refuse_aider
OBS,502,Meunier,Mohamed,,,,2026-07-06,10:41,participation,ne_participe_pas
OBS,502,Meunier,Mohamed,,,,2026-07-06,10:43,finalisation,recopie_correction
OBS,502,Meunier,Mohamed,,,,2026-07-06,10:45,entree,ne_demarre_pas
OBS,502,Meunier,Mohamed,,,,2026-07-06,10:47,ressources,attend_correction
OBS,502,Lambert,Enzo,,,,2026-07-06,10:19,tutorat,refuse_aider
OBS,502,Lambert,Enzo,,,,2026-07-06,10:21,participation,ne_participe_pas
OBS,502,Lambert,Enzo,,,,2026-07-06,10:23,difficulte,copie_camarade
OBS,502,Lambert,Enzo,,,,2026-07-06,10:25,attention,perturbe_camarade
OBS,502,Vincent,Enzo,,,,2026-07-06,10:37,tutorat,aide_si_sollicite
OBS,502,Vincent,Enzo,,,,2026-07-06,10:39,participation,repond_si_sollicite
OBS,502,Vincent,Enzo,,,,2026-07-06,10:41,finalisation,verifie_travail
OBS,502,Vincent,Enzo,,,,2026-07-06,10:43,attention,distrait_momentanement
OBS,502,Vincent,Enzo,,,,2026-07-06,10:45,entree,demarre_relance
OBS,502,Robert,Simon,,,,2026-07-06,10:33,tutorat,aide_si_sollicite
OBS,502,Robert,Simon,,,,2026-07-06,10:35,participation,repond_si_sollicite
OBS,502,Robert,Simon,,,,2026-07-06,10:37,attention,distrait_momentanement
OBS,502,Robert,Simon,,,,2026-07-06,10:39,finalisation,corrige_erreur
OBS,502,Robin,Liam,,,,2026-07-06,10:01,tutorat,aide_si_sollicite
OBS,502,Robin,Liam,,,,2026-07-06,10:03,participation,repond_si_sollicite
OBS,502,Robin,Liam,,,,2026-07-06,10:05,ressources,attend_professeur
OBS,502,Robin,Liam,,,,2026-07-06,10:07,attention,distrait_momentanement
OBS,502,Robin,Liam,,,,2026-07-06,10:09,finalisation,corrige_erreur
OBS,502,Renard,Lola,,,,2026-07-06,10:21,tutorat,donne_reponse_directe
OBS,502,Renard,Lola,,,,2026-07-06,10:23,participation,repond_si_sollicite
OBS,502,Renard,Lola,,,,2026-07-06,10:25,difficulte,observe_camarade
OBS,502,Renard,Lola,,,,2026-07-06,10:27,attention,distrait_momentanement
SESSION,503,demo_503_202509081100,1757322000000,1757325300000
OBS,503,Aubert,Julia,,,,2025-09-08,11:12,tutorat,aide_si_sollicite
OBS,503,Aubert,Julia,,,,2025-09-08,11:14,participation,participe_spontanement
OBS,503,Aubert,Julia,,,,2025-09-08,11:16,attention,distrait_momentanement
OBS,503,Aubert,Julia,,,,2025-09-08,11:18,difficulte,attend_d
OBS,503,Marchand,Lea,,,,2025-09-08,11:33,tutorat,refuse_aider
OBS,503,Marchand,Lea,,,,2025-09-08,11:35,participation,ne_participe_pas
OBS,503,Marchand,Lea,,,,2025-09-08,11:37,entree,ne_demarre_pas
OBS,503,Marchand,Lea,,,,2025-09-08,11:39,finalisation,recopie_correction
OBS,503,Marchand,Lea,,,,2025-09-08,11:41,ressources,attend_correction
OBS,503,David,Chloe,,,,2025-09-08,11:22,tutorat,aide_si_sollicite
OBS,503,David,Chloe,,,,2025-09-08,11:24,participation,repond_si_insiste
OBS,503,David,Chloe,,,,2025-09-08,11:26,difficulte,attend_d
OBS,503,David,Chloe,,,,2025-09-08,11:28,finalisation,passe_autre_activite
OBS,503,David,Chloe,,,,2025-09-08,11:30,entree,demarre_relance
OBS,503,Barbier,Zoe,,,,2025-09-08,11:06,tutorat,explique_camarade
OBS,503,Barbier,Zoe,,,,2025-09-08,11:08,participation,participe_spontanement
OBS,503,Barbier,Zoe,,,,2025-09-08,11:10,ressources,utilise_document_r
OBS,503,Barbier,Zoe,,,,2025-09-08,11:12,attention,concentre
OBS,503,Barbier,Zoe,,,,2025-09-08,11:14,entree,demarre_immediat
OBS,503,Dupont,Hugo,,,,2025-09-08,11:47,tutorat,aide_si_sollicite
OBS,503,Dupont,Hugo,,,,2025-09-08,11:49,participation,repond_si_sollicite
OBS,503,Dupont,Hugo,,,,2025-09-08,11:51,entree,demarre_immediat
OBS,503,Dupont,Hugo,,,,2025-09-08,11:53,finalisation,corrige_erreur
OBS,503,Bertrand,Malo,,,,2025-09-08,11:08,tutorat,aide_si_sollicite
OBS,503,Bertrand,Malo,,,,2025-09-08,11:10,participation,repond_si_sollicite
OBS,503,Bertrand,Malo,,,,2025-09-08,11:12,attention,concentre
OBS,503,Bertrand,Malo,,,,2025-09-08,11:14,ressources,sollicite_apres_cherche
OBS,503,Moreau,Eliott,,,,2025-09-08,11:05,tutorat,refuse_aider
OBS,503,Moreau,Eliott,,,,2025-09-08,11:07,participation,repond_si_insiste
OBS,503,Moreau,Eliott,,,,2025-09-08,11:09,difficulte,copie_camarade
OBS,503,Moreau,Eliott,,,,2025-09-08,11:11,entree,ne_demarre_pas
SESSION,503,demo_503_202509111100,1757581200000,1757584500000
OBS,503,Aubert,Julia,,,,2025-09-11,11:13,tutorat,aide_si_sollicite
OBS,503,Aubert,Julia,,,,2025-09-11,11:15,participation,repond_si_sollicite
OBS,503,Aubert,Julia,,,,2025-09-11,11:17,difficulte,utilise_document_d
OBS,503,Aubert,Julia,,,,2025-09-11,11:19,ressources,sollicite_immediat
OBS,503,Aubert,Julia,,,,2025-09-11,11:21,entree,demarre_relance
OBS,503,Marchand,Lea,,,,2025-09-11,11:12,tutorat,donne_reponse_directe
OBS,503,Marchand,Lea,,,,2025-09-11,11:14,participation,ne_participe_pas
OBS,503,Marchand,Lea,,,,2025-09-11,11:16,difficulte,copie_correction
OBS,503,Marchand,Lea,,,,2025-09-11,11:18,ressources,attend_correction
OBS,503,Marchand,Lea,,,,2025-09-11,11:20,entree,ne_demarre_pas
OBS,503,David,Chloe,,,,2025-09-11,11:27,tutorat,donne_reponse_directe
OBS,503,David,Chloe,,,,2025-09-11,11:29,participation,repond_si_sollicite
OBS,503,David,Chloe,,,,2025-09-11,11:31,attention,distrait_momentanement
OBS,503,David,Chloe,,,,2025-09-11,11:33,entree,demarre_relance
OBS,503,Barbier,Zoe,,,,2025-09-11,11:11,tutorat,explique_camarade
OBS,503,Barbier,Zoe,,,,2025-09-11,11:13,participation,participe_spontanement
OBS,503,Barbier,Zoe,,,,2025-09-11,11:15,entree,demarre_relance
OBS,503,Barbier,Zoe,,,,2025-09-11,11:17,attention,concentre
OBS,503,Barbier,Zoe,,,,2025-09-11,11:19,difficulte,utilise_coup_de_pouce
OBS,503,Dupont,Hugo,,,,2025-09-11,11:13,tutorat,aide_si_sollicite
OBS,503,Dupont,Hugo,,,,2025-09-11,11:15,participation,repond_si_sollicite
OBS,503,Dupont,Hugo,,,,2025-09-11,11:17,difficulte,demande_aide_pertinente
OBS,503,Dupont,Hugo,,,,2025-09-11,11:19,attention,reconcentre_seul
OBS,503,Dupont,Hugo,,,,2025-09-11,11:21,finalisation,verifie_travail
OBS,503,Bertrand,Malo,,,,2025-09-11,11:43,tutorat,aide_si_sollicite
OBS,503,Bertrand,Malo,,,,2025-09-11,11:45,participation,repond_si_sollicite
OBS,503,Bertrand,Malo,,,,2025-09-11,11:47,ressources,sollicite_immediat
OBS,503,Bertrand,Malo,,,,2025-09-11,11:49,attention,distrait_momentanement
OBS,503,Moreau,Eliott,,,,2025-09-11,11:18,tutorat,refuse_aider
OBS,503,Moreau,Eliott,,,,2025-09-11,11:20,participation,ne_participe_pas
OBS,503,Moreau,Eliott,,,,2025-09-11,11:22,ressources,attend_correction
OBS,503,Moreau,Eliott,,,,2025-09-11,11:24,attention,perturbe_camarade
OBS,503,Moreau,Eliott,,,,2025-09-11,11:26,entree,ne_demarre_pas
SESSION,503,demo_503_202509161100,1758013200000,1758016500000
OBS,503,Aubert,Julia,,,,2025-09-16,11:31,tutorat,aide_si_sollicite
OBS,503,Aubert,Julia,,,,2025-09-16,11:33,participation,repond_si_sollicite
OBS,503,Aubert,Julia,,,,2025-09-16,11:35,difficulte,utilise_document_d
OBS,503,Aubert,Julia,,,,2025-09-16,11:37,finalisation,activite_terminee
OBS,503,Marchand,Lea,,,,2025-09-16,11:10,tutorat,donne_reponse_directe
OBS,503,Marchand,Lea,,,,2025-09-16,11:12,participation,ne_participe_pas
OBS,503,Marchand,Lea,,,,2025-09-16,11:14,entree,ne_demarre_pas
OBS,503,Marchand,Lea,,,,2025-09-16,11:16,ressources,attend_correction
OBS,503,Marchand,Lea,,,,2025-09-16,11:18,finalisation,recopie_correction
OBS,503,David,Chloe,,,,2025-09-16,11:07,tutorat,donne_reponse_directe
OBS,503,David,Chloe,,,,2025-09-16,11:09,participation,repond_si_insiste
OBS,503,David,Chloe,,,,2025-09-16,11:11,entree,attend_sans_commencer
OBS,503,David,Chloe,,,,2025-09-16,11:13,ressources,sollicite_immediat
OBS,503,David,Chloe,,,,2025-09-16,11:15,finalisation,activite_incomplete
OBS,503,Barbier,Zoe,,,,2025-09-16,11:37,tutorat,aide_si_sollicite
OBS,503,Barbier,Zoe,,,,2025-09-16,11:39,participation,participe_spontanement
OBS,503,Barbier,Zoe,,,,2025-09-16,11:41,finalisation,activite_terminee
OBS,503,Barbier,Zoe,,,,2025-09-16,11:43,difficulte,demande_aide_pertinente
OBS,503,Dupont,Hugo,,,,2025-09-16,11:15,tutorat,aide_si_sollicite
OBS,503,Dupont,Hugo,,,,2025-09-16,11:17,participation,repond_si_sollicite
OBS,503,Dupont,Hugo,,,,2025-09-16,11:19,ressources,attend_professeur
OBS,503,Dupont,Hugo,,,,2025-09-16,11:21,difficulte,observe_camarade
OBS,503,Dupont,Hugo,,,,2025-09-16,11:23,entree,demarre_relance
OBS,503,Bertrand,Malo,,,,2025-09-16,11:11,tutorat,aide_si_sollicite
OBS,503,Bertrand,Malo,,,,2025-09-16,11:13,participation,repond_si_insiste
OBS,503,Bertrand,Malo,,,,2025-09-16,11:15,difficulte,cherche_seul
OBS,503,Bertrand,Malo,,,,2025-09-16,11:17,attention,distrait_momentanement
OBS,503,Faure,Iris,,,,2025-09-16,11:33,tutorat,donne_reponse_directe
OBS,503,Faure,Iris,,,,2025-09-16,11:35,participation,repond_si_sollicite
OBS,503,Faure,Iris,,,,2025-09-16,11:37,finalisation,activite_incomplete
OBS,503,Faure,Iris,,,,2025-09-16,11:39,entree,demarre_relance
OBS,503,Moreau,Eliott,,,,2025-09-16,11:19,tutorat,refuse_aider
OBS,503,Moreau,Eliott,,,,2025-09-16,11:21,participation,ne_participe_pas
OBS,503,Moreau,Eliott,,,,2025-09-16,11:23,finalisation,recopie_correction
OBS,503,Moreau,Eliott,,,,2025-09-16,11:25,entree,ne_demarre_pas
OBS,503,Lemoine,Agathe,,,,2025-09-16,11:14,tutorat,donne_reponse_directe
OBS,503,Lemoine,Agathe,,,,2025-09-16,11:16,participation,participe_spontanement
OBS,503,Lemoine,Agathe,,,,2025-09-16,11:18,ressources,utilise_aides_activite
SESSION,503,demo_503_202509221100,1758531600000,1758534900000
OBS,503,Aubert,Julia,,,,2025-09-22,11:27,tutorat,explique_camarade
OBS,503,Aubert,Julia,,,,2025-09-22,11:29,participation,repond_si_insiste
OBS,503,Aubert,Julia,,,,2025-09-22,11:31,ressources,echange_camarade
OBS,503,Aubert,Julia,,,,2025-09-22,11:33,entree,attend_sans_commencer
OBS,503,Aubert,Julia,,,,2025-09-22,11:35,attention,concentre
OBS,503,Marchand,Lea,,,,2025-09-22,11:18,tutorat,refuse_aider
OBS,503,Marchand,Lea,,,,2025-09-22,11:20,participation,ne_participe_pas
OBS,503,Marchand,Lea,,,,2025-09-22,11:22,difficulte,copie_camarade
OBS,503,Marchand,Lea,,,,2025-09-22,11:24,ressources,attend_correction
OBS,503,David,Chloe,,,,2025-09-22,11:26,tutorat,aide_si_sollicite
OBS,503,David,Chloe,,,,2025-09-22,11:28,participation,repond_si_insiste
OBS,503,David,Chloe,,,,2025-09-22,11:30,entree,demarre_relance
OBS,503,David,Chloe,,,,2025-09-22,11:32,difficulte,utilise_coup_de_pouce
OBS,503,Barbier,Zoe,,,,2025-09-22,11:32,tutorat,explique_camarade
OBS,503,Barbier,Zoe,,,,2025-09-22,11:34,participation,participe_spontanement
OBS,503,Barbier,Zoe,,,,2025-09-22,11:36,ressources,utilise_aides_activite
OBS,503,Barbier,Zoe,,,,2025-09-22,11:38,difficulte,demande_aide_pertinente
OBS,503,Bertrand,Malo,,,,2025-09-22,11:27,tutorat,donne_reponse_directe
OBS,503,Bertrand,Malo,,,,2025-09-22,11:29,participation,repond_si_sollicite
OBS,503,Bertrand,Malo,,,,2025-09-22,11:31,attention,distrait_momentanement
OBS,503,Bertrand,Malo,,,,2025-09-22,11:33,difficulte,demande_aide_pertinente
OBS,503,Bertrand,Malo,,,,2025-09-22,11:35,entree,attend_sans_commencer
SESSION,503,demo_503_202509251100,1758790800000,1758794100000
OBS,503,Aubert,Julia,,,,2025-09-25,11:42,tutorat,aide_si_sollicite
OBS,503,Aubert,Julia,,,,2025-09-25,11:44,participation,repond_si_sollicite
OBS,503,Aubert,Julia,,,,2025-09-25,11:46,ressources,utilise_aides_activite
OBS,503,Aubert,Julia,,,,2025-09-25,11:48,attention,distrait_momentanement
OBS,503,Aubert,Julia,,,,2025-09-25,11:50,entree,demarre_relance
OBS,503,Marchand,Lea,,,,2025-09-25,11:37,tutorat,refuse_aider
OBS,503,Marchand,Lea,,,,2025-09-25,11:39,participation,ne_participe_pas
OBS,503,Marchand,Lea,,,,2025-09-25,11:41,ressources,sollicite_immediat
OBS,503,Marchand,Lea,,,,2025-09-25,11:43,finalisation,activite_incomplete
OBS,503,David,Chloe,,,,2025-09-25,11:21,tutorat,aide_si_sollicite
OBS,503,David,Chloe,,,,2025-09-25,11:23,participation,repond_si_sollicite
OBS,503,David,Chloe,,,,2025-09-25,11:25,attention,bavarde_travail
OBS,503,David,Chloe,,,,2025-09-25,11:27,entree,attend_sans_commencer
OBS,503,Barbier,Zoe,,,,2025-09-25,11:38,tutorat,explique_camarade
OBS,503,Barbier,Zoe,,,,2025-09-25,11:40,participation,repond_si_sollicite
OBS,503,Barbier,Zoe,,,,2025-09-25,11:42,ressources,utilise_document_r
OBS,503,Barbier,Zoe,,,,2025-09-25,11:44,entree,demarre_immediat
OBS,503,Dupont,Hugo,,,,2025-09-25,11:35,tutorat,explique_camarade
OBS,503,Dupont,Hugo,,,,2025-09-25,11:37,participation,participe_spontanement
OBS,503,Dupont,Hugo,,,,2025-09-25,11:39,ressources,echange_camarade
OBS,503,Dupont,Hugo,,,,2025-09-25,11:41,entree,demarre_immediat
OBS,503,Dupont,Hugo,,,,2025-09-25,11:43,attention,reconcentre_seul
OBS,503,Bertrand,Malo,,,,2025-09-25,11:21,tutorat,donne_reponse_directe
OBS,503,Bertrand,Malo,,,,2025-09-25,11:23,participation,repond_si_sollicite
OBS,503,Bertrand,Malo,,,,2025-09-25,11:25,difficulte,observe_camarade
OBS,503,Bertrand,Malo,,,,2025-09-25,11:27,attention,distrait_momentanement
OBS,503,Faure,Iris,,,,2025-09-25,11:40,tutorat,explique_camarade
OBS,503,Faure,Iris,,,,2025-09-25,11:42,participation,repond_si_sollicite
OBS,503,Faure,Iris,,,,2025-09-25,11:44,finalisation,verifie_travail
OBS,503,Faure,Iris,,,,2025-09-25,11:46,entree,demarre_immediat
OBS,503,Moreau,Eliott,,,,2025-09-25,11:35,tutorat,refuse_aider
OBS,503,Moreau,Eliott,,,,2025-09-25,11:37,participation,ne_participe_pas
OBS,503,Moreau,Eliott,,,,2025-09-25,11:39,entree,ne_demarre_pas
OBS,503,Moreau,Eliott,,,,2025-09-25,11:41,finalisation,recopie_correction
SESSION,503,demo_503_202510011100,1759309200000,1759312500000
OBS,503,Aubert,Julia,,,,2025-10-01,11:16,tutorat,aide_si_sollicite
OBS,503,Aubert,Julia,,,,2025-10-01,11:18,participation,repond_si_insiste
OBS,503,Aubert,Julia,,,,2025-10-01,11:20,difficulte,utilise_document_d
OBS,503,Aubert,Julia,,,,2025-10-01,11:22,entree,demarre_immediat
OBS,503,Aubert,Julia,,,,2025-10-01,11:24,ressources,echange_camarade
OBS,503,Marchand,Lea,,,,2025-10-01,11:02,tutorat,refuse_aider
OBS,503,Marchand,Lea,,,,2025-10-01,11:04,participation,ne_participe_pas
OBS,503,Marchand,Lea,,,,2025-10-01,11:06,difficulte,copie_camarade
OBS,503,Marchand,Lea,,,,2025-10-01,11:08,ressources,attend_correction
OBS,503,David,Chloe,,,,2025-10-01,11:02,tutorat,donne_reponse_directe
OBS,503,David,Chloe,,,,2025-10-01,11:04,participation,repond_si_insiste
OBS,503,David,Chloe,,,,2025-10-01,11:06,difficulte,observe_camarade
OBS,503,David,Chloe,,,,2025-10-01,11:08,ressources,sollicite_apres_cherche
OBS,503,David,Chloe,,,,2025-10-01,11:10,attention,reconcentre_seul
OBS,503,Bertrand,Malo,,,,2025-10-01,11:30,tutorat,aide_si_sollicite
OBS,503,Bertrand,Malo,,,,2025-10-01,11:32,participation,repond_si_sollicite
OBS,503,Bertrand,Malo,,,,2025-10-01,11:34,finalisation,verifie_travail
OBS,503,Bertrand,Malo,,,,2025-10-01,11:36,entree,demarre_relance
OBS,503,Bertrand,Malo,,,,2025-10-01,11:38,attention,reconcentre_seul
OBS,503,Faure,Iris,,,,2025-10-01,11:34,tutorat,donne_reponse_directe
OBS,503,Faure,Iris,,,,2025-10-01,11:36,participation,repond_si_insiste
OBS,503,Faure,Iris,,,,2025-10-01,11:38,difficulte,observe_camarade
OBS,503,Faure,Iris,,,,2025-10-01,11:40,finalisation,activite_incomplete
OBS,503,Faure,Iris,,,,2025-10-01,11:42,ressources,sollicite_immediat
OBS,503,Moreau,Eliott,,,,2025-10-01,11:47,tutorat,donne_reponse_directe
OBS,503,Moreau,Eliott,,,,2025-10-01,11:49,participation,repond_si_insiste
OBS,503,Moreau,Eliott,,,,2025-10-01,11:51,entree,ne_demarre_pas
OBS,503,Moreau,Eliott,,,,2025-10-01,11:53,difficulte,attend_d
SESSION,503,demo_503_202510061100,1759741200000,1759744500000
OBS,503,Aubert,Julia,,,,2025-10-06,11:01,tutorat,aide_si_sollicite
OBS,503,Aubert,Julia,,,,2025-10-06,11:03,participation,repond_si_sollicite
OBS,503,Aubert,Julia,,,,2025-10-06,11:05,difficulte,observe_camarade
OBS,503,Aubert,Julia,,,,2025-10-06,11:07,entree,demarre_relance
OBS,503,Marchand,Lea,,,,2025-10-06,11:24,tutorat,refuse_aider
OBS,503,Marchand,Lea,,,,2025-10-06,11:26,participation,ne_participe_pas
OBS,503,Marchand,Lea,,,,2025-10-06,11:28,difficulte,copie_camarade
OBS,503,Marchand,Lea,,,,2025-10-06,11:30,finalisation,recopie_correction
OBS,503,David,Chloe,,,,2025-10-06,11:07,tutorat,explique_camarade
OBS,503,David,Chloe,,,,2025-10-06,11:09,participation,participe_spontanement
OBS,503,David,Chloe,,,,2025-10-06,11:11,difficulte,utilise_document_d
OBS,503,David,Chloe,,,,2025-10-06,11:13,ressources,echange_camarade
OBS,503,Barbier,Zoe,,,,2025-10-06,11:38,tutorat,aide_si_sollicite
OBS,503,Barbier,Zoe,,,,2025-10-06,11:40,participation,repond_si_sollicite
OBS,503,Barbier,Zoe,,,,2025-10-06,11:42,difficulte,utilise_coup_de_pouce
OBS,503,Barbier,Zoe,,,,2025-10-06,11:44,entree,demarre_relance
OBS,503,Barbier,Zoe,,,,2025-10-06,11:46,attention,concentre
OBS,503,Dupont,Hugo,,,,2025-10-06,11:48,tutorat,aide_si_sollicite
OBS,503,Dupont,Hugo,,,,2025-10-06,11:50,participation,repond_si_sollicite
OBS,503,Dupont,Hugo,,,,2025-10-06,11:52,attention,reconcentre_seul
OBS,503,Dupont,Hugo,,,,2025-10-06,11:53,finalisation,activite_terminee
OBS,503,Bertrand,Malo,,,,2025-10-06,11:41,tutorat,donne_reponse_directe
OBS,503,Bertrand,Malo,,,,2025-10-06,11:43,participation,repond_si_sollicite
OBS,503,Bertrand,Malo,,,,2025-10-06,11:45,entree,attend_sans_commencer
OBS,503,Bertrand,Malo,,,,2025-10-06,11:47,finalisation,activite_incomplete
OBS,503,Faure,Iris,,,,2025-10-06,11:28,tutorat,explique_camarade
OBS,503,Faure,Iris,,,,2025-10-06,11:30,participation,repond_si_sollicite
OBS,503,Faure,Iris,,,,2025-10-06,11:32,entree,demarre_immediat
OBS,503,Faure,Iris,,,,2025-10-06,11:34,ressources,echange_camarade
OBS,503,Faure,Iris,,,,2025-10-06,11:36,finalisation,verifie_travail
OBS,503,Moreau,Eliott,,,,2025-10-06,11:47,tutorat,aide_si_sollicite
OBS,503,Moreau,Eliott,,,,2025-10-06,11:49,participation,repond_si_insiste
OBS,503,Moreau,Eliott,,,,2025-10-06,11:51,difficulte,observe_camarade
OBS,503,Moreau,Eliott,,,,2025-10-06,11:53,attention,bavarde_travail
OBS,503,Moreau,Eliott,,,,2025-10-06,11:53,ressources,sollicite_immediat
SESSION,503,demo_503_202510091100,1760000400000,1760003700000
OBS,503,Aubert,Julia,,,,2025-10-09,11:08,tutorat,donne_reponse_directe
OBS,503,Aubert,Julia,,,,2025-10-09,11:10,participation,repond_si_sollicite
OBS,503,Aubert,Julia,,,,2025-10-09,11:12,entree,demarre_relance
OBS,503,Aubert,Julia,,,,2025-10-09,11:14,difficulte,observe_camarade
OBS,503,Marchand,Lea,,,,2025-10-09,11:21,tutorat,donne_reponse_directe
OBS,503,Marchand,Lea,,,,2025-10-09,11:23,participation,ne_participe_pas
OBS,503,Marchand,Lea,,,,2025-10-09,11:25,attention,bavarde_hors_sujet
OBS,503,Marchand,Lea,,,,2025-10-09,11:27,entree,attend_sans_commencer
OBS,503,Marchand,Lea,,,,2025-10-09,11:29,finalisation,activite_incomplete
OBS,503,David,Chloe,,,,2025-10-09,11:44,tutorat,aide_si_sollicite
OBS,503,David,Chloe,,,,2025-10-09,11:46,participation,repond_si_insiste
OBS,503,David,Chloe,,,,2025-10-09,11:48,ressources,attend_professeur
OBS,503,David,Chloe,,,,2025-10-09,11:50,difficulte,attend_d
OBS,503,Barbier,Zoe,,,,2025-10-09,11:13,tutorat,explique_camarade
OBS,503,Barbier,Zoe,,,,2025-10-09,11:15,participation,repond_si_sollicite
OBS,503,Barbier,Zoe,,,,2025-10-09,11:17,difficulte,utilise_document_d
OBS,503,Barbier,Zoe,,,,2025-10-09,11:19,entree,demarre_relance
OBS,503,Dupont,Hugo,,,,2025-10-09,11:10,tutorat,aide_si_sollicite
OBS,503,Dupont,Hugo,,,,2025-10-09,11:12,participation,participe_spontanement
OBS,503,Dupont,Hugo,,,,2025-10-09,11:14,entree,demarre_immediat
OBS,503,Dupont,Hugo,,,,2025-10-09,11:16,ressources,sollicite_apres_cherche
OBS,503,Faure,Iris,,,,2025-10-09,11:36,tutorat,aide_si_sollicite
OBS,503,Faure,Iris,,,,2025-10-09,11:38,participation,repond_si_sollicite
OBS,503,Faure,Iris,,,,2025-10-09,11:40,finalisation,activite_incomplete
OBS,503,Faure,Iris,,,,2025-10-09,11:42,difficulte,attend_d
OBS,503,Faure,Iris,,,,2025-10-09,11:44,entree,demarre_relance
OBS,503,Moreau,Eliott,,,,2025-10-09,11:38,tutorat,refuse_aider
OBS,503,Moreau,Eliott,,,,2025-10-09,11:40,participation,repond_si_insiste
OBS,503,Moreau,Eliott,,,,2025-10-09,11:42,attention,revasse
OBS,503,Moreau,Eliott,,,,2025-10-09,11:44,entree,attend_sans_commencer
SESSION,503,demo_503_202510151100,1760518800000,1760522100000
OBS,503,Aubert,Julia,,,,2025-10-15,11:30,tutorat,explique_camarade
OBS,503,Aubert,Julia,,,,2025-10-15,11:32,participation,participe_spontanement
OBS,503,Aubert,Julia,,,,2025-10-15,11:34,difficulte,demande_aide_pertinente
OBS,503,Aubert,Julia,,,,2025-10-15,11:36,attention,concentre
OBS,503,Marchand,Lea,,,,2025-10-15,11:40,tutorat,donne_reponse_directe
OBS,503,Marchand,Lea,,,,2025-10-15,11:42,participation,repond_si_insiste
OBS,503,Marchand,Lea,,,,2025-10-15,11:44,ressources,attend_professeur
OBS,503,Marchand,Lea,,,,2025-10-15,11:46,attention,distrait_momentanement
OBS,503,David,Chloe,,,,2025-10-15,11:11,tutorat,donne_reponse_directe
OBS,503,David,Chloe,,,,2025-10-15,11:13,participation,repond_si_sollicite
OBS,503,David,Chloe,,,,2025-10-15,11:15,finalisation,passe_autre_activite
OBS,503,David,Chloe,,,,2025-10-15,11:17,entree,demarre_relance
OBS,503,Barbier,Zoe,,,,2025-10-15,11:32,tutorat,explique_camarade
OBS,503,Barbier,Zoe,,,,2025-10-15,11:34,participation,participe_spontanement
OBS,503,Barbier,Zoe,,,,2025-10-15,11:36,ressources,utilise_document_r
OBS,503,Barbier,Zoe,,,,2025-10-15,11:38,difficulte,utilise_document_d
OBS,503,Barbier,Zoe,,,,2025-10-15,11:40,finalisation,verifie_travail
OBS,503,Dupont,Hugo,,,,2025-10-15,11:26,tutorat,explique_camarade
OBS,503,Dupont,Hugo,,,,2025-10-15,11:28,participation,participe_spontanement
OBS,503,Dupont,Hugo,,,,2025-10-15,11:30,finalisation,activite_terminee
OBS,503,Dupont,Hugo,,,,2025-10-15,11:32,difficulte,demande_aide_pertinente
OBS,503,Bertrand,Malo,,,,2025-10-15,11:13,tutorat,donne_reponse_directe
OBS,503,Bertrand,Malo,,,,2025-10-15,11:15,participation,repond_si_insiste
OBS,503,Bertrand,Malo,,,,2025-10-15,11:17,attention,concentre
OBS,503,Bertrand,Malo,,,,2025-10-15,11:19,finalisation,activite_incomplete
OBS,503,Faure,Iris,,,,2025-10-15,11:07,tutorat,donne_reponse_directe
OBS,503,Faure,Iris,,,,2025-10-15,11:09,participation,repond_si_sollicite
OBS,503,Faure,Iris,,,,2025-10-15,11:11,finalisation,activite_terminee
OBS,503,Faure,Iris,,,,2025-10-15,11:13,ressources,sollicite_immediat
OBS,503,Faure,Iris,,,,2025-10-15,11:15,entree,demarre_relance
OBS,503,Moreau,Eliott,,,,2025-10-15,11:11,tutorat,refuse_aider
OBS,503,Moreau,Eliott,,,,2025-10-15,11:13,participation,repond_si_insiste
OBS,503,Moreau,Eliott,,,,2025-10-15,11:15,entree,ne_demarre_pas
OBS,503,Moreau,Eliott,,,,2025-10-15,11:17,ressources,attend_correction
OBS,503,Moreau,Eliott,,,,2025-10-15,11:19,difficulte,copie_correction
OBS,503,Lemoine,Agathe,,,,2025-10-15,11:42,tutorat,donne_reponse_directe
OBS,503,Lemoine,Agathe,,,,2025-10-15,11:44,participation,repond_si_insiste
OBS,503,Lemoine,Agathe,,,,2025-10-15,11:46,difficulte,copie_correction
OBS,503,Lemoine,Agathe,,,,2025-10-15,11:48,attention,revasse
SESSION,503,demo_503_202511031100,1762164000000,1762167300000
OBS,503,Aubert,Julia,,,,2025-11-03,11:22,tutorat,explique_camarade
OBS,503,Aubert,Julia,,,,2025-11-03,11:24,participation,repond_si_sollicite
OBS,503,Aubert,Julia,,,,2025-11-03,11:26,finalisation,activite_terminee
OBS,503,Aubert,Julia,,,,2025-11-03,11:28,ressources,echange_camarade
OBS,503,Marchand,Lea,,,,2025-11-03,11:01,tutorat,refuse_aider
OBS,503,Marchand,Lea,,,,2025-11-03,11:03,participation,ne_participe_pas
OBS,503,Marchand,Lea,,,,2025-11-03,11:05,entree,ne_demarre_pas
OBS,503,Marchand,Lea,,,,2025-11-03,11:07,attention,bavarde_hors_sujet
OBS,503,David,Chloe,,,,2025-11-03,11:37,tutorat,explique_camarade
OBS,503,David,Chloe,,,,2025-11-03,11:39,participation,repond_si_sollicite
OBS,503,David,Chloe,,,,2025-11-03,11:41,ressources,sollicite_apres_cherche
OBS,503,David,Chloe,,,,2025-11-03,11:43,entree,demarre_relance
OBS,503,David,Chloe,,,,2025-11-03,11:45,attention,bavarde_travail
OBS,503,Barbier,Zoe,,,,2025-11-03,11:43,tutorat,aide_si_sollicite
OBS,503,Barbier,Zoe,,,,2025-11-03,11:45,participation,repond_si_sollicite
OBS,503,Barbier,Zoe,,,,2025-11-03,11:47,attention,concentre
OBS,503,Barbier,Zoe,,,,2025-11-03,11:49,entree,demarre_immediat
OBS,503,Dupont,Hugo,,,,2025-11-03,11:10,tutorat,aide_si_sollicite
OBS,503,Dupont,Hugo,,,,2025-11-03,11:12,participation,participe_spontanement
OBS,503,Dupont,Hugo,,,,2025-11-03,11:14,attention,concentre
OBS,503,Dupont,Hugo,,,,2025-11-03,11:16,entree,demarre_immediat
OBS,503,Bertrand,Malo,,,,2025-11-03,11:06,tutorat,aide_si_sollicite
OBS,503,Bertrand,Malo,,,,2025-11-03,11:08,participation,repond_si_insiste
OBS,503,Bertrand,Malo,,,,2025-11-03,11:10,ressources,sollicite_immediat
OBS,503,Bertrand,Malo,,,,2025-11-03,11:12,difficulte,utilise_document_d
OBS,503,Bertrand,Malo,,,,2025-11-03,11:14,finalisation,passe_autre_activite
OBS,503,Faure,Iris,,,,2025-11-03,11:27,tutorat,aide_si_sollicite
OBS,503,Faure,Iris,,,,2025-11-03,11:29,participation,repond_si_insiste
OBS,503,Faure,Iris,,,,2025-11-03,11:31,attention,distrait_momentanement
OBS,503,Faure,Iris,,,,2025-11-03,11:33,entree,attend_sans_commencer
OBS,503,Faure,Iris,,,,2025-11-03,11:35,ressources,attend_professeur
OBS,503,Moreau,Eliott,,,,2025-11-03,11:01,tutorat,donne_reponse_directe
OBS,503,Moreau,Eliott,,,,2025-11-03,11:03,participation,repond_si_insiste
OBS,503,Moreau,Eliott,,,,2025-11-03,11:05,attention,distrait_momentanement
OBS,503,Moreau,Eliott,,,,2025-11-03,11:07,finalisation,activite_incomplete
SESSION,503,demo_503_202511071100,1762509600000,1762512900000
OBS,503,Aubert,Julia,,,,2025-11-07,11:38,tutorat,donne_reponse_directe
OBS,503,Aubert,Julia,,,,2025-11-07,11:40,participation,repond_si_insiste
OBS,503,Aubert,Julia,,,,2025-11-07,11:42,ressources,attend_professeur
OBS,503,Aubert,Julia,,,,2025-11-07,11:44,finalisation,recopie_correction
OBS,503,Aubert,Julia,,,,2025-11-07,11:46,difficulte,observe_camarade
OBS,503,Marchand,Lea,,,,2025-11-07,11:09,tutorat,refuse_aider
OBS,503,Marchand,Lea,,,,2025-11-07,11:11,participation,ne_participe_pas
OBS,503,Marchand,Lea,,,,2025-11-07,11:13,attention,revasse
OBS,503,Marchand,Lea,,,,2025-11-07,11:15,ressources,attend_correction
OBS,503,Marchand,Lea,,,,2025-11-07,11:17,entree,ne_demarre_pas
OBS,503,David,Chloe,,,,2025-11-07,11:40,tutorat,donne_reponse_directe
OBS,503,David,Chloe,,,,2025-11-07,11:42,participation,repond_si_insiste
OBS,503,David,Chloe,,,,2025-11-07,11:44,attention,distrait_momentanement
OBS,503,David,Chloe,,,,2025-11-07,11:46,difficulte,observe_camarade
OBS,503,David,Chloe,,,,2025-11-07,11:48,ressources,attend_professeur
OBS,503,Dupont,Hugo,,,,2025-11-07,11:48,tutorat,explique_camarade
OBS,503,Dupont,Hugo,,,,2025-11-07,11:50,participation,repond_si_sollicite
OBS,503,Dupont,Hugo,,,,2025-11-07,11:52,difficulte,demande_aide_pertinente
OBS,503,Dupont,Hugo,,,,2025-11-07,11:53,ressources,utilise_document_r
OBS,503,Dupont,Hugo,,,,2025-11-07,11:53,attention,reconcentre_seul
OBS,503,Moreau,Eliott,,,,2025-11-07,11:17,tutorat,refuse_aider
OBS,503,Moreau,Eliott,,,,2025-11-07,11:19,participation,ne_participe_pas
OBS,503,Moreau,Eliott,,,,2025-11-07,11:21,ressources,attend_correction
OBS,503,Moreau,Eliott,,,,2025-11-07,11:23,attention,revasse
SESSION,503,demo_503_202511121100,1762941600000,1762944900000
OBS,503,Aubert,Julia,,,,2025-11-12,11:02,tutorat,aide_si_sollicite
OBS,503,Aubert,Julia,,,,2025-11-12,11:04,participation,repond_si_sollicite
OBS,503,Aubert,Julia,,,,2025-11-12,11:06,ressources,sollicite_immediat
OBS,503,Aubert,Julia,,,,2025-11-12,11:08,finalisation,verifie_travail
OBS,503,Aubert,Julia,,,,2025-11-12,11:10,difficulte,utilise_document_d
OBS,503,Marchand,Lea,,,,2025-11-12,11:26,tutorat,refuse_aider
OBS,503,Marchand,Lea,,,,2025-11-12,11:28,participation,repond_si_insiste
OBS,503,Marchand,Lea,,,,2025-11-12,11:30,entree,ne_demarre_pas
OBS,503,Marchand,Lea,,,,2025-11-12,11:32,attention,bavarde_hors_sujet
OBS,503,David,Chloe,,,,2025-11-12,11:31,tutorat,donne_reponse_directe
OBS,503,David,Chloe,,,,2025-11-12,11:33,participation,repond_si_insiste
OBS,503,David,Chloe,,,,2025-11-12,11:35,ressources,attend_professeur
OBS,503,David,Chloe,,,,2025-11-12,11:37,attention,distrait_momentanement
OBS,503,David,Chloe,,,,2025-11-12,11:39,difficulte,attend_d
OBS,503,Barbier,Zoe,,,,2025-11-12,11:31,tutorat,aide_si_sollicite
OBS,503,Barbier,Zoe,,,,2025-11-12,11:33,participation,participe_spontanement
OBS,503,Barbier,Zoe,,,,2025-11-12,11:35,attention,distrait_momentanement
OBS,503,Barbier,Zoe,,,,2025-11-12,11:37,entree,demarre_relance
OBS,503,Barbier,Zoe,,,,2025-11-12,11:39,difficulte,cherche_seul
OBS,503,Dupont,Hugo,,,,2025-11-12,11:09,tutorat,aide_si_sollicite
OBS,503,Dupont,Hugo,,,,2025-11-12,11:11,participation,repond_si_sollicite
OBS,503,Dupont,Hugo,,,,2025-11-12,11:13,ressources,attend_professeur
OBS,503,Dupont,Hugo,,,,2025-11-12,11:15,difficulte,demande_aide_pertinente
OBS,503,Dupont,Hugo,,,,2025-11-12,11:17,entree,demarre_relance
OBS,503,Bertrand,Malo,,,,2025-11-12,11:48,tutorat,aide_si_sollicite
OBS,503,Bertrand,Malo,,,,2025-11-12,11:50,participation,repond_si_insiste
OBS,503,Bertrand,Malo,,,,2025-11-12,11:52,difficulte,attend_d
OBS,503,Bertrand,Malo,,,,2025-11-12,11:53,attention,distrait_momentanement
OBS,503,Bertrand,Malo,,,,2025-11-12,11:53,ressources,sollicite_immediat
OBS,503,Faure,Iris,,,,2025-11-12,11:08,tutorat,donne_reponse_directe
OBS,503,Faure,Iris,,,,2025-11-12,11:10,participation,repond_si_insiste
OBS,503,Faure,Iris,,,,2025-11-12,11:12,finalisation,activite_incomplete
OBS,503,Faure,Iris,,,,2025-11-12,11:14,ressources,sollicite_immediat
OBS,503,Faure,Iris,,,,2025-11-12,11:16,difficulte,observe_camarade
SESSION,503,demo_503_202511171100,1763373600000,1763376900000
OBS,503,Aubert,Julia,,,,2025-11-17,11:28,tutorat,donne_reponse_directe
OBS,503,Aubert,Julia,,,,2025-11-17,11:30,participation,repond_si_insiste
OBS,503,Aubert,Julia,,,,2025-11-17,11:32,difficulte,attend_d
OBS,503,Aubert,Julia,,,,2025-11-17,11:34,attention,concentre
OBS,503,David,Chloe,,,,2025-11-17,11:35,tutorat,donne_reponse_directe
OBS,503,David,Chloe,,,,2025-11-17,11:37,participation,repond_si_insiste
OBS,503,David,Chloe,,,,2025-11-17,11:39,ressources,sollicite_immediat
OBS,503,David,Chloe,,,,2025-11-17,11:41,entree,attend_sans_commencer
OBS,503,David,Chloe,,,,2025-11-17,11:43,attention,bavarde_travail
OBS,503,Dupont,Hugo,,,,2025-11-17,11:31,tutorat,aide_si_sollicite
OBS,503,Dupont,Hugo,,,,2025-11-17,11:33,participation,repond_si_sollicite
OBS,503,Dupont,Hugo,,,,2025-11-17,11:35,finalisation,passe_autre_activite
OBS,503,Dupont,Hugo,,,,2025-11-17,11:37,ressources,attend_professeur
OBS,503,Dupont,Hugo,,,,2025-11-17,11:39,entree,demarre_relance
OBS,503,Bertrand,Malo,,,,2025-11-17,11:13,tutorat,aide_si_sollicite
OBS,503,Bertrand,Malo,,,,2025-11-17,11:15,participation,repond_si_insiste
OBS,503,Bertrand,Malo,,,,2025-11-17,11:17,ressources,attend_professeur
OBS,503,Bertrand,Malo,,,,2025-11-17,11:19,finalisation,verifie_travail
OBS,503,Faure,Iris,,,,2025-11-17,11:27,tutorat,aide_si_sollicite
OBS,503,Faure,Iris,,,,2025-11-17,11:29,participation,repond_si_sollicite
OBS,503,Faure,Iris,,,,2025-11-17,11:31,finalisation,passe_autre_activite
OBS,503,Faure,Iris,,,,2025-11-17,11:33,ressources,echange_camarade
OBS,503,Faure,Iris,,,,2025-11-17,11:35,attention,bavarde_travail
OBS,503,Moreau,Eliott,,,,2025-11-17,11:37,tutorat,donne_reponse_directe
OBS,503,Moreau,Eliott,,,,2025-11-17,11:39,participation,repond_si_insiste
OBS,503,Moreau,Eliott,,,,2025-11-17,11:41,difficulte,observe_camarade
OBS,503,Moreau,Eliott,,,,2025-11-17,11:43,entree,attend_sans_commencer
OBS,503,Moreau,Eliott,,,,2025-11-17,11:45,ressources,attend_professeur
OBS,503,Lemoine,Agathe,,,,2025-11-17,11:29,tutorat,aide_si_sollicite
OBS,503,Lemoine,Agathe,,,,2025-11-17,11:31,participation,ne_participe_pas
OBS,503,Lemoine,Agathe,,,,2025-11-17,11:33,ressources,attend_correction
OBS,503,Lemoine,Agathe,,,,2025-11-17,11:35,entree,ne_demarre_pas
SESSION,503,demo_503_202511211100,1763719200000,1763722500000
OBS,503,Aubert,Julia,,,,2025-11-21,11:23,tutorat,aide_si_sollicite
OBS,503,Aubert,Julia,,,,2025-11-21,11:25,participation,repond_si_sollicite
OBS,503,Aubert,Julia,,,,2025-11-21,11:27,ressources,echange_camarade
OBS,503,Aubert,Julia,,,,2025-11-21,11:29,finalisation,corrige_erreur
OBS,503,Aubert,Julia,,,,2025-11-21,11:31,attention,bavarde_travail
OBS,503,David,Chloe,,,,2025-11-21,11:47,tutorat,aide_si_sollicite
OBS,503,David,Chloe,,,,2025-11-21,11:49,participation,repond_si_sollicite
OBS,503,David,Chloe,,,,2025-11-21,11:51,ressources,utilise_document_r
OBS,503,David,Chloe,,,,2025-11-21,11:53,entree,demarre_relance
OBS,503,Barbier,Zoe,,,,2025-11-21,11:26,tutorat,explique_camarade
OBS,503,Barbier,Zoe,,,,2025-11-21,11:28,participation,participe_spontanement
OBS,503,Barbier,Zoe,,,,2025-11-21,11:30,finalisation,corrige_erreur
OBS,503,Barbier,Zoe,,,,2025-11-21,11:32,ressources,sollicite_apres_cherche
OBS,503,Dupont,Hugo,,,,2025-11-21,11:12,tutorat,explique_camarade
OBS,503,Dupont,Hugo,,,,2025-11-21,11:14,participation,participe_spontanement
OBS,503,Dupont,Hugo,,,,2025-11-21,11:16,ressources,utilise_aides_activite
OBS,503,Dupont,Hugo,,,,2025-11-21,11:18,finalisation,corrige_erreur
OBS,503,Bertrand,Malo,,,,2025-11-21,11:09,tutorat,aide_si_sollicite
OBS,503,Bertrand,Malo,,,,2025-11-21,11:11,participation,repond_si_sollicite
OBS,503,Bertrand,Malo,,,,2025-11-21,11:13,difficulte,attend_d
OBS,503,Bertrand,Malo,,,,2025-11-21,11:15,attention,bavarde_travail
OBS,503,Faure,Iris,,,,2025-11-21,11:47,tutorat,aide_si_sollicite
OBS,503,Faure,Iris,,,,2025-11-21,11:49,participation,repond_si_sollicite
OBS,503,Faure,Iris,,,,2025-11-21,11:51,difficulte,observe_camarade
OBS,503,Faure,Iris,,,,2025-11-21,11:53,ressources,attend_professeur
OBS,503,Moreau,Eliott,,,,2025-11-21,11:43,tutorat,refuse_aider
OBS,503,Moreau,Eliott,,,,2025-11-21,11:45,participation,ne_participe_pas
OBS,503,Moreau,Eliott,,,,2025-11-21,11:47,difficulte,copie_camarade
OBS,503,Moreau,Eliott,,,,2025-11-21,11:49,finalisation,recopie_correction
OBS,503,Moreau,Eliott,,,,2025-11-21,11:51,attention,bavarde_hors_sujet
OBS,503,Lemoine,Agathe,,,,2025-11-21,11:48,tutorat,donne_reponse_directe
OBS,503,Lemoine,Agathe,,,,2025-11-21,11:50,participation,repond_si_sollicite
OBS,503,Lemoine,Agathe,,,,2025-11-21,11:52,difficulte,attend_d
OBS,503,Lemoine,Agathe,,,,2025-11-21,11:53,attention,reconcentre_seul
SESSION,503,demo_503_202511261100,1764151200000,1764154500000
OBS,503,Aubert,Julia,,,,2025-11-26,11:35,tutorat,refuse_aider
OBS,503,Aubert,Julia,,,,2025-11-26,11:37,participation,repond_si_insiste
OBS,503,Aubert,Julia,,,,2025-11-26,11:39,entree,attend_sans_commencer
OBS,503,Aubert,Julia,,,,2025-11-26,11:41,attention,distrait_momentanement
OBS,503,Aubert,Julia,,,,2025-11-26,11:43,difficulte,observe_camarade
OBS,503,David,Chloe,,,,2025-11-26,11:29,tutorat,donne_reponse_directe
OBS,503,David,Chloe,,,,2025-11-26,11:31,participation,repond_si_sollicite
OBS,503,David,Chloe,,,,2025-11-26,11:33,attention,bavarde_travail
OBS,503,David,Chloe,,,,2025-11-26,11:35,difficulte,observe_camarade
OBS,503,David,Chloe,,,,2025-11-26,11:37,finalisation,activite_incomplete
OBS,503,Barbier,Zoe,,,,2025-11-26,11:14,tutorat,aide_si_sollicite
OBS,503,Barbier,Zoe,,,,2025-11-26,11:16,participation,repond_si_sollicite
OBS,503,Barbier,Zoe,,,,2025-11-26,11:18,attention,reconcentre_seul
OBS,503,Barbier,Zoe,,,,2025-11-26,11:20,entree,demarre_relance
OBS,503,Barbier,Zoe,,,,2025-11-26,11:22,finalisation,activite_terminee
OBS,503,Dupont,Hugo,,,,2025-11-26,11:35,tutorat,aide_si_sollicite
OBS,503,Dupont,Hugo,,,,2025-11-26,11:37,participation,repond_si_sollicite
OBS,503,Dupont,Hugo,,,,2025-11-26,11:39,ressources,echange_camarade
OBS,503,Dupont,Hugo,,,,2025-11-26,11:41,finalisation,activite_incomplete
OBS,503,Bertrand,Malo,,,,2025-11-26,11:15,tutorat,donne_reponse_directe
OBS,503,Bertrand,Malo,,,,2025-11-26,11:17,participation,repond_si_insiste
OBS,503,Bertrand,Malo,,,,2025-11-26,11:19,entree,attend_sans_commencer
OBS,503,Bertrand,Malo,,,,2025-11-26,11:21,attention,distrait_momentanement
OBS,503,Faure,Iris,,,,2025-11-26,11:06,tutorat,aide_si_sollicite
OBS,503,Faure,Iris,,,,2025-11-26,11:08,participation,participe_spontanement
OBS,503,Faure,Iris,,,,2025-11-26,11:10,finalisation,verifie_travail
OBS,503,Faure,Iris,,,,2025-11-26,11:12,entree,demarre_relance
OBS,503,Faure,Iris,,,,2025-11-26,11:14,difficulte,cherche_seul
OBS,503,Lemoine,Agathe,,,,2025-11-26,11:08,tutorat,aide_si_sollicite
OBS,503,Lemoine,Agathe,,,,2025-11-26,11:10,participation,repond_si_insiste
OBS,503,Lemoine,Agathe,,,,2025-11-26,11:12,ressources,sollicite_immediat
OBS,503,Lemoine,Agathe,,,,2025-11-26,11:14,difficulte,observe_camarade
SESSION,503,demo_503_202512021100,1764669600000,1764672900000
OBS,503,Aubert,Julia,,,,2025-12-02,11:11,tutorat,explique_camarade
OBS,503,Aubert,Julia,,,,2025-12-02,11:13,participation,repond_si_sollicite
OBS,503,Aubert,Julia,,,,2025-12-02,11:15,attention,distrait_momentanement
OBS,503,Aubert,Julia,,,,2025-12-02,11:17,finalisation,verifie_travail
OBS,503,David,Chloe,,,,2025-12-02,11:22,tutorat,aide_si_sollicite
OBS,503,David,Chloe,,,,2025-12-02,11:24,participation,repond_si_sollicite
OBS,503,David,Chloe,,,,2025-12-02,11:26,difficulte,observe_camarade
OBS,503,David,Chloe,,,,2025-12-02,11:28,finalisation,activite_incomplete
OBS,503,Barbier,Zoe,,,,2025-12-02,11:11,tutorat,aide_si_sollicite
OBS,503,Barbier,Zoe,,,,2025-12-02,11:13,participation,participe_spontanement
OBS,503,Barbier,Zoe,,,,2025-12-02,11:15,attention,distrait_momentanement
OBS,503,Barbier,Zoe,,,,2025-12-02,11:17,difficulte,observe_camarade
OBS,503,Barbier,Zoe,,,,2025-12-02,11:19,ressources,sollicite_apres_cherche
OBS,503,Dupont,Hugo,,,,2025-12-02,11:17,tutorat,aide_si_sollicite
OBS,503,Dupont,Hugo,,,,2025-12-02,11:19,participation,repond_si_sollicite
OBS,503,Dupont,Hugo,,,,2025-12-02,11:21,attention,bavarde_travail
OBS,503,Dupont,Hugo,,,,2025-12-02,11:23,entree,demarre_relance
OBS,503,Dupont,Hugo,,,,2025-12-02,11:25,difficulte,cherche_seul
OBS,503,Bertrand,Malo,,,,2025-12-02,11:20,tutorat,aide_si_sollicite
OBS,503,Bertrand,Malo,,,,2025-12-02,11:22,participation,repond_si_insiste
OBS,503,Bertrand,Malo,,,,2025-12-02,11:24,finalisation,passe_autre_activite
OBS,503,Bertrand,Malo,,,,2025-12-02,11:26,attention,distrait_momentanement
OBS,503,Bertrand,Malo,,,,2025-12-02,11:28,ressources,attend_professeur
OBS,503,Faure,Iris,,,,2025-12-02,11:42,tutorat,aide_si_sollicite
OBS,503,Faure,Iris,,,,2025-12-02,11:44,participation,repond_si_sollicite
OBS,503,Faure,Iris,,,,2025-12-02,11:46,difficulte,demande_aide_pertinente
OBS,503,Faure,Iris,,,,2025-12-02,11:48,ressources,attend_professeur
OBS,503,Moreau,Eliott,,,,2025-12-02,11:36,tutorat,refuse_aider
OBS,503,Moreau,Eliott,,,,2025-12-02,11:38,participation,ne_participe_pas
OBS,503,Moreau,Eliott,,,,2025-12-02,11:40,attention,bavarde_travail
OBS,503,Moreau,Eliott,,,,2025-12-02,11:42,finalisation,activite_incomplete
OBS,503,Moreau,Eliott,,,,2025-12-02,11:44,difficulte,attend_d
SESSION,503,demo_503_202512051100,1764928800000,1764932100000
OBS,503,Aubert,Julia,,,,2025-12-05,11:27,tutorat,donne_reponse_directe
OBS,503,Aubert,Julia,,,,2025-12-05,11:29,participation,repond_si_sollicite
OBS,503,Aubert,Julia,,,,2025-12-05,11:31,finalisation,passe_autre_activite
OBS,503,Aubert,Julia,,,,2025-12-05,11:33,attention,bavarde_travail
OBS,503,Marchand,Lea,,,,2025-12-05,11:28,tutorat,donne_reponse_directe
OBS,503,Marchand,Lea,,,,2025-12-05,11:30,participation,ne_participe_pas
OBS,503,Marchand,Lea,,,,2025-12-05,11:32,difficulte,attend_d
OBS,503,Marchand,Lea,,,,2025-12-05,11:34,finalisation,passe_autre_activite
OBS,503,Marchand,Lea,,,,2025-12-05,11:36,entree,demarre_relance
OBS,503,David,Chloe,,,,2025-12-05,11:42,tutorat,donne_reponse_directe
OBS,503,David,Chloe,,,,2025-12-05,11:44,participation,repond_si_sollicite
OBS,503,David,Chloe,,,,2025-12-05,11:46,finalisation,passe_autre_activite
OBS,503,David,Chloe,,,,2025-12-05,11:48,ressources,attend_professeur
OBS,503,David,Chloe,,,,2025-12-05,11:50,attention,concentre
OBS,503,Barbier,Zoe,,,,2025-12-05,11:10,tutorat,explique_camarade
OBS,503,Barbier,Zoe,,,,2025-12-05,11:12,participation,participe_spontanement
OBS,503,Barbier,Zoe,,,,2025-12-05,11:14,entree,demarre_immediat
OBS,503,Barbier,Zoe,,,,2025-12-05,11:16,finalisation,corrige_erreur
OBS,503,Barbier,Zoe,,,,2025-12-05,11:18,difficulte,utilise_coup_de_pouce
OBS,503,Dupont,Hugo,,,,2025-12-05,11:37,tutorat,explique_camarade
OBS,503,Dupont,Hugo,,,,2025-12-05,11:39,participation,repond_si_sollicite
OBS,503,Dupont,Hugo,,,,2025-12-05,11:41,difficulte,demande_aide_pertinente
OBS,503,Dupont,Hugo,,,,2025-12-05,11:43,entree,demarre_immediat
OBS,503,Dupont,Hugo,,,,2025-12-05,11:45,finalisation,corrige_erreur
OBS,503,Bertrand,Malo,,,,2025-12-05,11:42,tutorat,donne_reponse_directe
OBS,503,Bertrand,Malo,,,,2025-12-05,11:44,participation,repond_si_insiste
OBS,503,Bertrand,Malo,,,,2025-12-05,11:46,difficulte,observe_camarade
OBS,503,Bertrand,Malo,,,,2025-12-05,11:48,entree,attend_sans_commencer
OBS,503,Bertrand,Malo,,,,2025-12-05,11:50,ressources,attend_professeur
OBS,503,Faure,Iris,,,,2025-12-05,11:41,tutorat,donne_reponse_directe
OBS,503,Faure,Iris,,,,2025-12-05,11:43,participation,repond_si_sollicite
OBS,503,Faure,Iris,,,,2025-12-05,11:45,finalisation,passe_autre_activite
OBS,503,Faure,Iris,,,,2025-12-05,11:47,entree,attend_sans_commencer
OBS,503,Faure,Iris,,,,2025-12-05,11:49,ressources,sollicite_immediat
OBS,503,Moreau,Eliott,,,,2025-12-05,11:45,tutorat,donne_reponse_directe
OBS,503,Moreau,Eliott,,,,2025-12-05,11:47,participation,repond_si_insiste
OBS,503,Moreau,Eliott,,,,2025-12-05,11:49,difficulte,observe_camarade
OBS,503,Moreau,Eliott,,,,2025-12-05,11:51,attention,bavarde_travail
SESSION,503,demo_503_202512101100,1765360800000,1765364100000
OBS,503,David,Chloe,,,,2025-12-10,11:04,tutorat,donne_reponse_directe
OBS,503,David,Chloe,,,,2025-12-10,11:06,participation,repond_si_insiste
OBS,503,David,Chloe,,,,2025-12-10,11:08,entree,demarre_relance
OBS,503,David,Chloe,,,,2025-12-10,11:10,ressources,attend_professeur
OBS,503,Barbier,Zoe,,,,2025-12-10,11:17,tutorat,explique_camarade
OBS,503,Barbier,Zoe,,,,2025-12-10,11:19,participation,participe_spontanement
OBS,503,Barbier,Zoe,,,,2025-12-10,11:21,ressources,sollicite_apres_cherche
OBS,503,Barbier,Zoe,,,,2025-12-10,11:23,entree,demarre_relance
OBS,503,Dupont,Hugo,,,,2025-12-10,11:47,tutorat,explique_camarade
OBS,503,Dupont,Hugo,,,,2025-12-10,11:49,participation,repond_si_sollicite
OBS,503,Dupont,Hugo,,,,2025-12-10,11:51,difficulte,demande_aide_pertinente
OBS,503,Dupont,Hugo,,,,2025-12-10,11:53,entree,demarre_relance
OBS,503,Bertrand,Malo,,,,2025-12-10,11:34,tutorat,aide_si_sollicite
OBS,503,Bertrand,Malo,,,,2025-12-10,11:36,participation,repond_si_insiste
OBS,503,Bertrand,Malo,,,,2025-12-10,11:38,ressources,sollicite_immediat
OBS,503,Bertrand,Malo,,,,2025-12-10,11:40,attention,distrait_momentanement
OBS,503,Faure,Iris,,,,2025-12-10,11:24,tutorat,aide_si_sollicite
OBS,503,Faure,Iris,,,,2025-12-10,11:26,participation,repond_si_sollicite
OBS,503,Faure,Iris,,,,2025-12-10,11:28,entree,demarre_relance
OBS,503,Faure,Iris,,,,2025-12-10,11:30,finalisation,verifie_travail
OBS,503,Faure,Iris,,,,2025-12-10,11:32,ressources,echange_camarade
OBS,503,Moreau,Eliott,,,,2025-12-10,11:18,tutorat,refuse_aider
OBS,503,Moreau,Eliott,,,,2025-12-10,11:20,participation,ne_participe_pas
OBS,503,Moreau,Eliott,,,,2025-12-10,11:22,difficulte,copie_correction
OBS,503,Moreau,Eliott,,,,2025-12-10,11:24,finalisation,recopie_correction
OBS,503,Moreau,Eliott,,,,2025-12-10,11:26,ressources,attend_correction
OBS,503,Lemoine,Agathe,,,,2025-12-10,11:38,tutorat,aide_si_sollicite
OBS,503,Lemoine,Agathe,,,,2025-12-10,11:40,participation,repond_si_sollicite
OBS,503,Lemoine,Agathe,,,,2025-12-10,11:42,finalisation,activite_terminee
SESSION,503,demo_503_202512161100,1765879200000,1765882500000
OBS,503,Aubert,Julia,,,,2025-12-16,11:31,tutorat,aide_si_sollicite
OBS,503,Aubert,Julia,,,,2025-12-16,11:33,participation,repond_si_sollicite
OBS,503,Aubert,Julia,,,,2025-12-16,11:35,entree,demarre_relance
OBS,503,Aubert,Julia,,,,2025-12-16,11:37,difficulte,attend_d
OBS,503,Marchand,Lea,,,,2025-12-16,11:05,tutorat,refuse_aider
OBS,503,Marchand,Lea,,,,2025-12-16,11:07,participation,ne_participe_pas
OBS,503,Marchand,Lea,,,,2025-12-16,11:09,entree,ne_demarre_pas
OBS,503,Marchand,Lea,,,,2025-12-16,11:11,finalisation,recopie_correction
OBS,503,Marchand,Lea,,,,2025-12-16,11:13,attention,revasse
OBS,503,David,Chloe,,,,2025-12-16,11:19,tutorat,aide_si_sollicite
OBS,503,David,Chloe,,,,2025-12-16,11:21,participation,repond_si_sollicite
OBS,503,David,Chloe,,,,2025-12-16,11:23,entree,demarre_relance
OBS,503,David,Chloe,,,,2025-12-16,11:25,finalisation,verifie_travail
OBS,503,David,Chloe,,,,2025-12-16,11:27,difficulte,cherche_seul
OBS,503,Barbier,Zoe,,,,2025-12-16,11:36,tutorat,aide_si_sollicite
OBS,503,Barbier,Zoe,,,,2025-12-16,11:38,participation,repond_si_sollicite
OBS,503,Barbier,Zoe,,,,2025-12-16,11:40,finalisation,verifie_travail
OBS,503,Barbier,Zoe,,,,2025-12-16,11:42,ressources,sollicite_apres_cherche
OBS,503,Barbier,Zoe,,,,2025-12-16,11:44,attention,concentre
OBS,503,Dupont,Hugo,,,,2025-12-16,11:20,tutorat,aide_si_sollicite
OBS,503,Dupont,Hugo,,,,2025-12-16,11:22,participation,repond_si_sollicite
OBS,503,Dupont,Hugo,,,,2025-12-16,11:24,entree,demarre_immediat
OBS,503,Dupont,Hugo,,,,2025-12-16,11:26,finalisation,corrige_erreur
OBS,503,Bertrand,Malo,,,,2025-12-16,11:24,tutorat,aide_si_sollicite
OBS,503,Bertrand,Malo,,,,2025-12-16,11:26,participation,repond_si_sollicite
OBS,503,Bertrand,Malo,,,,2025-12-16,11:28,difficulte,utilise_document_d
OBS,503,Bertrand,Malo,,,,2025-12-16,11:30,entree,attend_sans_commencer
OBS,503,Bertrand,Malo,,,,2025-12-16,11:32,attention,bavarde_travail
OBS,503,Moreau,Eliott,,,,2025-12-16,11:22,tutorat,donne_reponse_directe
OBS,503,Moreau,Eliott,,,,2025-12-16,11:24,participation,repond_si_insiste
OBS,503,Moreau,Eliott,,,,2025-12-16,11:26,difficulte,attend_d
OBS,503,Moreau,Eliott,,,,2025-12-16,11:28,attention,perturbe_camarade
SESSION,503,demo_503_202512191100,1766138400000,1766141700000
OBS,503,Aubert,Julia,,,,2025-12-19,11:10,tutorat,donne_reponse_directe
OBS,503,Aubert,Julia,,,,2025-12-19,11:12,participation,repond_si_sollicite
OBS,503,Aubert,Julia,,,,2025-12-19,11:14,entree,demarre_relance
OBS,503,Aubert,Julia,,,,2025-12-19,11:16,attention,bavarde_travail
OBS,503,Marchand,Lea,,,,2025-12-19,11:02,tutorat,refuse_aider
OBS,503,Marchand,Lea,,,,2025-12-19,11:04,participation,ne_participe_pas
OBS,503,Marchand,Lea,,,,2025-12-19,11:06,finalisation,recopie_correction
OBS,503,Marchand,Lea,,,,2025-12-19,11:08,ressources,attend_correction
OBS,503,Marchand,Lea,,,,2025-12-19,11:10,difficulte,copie_camarade
OBS,503,Barbier,Zoe,,,,2025-12-19,11:21,tutorat,explique_camarade
OBS,503,Barbier,Zoe,,,,2025-12-19,11:23,participation,repond_si_sollicite
OBS,503,Barbier,Zoe,,,,2025-12-19,11:25,ressources,utilise_aides_activite
OBS,503,Barbier,Zoe,,,,2025-12-19,11:27,entree,demarre_immediat
OBS,503,Faure,Iris,,,,2025-12-19,11:30,tutorat,aide_si_sollicite
OBS,503,Faure,Iris,,,,2025-12-19,11:32,participation,repond_si_sollicite
OBS,503,Faure,Iris,,,,2025-12-19,11:34,difficulte,observe_camarade
OBS,503,Faure,Iris,,,,2025-12-19,11:36,finalisation,activite_terminee
SESSION,503,demo_503_202601081100,1767866400000,1767869700000
OBS,503,Aubert,Julia,,,,2026-01-08,11:10,tutorat,explique_camarade
OBS,503,Aubert,Julia,,,,2026-01-08,11:12,participation,participe_spontanement
OBS,503,Aubert,Julia,,,,2026-01-08,11:14,difficulte,demande_aide_pertinente
OBS,503,Aubert,Julia,,,,2026-01-08,11:16,entree,demarre_immediat
OBS,503,Marchand,Lea,,,,2026-01-08,11:15,tutorat,refuse_aider
OBS,503,Marchand,Lea,,,,2026-01-08,11:17,participation,ne_participe_pas
OBS,503,Marchand,Lea,,,,2026-01-08,11:19,finalisation,recopie_correction
OBS,503,Marchand,Lea,,,,2026-01-08,11:21,difficulte,copie_camarade
OBS,503,David,Chloe,,,,2026-01-08,11:09,tutorat,donne_reponse_directe
OBS,503,David,Chloe,,,,2026-01-08,11:11,participation,repond_si_insiste
OBS,503,David,Chloe,,,,2026-01-08,11:13,attention,reconcentre_seul
OBS,503,David,Chloe,,,,2026-01-08,11:15,difficulte,observe_camarade
OBS,503,Barbier,Zoe,,,,2026-01-08,11:37,tutorat,aide_si_sollicite
OBS,503,Barbier,Zoe,,,,2026-01-08,11:39,participation,participe_spontanement
OBS,503,Barbier,Zoe,,,,2026-01-08,11:41,finalisation,corrige_erreur
OBS,503,Barbier,Zoe,,,,2026-01-08,11:43,entree,demarre_relance
OBS,503,Dupont,Hugo,,,,2026-01-08,11:15,tutorat,aide_si_sollicite
OBS,503,Dupont,Hugo,,,,2026-01-08,11:17,participation,participe_spontanement
OBS,503,Dupont,Hugo,,,,2026-01-08,11:19,entree,demarre_immediat
OBS,503,Dupont,Hugo,,,,2026-01-08,11:21,difficulte,utilise_document_d
OBS,503,Dupont,Hugo,,,,2026-01-08,11:23,attention,reconcentre_seul
OBS,503,Faure,Iris,,,,2026-01-08,11:43,tutorat,explique_camarade
OBS,503,Faure,Iris,,,,2026-01-08,11:45,participation,participe_spontanement
OBS,503,Faure,Iris,,,,2026-01-08,11:47,finalisation,corrige_erreur
OBS,503,Faure,Iris,,,,2026-01-08,11:49,ressources,sollicite_apres_cherche
OBS,503,Faure,Iris,,,,2026-01-08,11:51,attention,reconcentre_seul
OBS,503,Moreau,Eliott,,,,2026-01-08,11:34,tutorat,donne_reponse_directe
OBS,503,Moreau,Eliott,,,,2026-01-08,11:36,participation,repond_si_sollicite
OBS,503,Moreau,Eliott,,,,2026-01-08,11:38,entree,attend_sans_commencer
OBS,503,Moreau,Eliott,,,,2026-01-08,11:40,finalisation,passe_autre_activite
OBS,503,Lemoine,Agathe,,,,2026-01-08,11:33,tutorat,aide_si_sollicite
OBS,503,Lemoine,Agathe,,,,2026-01-08,11:35,participation,repond_si_insiste
OBS,503,Lemoine,Agathe,,,,2026-01-08,11:37,ressources,sollicite_immediat
SESSION,503,demo_503_202601131100,1768298400000,1768301700000
OBS,503,Marchand,Lea,,,,2026-01-13,11:25,tutorat,refuse_aider
OBS,503,Marchand,Lea,,,,2026-01-13,11:27,participation,repond_si_insiste
OBS,503,Marchand,Lea,,,,2026-01-13,11:29,entree,attend_sans_commencer
OBS,503,Marchand,Lea,,,,2026-01-13,11:31,difficulte,attend_d
OBS,503,Marchand,Lea,,,,2026-01-13,11:33,ressources,attend_professeur
OBS,503,David,Chloe,,,,2026-01-13,11:08,tutorat,aide_si_sollicite
OBS,503,David,Chloe,,,,2026-01-13,11:10,participation,participe_spontanement
OBS,503,David,Chloe,,,,2026-01-13,11:12,finalisation,activite_terminee
OBS,503,David,Chloe,,,,2026-01-13,11:14,difficulte,observe_camarade
OBS,503,David,Chloe,,,,2026-01-13,11:16,ressources,sollicite_immediat
OBS,503,Barbier,Zoe,,,,2026-01-13,11:37,tutorat,explique_camarade
OBS,503,Barbier,Zoe,,,,2026-01-13,11:39,participation,participe_spontanement
OBS,503,Barbier,Zoe,,,,2026-01-13,11:41,ressources,sollicite_apres_cherche
OBS,503,Barbier,Zoe,,,,2026-01-13,11:43,entree,demarre_immediat
OBS,503,Barbier,Zoe,,,,2026-01-13,11:45,difficulte,demande_aide_pertinente
OBS,503,Dupont,Hugo,,,,2026-01-13,11:30,tutorat,explique_camarade
OBS,503,Dupont,Hugo,,,,2026-01-13,11:32,participation,participe_spontanement
OBS,503,Dupont,Hugo,,,,2026-01-13,11:34,attention,reconcentre_seul
OBS,503,Dupont,Hugo,,,,2026-01-13,11:36,ressources,utilise_document_r
OBS,503,Dupont,Hugo,,,,2026-01-13,11:38,entree,demarre_immediat
OBS,503,Bertrand,Malo,,,,2026-01-13,11:10,tutorat,donne_reponse_directe
OBS,503,Bertrand,Malo,,,,2026-01-13,11:12,participation,ne_participe_pas
OBS,503,Bertrand,Malo,,,,2026-01-13,11:14,ressources,attend_professeur
OBS,503,Bertrand,Malo,,,,2026-01-13,11:16,attention,distrait_momentanement
OBS,503,Bertrand,Malo,,,,2026-01-13,11:18,entree,attend_sans_commencer
OBS,503,Lemoine,Agathe,,,,2026-01-13,11:28,tutorat,donne_reponse_directe
OBS,503,Lemoine,Agathe,,,,2026-01-13,11:30,participation,repond_si_insiste
OBS,503,Lemoine,Agathe,,,,2026-01-13,11:32,attention,bavarde_travail
SESSION,503,demo_503_202601161100,1768557600000,1768560900000
OBS,503,Aubert,Julia,,,,2026-01-16,11:08,tutorat,donne_reponse_directe
OBS,503,Aubert,Julia,,,,2026-01-16,11:10,participation,repond_si_sollicite
OBS,503,Aubert,Julia,,,,2026-01-16,11:12,finalisation,activite_terminee
OBS,503,Aubert,Julia,,,,2026-01-16,11:14,attention,distrait_momentanement
OBS,503,David,Chloe,,,,2026-01-16,11:39,tutorat,refuse_aider
OBS,503,David,Chloe,,,,2026-01-16,11:41,participation,repond_si_insiste
OBS,503,David,Chloe,,,,2026-01-16,11:43,ressources,sollicite_immediat
OBS,503,David,Chloe,,,,2026-01-16,11:45,entree,ne_demarre_pas
OBS,503,Barbier,Zoe,,,,2026-01-16,11:23,tutorat,aide_si_sollicite
OBS,503,Barbier,Zoe,,,,2026-01-16,11:25,participation,repond_si_sollicite
OBS,503,Barbier,Zoe,,,,2026-01-16,11:27,finalisation,verifie_travail
OBS,503,Barbier,Zoe,,,,2026-01-16,11:29,difficulte,utilise_coup_de_pouce
OBS,503,Dupont,Hugo,,,,2026-01-16,11:44,tutorat,aide_si_sollicite
OBS,503,Dupont,Hugo,,,,2026-01-16,11:46,participation,repond_si_sollicite
OBS,503,Dupont,Hugo,,,,2026-01-16,11:48,finalisation,verifie_travail
OBS,503,Dupont,Hugo,,,,2026-01-16,11:50,difficulte,utilise_coup_de_pouce
OBS,503,Dupont,Hugo,,,,2026-01-16,11:52,entree,demarre_relance
OBS,503,Bertrand,Malo,,,,2026-01-16,11:39,tutorat,aide_si_sollicite
OBS,503,Bertrand,Malo,,,,2026-01-16,11:41,participation,repond_si_sollicite
OBS,503,Bertrand,Malo,,,,2026-01-16,11:43,attention,bavarde_travail
OBS,503,Bertrand,Malo,,,,2026-01-16,11:45,difficulte,attend_d
OBS,503,Bertrand,Malo,,,,2026-01-16,11:47,entree,demarre_immediat
OBS,503,Faure,Iris,,,,2026-01-16,11:05,tutorat,refuse_aider
OBS,503,Faure,Iris,,,,2026-01-16,11:07,participation,repond_si_sollicite
OBS,503,Faure,Iris,,,,2026-01-16,11:09,entree,demarre_relance
OBS,503,Faure,Iris,,,,2026-01-16,11:11,finalisation,corrige_erreur
OBS,503,Moreau,Eliott,,,,2026-01-16,11:37,tutorat,donne_reponse_directe
OBS,503,Moreau,Eliott,,,,2026-01-16,11:39,participation,ne_participe_pas
OBS,503,Moreau,Eliott,,,,2026-01-16,11:41,finalisation,recopie_correction
OBS,503,Moreau,Eliott,,,,2026-01-16,11:43,attention,perturbe_camarade
SESSION,503,demo_503_202601221100,1769076000000,1769079300000
OBS,503,Aubert,Julia,,,,2026-01-22,11:26,tutorat,aide_si_sollicite
OBS,503,Aubert,Julia,,,,2026-01-22,11:28,participation,repond_si_sollicite
OBS,503,Aubert,Julia,,,,2026-01-22,11:30,entree,demarre_relance
OBS,503,Aubert,Julia,,,,2026-01-22,11:32,ressources,utilise_document_r
OBS,503,Aubert,Julia,,,,2026-01-22,11:34,finalisation,activite_terminee
OBS,503,David,Chloe,,,,2026-01-22,11:07,tutorat,donne_reponse_directe
OBS,503,David,Chloe,,,,2026-01-22,11:09,participation,repond_si_insiste
OBS,503,David,Chloe,,,,2026-01-22,11:11,attention,bavarde_travail
OBS,503,David,Chloe,,,,2026-01-22,11:13,difficulte,observe_camarade
OBS,503,David,Chloe,,,,2026-01-22,11:15,ressources,sollicite_immediat
OBS,503,Barbier,Zoe,,,,2026-01-22,11:18,tutorat,explique_camarade
OBS,503,Barbier,Zoe,,,,2026-01-22,11:20,participation,participe_spontanement
OBS,503,Barbier,Zoe,,,,2026-01-22,11:22,attention,concentre
OBS,503,Barbier,Zoe,,,,2026-01-22,11:24,finalisation,corrige_erreur
OBS,503,Barbier,Zoe,,,,2026-01-22,11:26,entree,demarre_immediat
OBS,503,Dupont,Hugo,,,,2026-01-22,11:38,tutorat,aide_si_sollicite
OBS,503,Dupont,Hugo,,,,2026-01-22,11:40,participation,repond_si_sollicite
OBS,503,Dupont,Hugo,,,,2026-01-22,11:42,entree,demarre_relance
OBS,503,Dupont,Hugo,,,,2026-01-22,11:44,ressources,utilise_document_r
OBS,503,Dupont,Hugo,,,,2026-01-22,11:46,attention,distrait_momentanement
OBS,503,Faure,Iris,,,,2026-01-22,11:27,tutorat,donne_reponse_directe
OBS,503,Faure,Iris,,,,2026-01-22,11:29,participation,repond_si_sollicite
OBS,503,Faure,Iris,,,,2026-01-22,11:31,finalisation,passe_autre_activite
OBS,503,Faure,Iris,,,,2026-01-22,11:33,entree,demarre_relance
OBS,503,Moreau,Eliott,,,,2026-01-22,11:27,tutorat,donne_reponse_directe
OBS,503,Moreau,Eliott,,,,2026-01-22,11:29,participation,repond_si_insiste
OBS,503,Moreau,Eliott,,,,2026-01-22,11:31,difficulte,copie_correction
OBS,503,Moreau,Eliott,,,,2026-01-22,11:33,finalisation,recopie_correction
OBS,503,Moreau,Eliott,,,,2026-01-22,11:35,ressources,attend_professeur
OBS,503,Lemoine,Agathe,,,,2026-01-22,11:23,tutorat,refuse_aider
OBS,503,Lemoine,Agathe,,,,2026-01-22,11:25,participation,ne_participe_pas
OBS,503,Lemoine,Agathe,,,,2026-01-22,11:27,finalisation,passe_autre_activite
SESSION,503,demo_503_202601271100,1769508000000,1769511300000
OBS,503,Marchand,Lea,,,,2026-01-27,11:09,tutorat,donne_reponse_directe
OBS,503,Marchand,Lea,,,,2026-01-27,11:11,participation,ne_participe_pas
OBS,503,Marchand,Lea,,,,2026-01-27,11:13,entree,attend_sans_commencer
OBS,503,Marchand,Lea,,,,2026-01-27,11:15,difficulte,observe_camarade
OBS,503,Marchand,Lea,,,,2026-01-27,11:17,attention,revasse
OBS,503,Barbier,Zoe,,,,2026-01-27,11:02,tutorat,explique_camarade
OBS,503,Barbier,Zoe,,,,2026-01-27,11:04,participation,participe_spontanement
OBS,503,Barbier,Zoe,,,,2026-01-27,11:06,entree,demarre_immediat
OBS,503,Barbier,Zoe,,,,2026-01-27,11:08,finalisation,activite_terminee
OBS,503,Dupont,Hugo,,,,2026-01-27,11:10,tutorat,explique_camarade
OBS,503,Dupont,Hugo,,,,2026-01-27,11:12,participation,participe_spontanement
OBS,503,Dupont,Hugo,,,,2026-01-27,11:14,attention,concentre
OBS,503,Dupont,Hugo,,,,2026-01-27,11:16,difficulte,demande_aide_pertinente
OBS,503,Faure,Iris,,,,2026-01-27,11:38,tutorat,aide_si_sollicite
OBS,503,Faure,Iris,,,,2026-01-27,11:40,participation,repond_si_sollicite
OBS,503,Faure,Iris,,,,2026-01-27,11:42,attention,distrait_momentanement
OBS,503,Faure,Iris,,,,2026-01-27,11:44,entree,demarre_relance
OBS,503,Faure,Iris,,,,2026-01-27,11:46,difficulte,attend_d
OBS,503,Moreau,Eliott,,,,2026-01-27,11:27,tutorat,donne_reponse_directe
OBS,503,Moreau,Eliott,,,,2026-01-27,11:29,participation,repond_si_insiste
OBS,503,Moreau,Eliott,,,,2026-01-27,11:31,finalisation,passe_autre_activite
OBS,503,Moreau,Eliott,,,,2026-01-27,11:33,ressources,attend_correction
OBS,503,Moreau,Eliott,,,,2026-01-27,11:35,attention,bavarde_travail
OBS,503,Lemoine,Agathe,,,,2026-01-27,11:37,tutorat,refuse_aider
OBS,503,Lemoine,Agathe,,,,2026-01-27,11:39,participation,ne_participe_pas
OBS,503,Lemoine,Agathe,,,,2026-01-27,11:41,ressources,attend_professeur
OBS,503,Lemoine,Agathe,,,,2026-01-27,11:43,attention,revasse
SESSION,503,demo_503_202602021100,1770026400000,1770029700000
OBS,503,Aubert,Julia,,,,2026-02-02,11:10,tutorat,aide_si_sollicite
OBS,503,Aubert,Julia,,,,2026-02-02,11:12,participation,repond_si_sollicite
OBS,503,Aubert,Julia,,,,2026-02-02,11:14,finalisation,activite_terminee
OBS,503,Aubert,Julia,,,,2026-02-02,11:16,ressources,sollicite_immediat
OBS,503,Aubert,Julia,,,,2026-02-02,11:18,attention,distrait_momentanement
OBS,503,Marchand,Lea,,,,2026-02-02,11:16,tutorat,refuse_aider
OBS,503,Marchand,Lea,,,,2026-02-02,11:18,participation,ne_participe_pas
OBS,503,Marchand,Lea,,,,2026-02-02,11:20,attention,bavarde_hors_sujet
OBS,503,Marchand,Lea,,,,2026-02-02,11:22,difficulte,copie_correction
OBS,503,David,Chloe,,,,2026-02-02,11:06,tutorat,donne_reponse_directe
OBS,503,David,Chloe,,,,2026-02-02,11:08,participation,ne_participe_pas
OBS,503,David,Chloe,,,,2026-02-02,11:10,entree,attend_sans_commencer
OBS,503,David,Chloe,,,,2026-02-02,11:12,ressources,attend_professeur
OBS,503,Barbier,Zoe,,,,2026-02-02,11:37,tutorat,aide_si_sollicite
OBS,503,Barbier,Zoe,,,,2026-02-02,11:39,participation,participe_spontanement
OBS,503,Barbier,Zoe,,,,2026-02-02,11:41,difficulte,utilise_coup_de_pouce
OBS,503,Barbier,Zoe,,,,2026-02-02,11:43,attention,reconcentre_seul
OBS,503,Barbier,Zoe,,,,2026-02-02,11:45,entree,demarre_relance
OBS,503,Dupont,Hugo,,,,2026-02-02,11:09,tutorat,explique_camarade
OBS,503,Dupont,Hugo,,,,2026-02-02,11:11,participation,repond_si_sollicite
OBS,503,Dupont,Hugo,,,,2026-02-02,11:13,finalisation,corrige_erreur
OBS,503,Dupont,Hugo,,,,2026-02-02,11:15,entree,demarre_immediat
OBS,503,Dupont,Hugo,,,,2026-02-02,11:17,attention,reconcentre_seul
OBS,503,Faure,Iris,,,,2026-02-02,11:30,tutorat,donne_reponse_directe
OBS,503,Faure,Iris,,,,2026-02-02,11:32,participation,repond_si_insiste
OBS,503,Faure,Iris,,,,2026-02-02,11:34,ressources,attend_professeur
OBS,503,Faure,Iris,,,,2026-02-02,11:36,attention,bavarde_travail
OBS,503,Moreau,Eliott,,,,2026-02-02,11:39,tutorat,donne_reponse_directe
OBS,503,Moreau,Eliott,,,,2026-02-02,11:41,participation,repond_si_insiste
OBS,503,Moreau,Eliott,,,,2026-02-02,11:43,ressources,attend_professeur
OBS,503,Moreau,Eliott,,,,2026-02-02,11:45,finalisation,passe_autre_activite
OBS,503,Moreau,Eliott,,,,2026-02-02,11:47,difficulte,attend_d
OBS,503,Lemoine,Agathe,,,,2026-02-02,11:31,tutorat,aide_si_sollicite
OBS,503,Lemoine,Agathe,,,,2026-02-02,11:33,participation,repond_si_insiste
OBS,503,Lemoine,Agathe,,,,2026-02-02,11:35,ressources,sollicite_immediat
OBS,503,Lemoine,Agathe,,,,2026-02-02,11:37,entree,attend_sans_commencer
SESSION,503,demo_503_202602061100,1770372000000,1770375300000
OBS,503,Marchand,Lea,,,,2026-02-06,11:17,tutorat,donne_reponse_directe
OBS,503,Marchand,Lea,,,,2026-02-06,11:19,participation,ne_participe_pas
OBS,503,Marchand,Lea,,,,2026-02-06,11:21,difficulte,copie_camarade
OBS,503,Marchand,Lea,,,,2026-02-06,11:23,finalisation,recopie_correction
OBS,503,David,Chloe,,,,2026-02-06,11:25,tutorat,donne_reponse_directe
OBS,503,David,Chloe,,,,2026-02-06,11:27,participation,repond_si_insiste
OBS,503,David,Chloe,,,,2026-02-06,11:29,entree,attend_sans_commencer
OBS,503,David,Chloe,,,,2026-02-06,11:31,finalisation,passe_autre_activite
OBS,503,David,Chloe,,,,2026-02-06,11:33,ressources,utilise_document_r
OBS,503,Barbier,Zoe,,,,2026-02-06,11:01,tutorat,aide_si_sollicite
OBS,503,Barbier,Zoe,,,,2026-02-06,11:03,participation,participe_spontanement
OBS,503,Barbier,Zoe,,,,2026-02-06,11:05,ressources,sollicite_apres_cherche
OBS,503,Barbier,Zoe,,,,2026-02-06,11:07,difficulte,utilise_coup_de_pouce
OBS,503,Dupont,Hugo,,,,2026-02-06,11:41,tutorat,aide_si_sollicite
OBS,503,Dupont,Hugo,,,,2026-02-06,11:43,participation,participe_spontanement
OBS,503,Dupont,Hugo,,,,2026-02-06,11:45,finalisation,activite_terminee
OBS,503,Dupont,Hugo,,,,2026-02-06,11:47,entree,demarre_immediat
OBS,503,Dupont,Hugo,,,,2026-02-06,11:49,ressources,utilise_aides_activite
OBS,503,Bertrand,Malo,,,,2026-02-06,11:16,tutorat,explique_camarade
OBS,503,Bertrand,Malo,,,,2026-02-06,11:18,participation,repond_si_sollicite
OBS,503,Bertrand,Malo,,,,2026-02-06,11:20,attention,reconcentre_seul
OBS,503,Bertrand,Malo,,,,2026-02-06,11:22,ressources,sollicite_immediat
OBS,503,Faure,Iris,,,,2026-02-06,11:43,tutorat,explique_camarade
OBS,503,Faure,Iris,,,,2026-02-06,11:45,participation,repond_si_sollicite
OBS,503,Faure,Iris,,,,2026-02-06,11:47,finalisation,activite_terminee
OBS,503,Faure,Iris,,,,2026-02-06,11:49,difficulte,demande_aide_pertinente
OBS,503,Faure,Iris,,,,2026-02-06,11:51,ressources,sollicite_apres_cherche
OBS,503,Moreau,Eliott,,,,2026-02-06,11:13,tutorat,donne_reponse_directe
OBS,503,Moreau,Eliott,,,,2026-02-06,11:15,participation,repond_si_insiste
OBS,503,Moreau,Eliott,,,,2026-02-06,11:17,entree,demarre_relance
OBS,503,Moreau,Eliott,,,,2026-02-06,11:19,difficulte,observe_camarade
OBS,503,Moreau,Eliott,,,,2026-02-06,11:21,attention,bavarde_travail
SESSION,503,demo_503_202602121100,1770890400000,1770893700000
OBS,503,Marchand,Lea,,,,2026-02-12,11:23,tutorat,donne_reponse_directe
OBS,503,Marchand,Lea,,,,2026-02-12,11:25,participation,repond_si_insiste
OBS,503,Marchand,Lea,,,,2026-02-12,11:27,finalisation,recopie_correction
OBS,503,Marchand,Lea,,,,2026-02-12,11:29,attention,revasse
OBS,503,Marchand,Lea,,,,2026-02-12,11:31,entree,attend_sans_commencer
OBS,503,David,Chloe,,,,2026-02-12,11:32,tutorat,aide_si_sollicite
OBS,503,David,Chloe,,,,2026-02-12,11:34,participation,repond_si_sollicite
OBS,503,David,Chloe,,,,2026-02-12,11:36,entree,demarre_relance
OBS,503,David,Chloe,,,,2026-02-12,11:38,ressources,sollicite_immediat
OBS,503,David,Chloe,,,,2026-02-12,11:40,difficulte,observe_camarade
OBS,503,Barbier,Zoe,,,,2026-02-12,11:26,tutorat,explique_camarade
OBS,503,Barbier,Zoe,,,,2026-02-12,11:28,participation,participe_spontanement
OBS,503,Barbier,Zoe,,,,2026-02-12,11:30,entree,demarre_immediat
OBS,503,Barbier,Zoe,,,,2026-02-12,11:32,ressources,sollicite_apres_cherche
OBS,503,Dupont,Hugo,,,,2026-02-12,11:21,tutorat,explique_camarade
OBS,503,Dupont,Hugo,,,,2026-02-12,11:23,participation,participe_spontanement
OBS,503,Dupont,Hugo,,,,2026-02-12,11:25,finalisation,activite_terminee
OBS,503,Dupont,Hugo,,,,2026-02-12,11:27,entree,demarre_immediat
OBS,503,Dupont,Hugo,,,,2026-02-12,11:29,ressources,utilise_aides_activite
OBS,503,Bertrand,Malo,,,,2026-02-12,11:25,tutorat,explique_camarade
OBS,503,Bertrand,Malo,,,,2026-02-12,11:27,participation,participe_spontanement
OBS,503,Bertrand,Malo,,,,2026-02-12,11:29,difficulte,utilise_coup_de_pouce
OBS,503,Bertrand,Malo,,,,2026-02-12,11:31,attention,concentre
OBS,503,Bertrand,Malo,,,,2026-02-12,11:33,entree,demarre_relance
OBS,503,Faure,Iris,,,,2026-02-12,11:13,tutorat,donne_reponse_directe
OBS,503,Faure,Iris,,,,2026-02-12,11:15,participation,repond_si_insiste
OBS,503,Faure,Iris,,,,2026-02-12,11:17,finalisation,activite_incomplete
OBS,503,Faure,Iris,,,,2026-02-12,11:19,difficulte,attend_d
SESSION,503,demo_503_202602181100,1771408800000,1771412100000
OBS,503,Marchand,Lea,,,,2026-02-18,11:41,tutorat,refuse_aider
OBS,503,Marchand,Lea,,,,2026-02-18,11:43,participation,ne_participe_pas
OBS,503,Marchand,Lea,,,,2026-02-18,11:45,difficulte,copie_camarade
OBS,503,Marchand,Lea,,,,2026-02-18,11:47,ressources,attend_correction
OBS,503,Marchand,Lea,,,,2026-02-18,11:49,attention,perturbe_camarade
OBS,503,David,Chloe,,,,2026-02-18,11:06,tutorat,donne_reponse_directe
OBS,503,David,Chloe,,,,2026-02-18,11:08,participation,repond_si_sollicite
OBS,503,David,Chloe,,,,2026-02-18,11:10,entree,attend_sans_commencer
OBS,503,David,Chloe,,,,2026-02-18,11:12,finalisation,passe_autre_activite
OBS,503,David,Chloe,,,,2026-02-18,11:14,ressources,sollicite_immediat
OBS,503,Barbier,Zoe,,,,2026-02-18,11:23,tutorat,aide_si_sollicite
OBS,503,Barbier,Zoe,,,,2026-02-18,11:25,participation,participe_spontanement
OBS,503,Barbier,Zoe,,,,2026-02-18,11:27,difficulte,demande_aide_pertinente
OBS,503,Barbier,Zoe,,,,2026-02-18,11:29,ressources,sollicite_apres_cherche
OBS,503,Dupont,Hugo,,,,2026-02-18,11:02,tutorat,explique_camarade
OBS,503,Dupont,Hugo,,,,2026-02-18,11:04,participation,participe_spontanement
OBS,503,Dupont,Hugo,,,,2026-02-18,11:06,entree,demarre_immediat
OBS,503,Dupont,Hugo,,,,2026-02-18,11:08,attention,reconcentre_seul
OBS,503,Bertrand,Malo,,,,2026-02-18,11:48,tutorat,donne_reponse_directe
OBS,503,Bertrand,Malo,,,,2026-02-18,11:50,participation,repond_si_sollicite
OBS,503,Bertrand,Malo,,,,2026-02-18,11:52,attention,bavarde_travail
OBS,503,Bertrand,Malo,,,,2026-02-18,11:53,ressources,sollicite_immediat
OBS,503,Bertrand,Malo,,,,2026-02-18,11:53,difficulte,observe_camarade
OBS,503,Moreau,Eliott,,,,2026-02-18,11:12,tutorat,donne_reponse_directe
OBS,503,Moreau,Eliott,,,,2026-02-18,11:14,participation,repond_si_insiste
OBS,503,Moreau,Eliott,,,,2026-02-18,11:16,entree,ne_demarre_pas
OBS,503,Moreau,Eliott,,,,2026-02-18,11:18,finalisation,passe_autre_activite
SESSION,503,demo_503_202602241100,1771927200000,1771930500000
OBS,503,Aubert,Julia,,,,2026-02-24,11:39,tutorat,aide_si_sollicite
OBS,503,Aubert,Julia,,,,2026-02-24,11:41,participation,repond_si_sollicite
OBS,503,Aubert,Julia,,,,2026-02-24,11:43,ressources,attend_professeur
OBS,503,Aubert,Julia,,,,2026-02-24,11:45,attention,distrait_momentanement
OBS,503,Marchand,Lea,,,,2026-02-24,11:45,tutorat,refuse_aider
OBS,503,Marchand,Lea,,,,2026-02-24,11:47,participation,ne_participe_pas
OBS,503,Marchand,Lea,,,,2026-02-24,11:49,attention,revasse
OBS,503,Marchand,Lea,,,,2026-02-24,11:51,finalisation,recopie_correction
OBS,503,David,Chloe,,,,2026-02-24,11:23,tutorat,aide_si_sollicite
OBS,503,David,Chloe,,,,2026-02-24,11:25,participation,repond_si_insiste
OBS,503,David,Chloe,,,,2026-02-24,11:27,ressources,sollicite_immediat
OBS,503,David,Chloe,,,,2026-02-24,11:29,difficulte,demande_aide_pertinente
OBS,503,Barbier,Zoe,,,,2026-02-24,11:38,tutorat,aide_si_sollicite
OBS,503,Barbier,Zoe,,,,2026-02-24,11:40,participation,repond_si_sollicite
OBS,503,Barbier,Zoe,,,,2026-02-24,11:42,attention,concentre
OBS,503,Barbier,Zoe,,,,2026-02-24,11:44,finalisation,activite_incomplete
OBS,503,Dupont,Hugo,,,,2026-02-24,11:02,tutorat,explique_camarade
OBS,503,Dupont,Hugo,,,,2026-02-24,11:04,participation,participe_spontanement
OBS,503,Dupont,Hugo,,,,2026-02-24,11:06,entree,demarre_immediat
OBS,503,Dupont,Hugo,,,,2026-02-24,11:08,difficulte,utilise_document_d
OBS,503,Bertrand,Malo,,,,2026-02-24,11:44,tutorat,aide_si_sollicite
OBS,503,Bertrand,Malo,,,,2026-02-24,11:46,participation,repond_si_sollicite
OBS,503,Bertrand,Malo,,,,2026-02-24,11:48,ressources,sollicite_immediat
OBS,503,Bertrand,Malo,,,,2026-02-24,11:50,entree,attend_sans_commencer
OBS,503,Faure,Iris,,,,2026-02-24,11:39,tutorat,aide_si_sollicite
OBS,503,Faure,Iris,,,,2026-02-24,11:41,participation,participe_spontanement
OBS,503,Faure,Iris,,,,2026-02-24,11:43,finalisation,verifie_travail
OBS,503,Faure,Iris,,,,2026-02-24,11:45,attention,distrait_momentanement
OBS,503,Moreau,Eliott,,,,2026-02-24,11:20,tutorat,aide_si_sollicite
OBS,503,Moreau,Eliott,,,,2026-02-24,11:22,participation,repond_si_insiste
OBS,503,Moreau,Eliott,,,,2026-02-24,11:24,ressources,sollicite_immediat
OBS,503,Moreau,Eliott,,,,2026-02-24,11:26,difficulte,attend_d
OBS,503,Moreau,Eliott,,,,2026-02-24,11:28,attention,bavarde_travail
OBS,503,Lemoine,Agathe,,,,2026-02-24,11:08,tutorat,refuse_aider
OBS,503,Lemoine,Agathe,,,,2026-02-24,11:10,participation,ne_participe_pas
OBS,503,Lemoine,Agathe,,,,2026-02-24,11:12,entree,ne_demarre_pas
OBS,503,Lemoine,Agathe,,,,2026-02-24,11:14,finalisation,passe_autre_activite
SESSION,503,demo_503_202603021100,1772445600000,1772448900000
OBS,503,Aubert,Julia,,,,2026-03-02,11:14,tutorat,aide_si_sollicite
OBS,503,Aubert,Julia,,,,2026-03-02,11:16,participation,repond_si_sollicite
OBS,503,Aubert,Julia,,,,2026-03-02,11:18,ressources,sollicite_immediat
OBS,503,Aubert,Julia,,,,2026-03-02,11:20,difficulte,attend_d
OBS,503,Marchand,Lea,,,,2026-03-02,11:12,tutorat,donne_reponse_directe
OBS,503,Marchand,Lea,,,,2026-03-02,11:14,participation,ne_participe_pas
OBS,503,Marchand,Lea,,,,2026-03-02,11:16,attention,revasse
OBS,503,Marchand,Lea,,,,2026-03-02,11:18,finalisation,recopie_correction
OBS,503,Marchand,Lea,,,,2026-03-02,11:20,entree,ne_demarre_pas
OBS,503,David,Chloe,,,,2026-03-02,11:17,tutorat,donne_reponse_directe
OBS,503,David,Chloe,,,,2026-03-02,11:19,participation,repond_si_insiste
OBS,503,David,Chloe,,,,2026-03-02,11:21,ressources,utilise_document_r
OBS,503,David,Chloe,,,,2026-03-02,11:23,entree,attend_sans_commencer
OBS,503,Dupont,Hugo,,,,2026-03-02,11:25,tutorat,explique_camarade
OBS,503,Dupont,Hugo,,,,2026-03-02,11:27,participation,participe_spontanement
OBS,503,Dupont,Hugo,,,,2026-03-02,11:29,ressources,utilise_document_r
OBS,503,Dupont,Hugo,,,,2026-03-02,11:31,entree,demarre_immediat
OBS,503,Bertrand,Malo,,,,2026-03-02,11:41,tutorat,aide_si_sollicite
OBS,503,Bertrand,Malo,,,,2026-03-02,11:43,participation,participe_spontanement
OBS,503,Bertrand,Malo,,,,2026-03-02,11:45,finalisation,corrige_erreur
OBS,503,Bertrand,Malo,,,,2026-03-02,11:47,difficulte,cherche_seul
OBS,503,Moreau,Eliott,,,,2026-03-02,11:48,tutorat,refuse_aider
OBS,503,Moreau,Eliott,,,,2026-03-02,11:50,participation,repond_si_insiste
OBS,503,Moreau,Eliott,,,,2026-03-02,11:52,difficulte,attend_d
OBS,503,Moreau,Eliott,,,,2026-03-02,11:53,attention,distrait_momentanement
SESSION,503,demo_503_202603061100,1772791200000,1772794500000
OBS,503,Marchand,Lea,,,,2026-03-06,11:06,tutorat,refuse_aider
OBS,503,Marchand,Lea,,,,2026-03-06,11:08,participation,ne_participe_pas
OBS,503,Marchand,Lea,,,,2026-03-06,11:10,entree,ne_demarre_pas
OBS,503,Marchand,Lea,,,,2026-03-06,11:12,attention,bavarde_hors_sujet
OBS,503,David,Chloe,,,,2026-03-06,11:44,tutorat,refuse_aider
OBS,503,David,Chloe,,,,2026-03-06,11:46,participation,ne_participe_pas
OBS,503,David,Chloe,,,,2026-03-06,11:48,entree,ne_demarre_pas
OBS,503,David,Chloe,,,,2026-03-06,11:50,difficulte,copie_camarade
OBS,503,David,Chloe,,,,2026-03-06,11:52,attention,bavarde_hors_sujet
OBS,503,Barbier,Zoe,,,,2026-03-06,11:42,tutorat,aide_si_sollicite
OBS,503,Barbier,Zoe,,,,2026-03-06,11:44,participation,repond_si_sollicite
OBS,503,Barbier,Zoe,,,,2026-03-06,11:46,difficulte,utilise_document_d
OBS,503,Barbier,Zoe,,,,2026-03-06,11:48,attention,concentre
OBS,503,Dupont,Hugo,,,,2026-03-06,11:43,tutorat,explique_camarade
OBS,503,Dupont,Hugo,,,,2026-03-06,11:45,participation,participe_spontanement
OBS,503,Dupont,Hugo,,,,2026-03-06,11:47,difficulte,utilise_coup_de_pouce
OBS,503,Dupont,Hugo,,,,2026-03-06,11:49,attention,concentre
OBS,503,Faure,Iris,,,,2026-03-06,11:23,tutorat,aide_si_sollicite
OBS,503,Faure,Iris,,,,2026-03-06,11:25,participation,repond_si_sollicite
OBS,503,Faure,Iris,,,,2026-03-06,11:27,ressources,echange_camarade
OBS,503,Faure,Iris,,,,2026-03-06,11:29,difficulte,attend_d
SESSION,503,demo_503_202603121100,1773309600000,1773312900000
OBS,503,Marchand,Lea,,,,2026-03-12,11:21,tutorat,refuse_aider
OBS,503,Marchand,Lea,,,,2026-03-12,11:23,participation,ne_participe_pas
OBS,503,Marchand,Lea,,,,2026-03-12,11:25,finalisation,passe_autre_activite
OBS,503,Marchand,Lea,,,,2026-03-12,11:27,attention,perturbe_camarade
OBS,503,Dupont,Hugo,,,,2026-03-12,11:35,tutorat,explique_camarade
OBS,503,Dupont,Hugo,,,,2026-03-12,11:37,participation,repond_si_sollicite
OBS,503,Dupont,Hugo,,,,2026-03-12,11:39,entree,demarre_immediat
OBS,503,Dupont,Hugo,,,,2026-03-12,11:41,finalisation,verifie_travail
OBS,503,Dupont,Hugo,,,,2026-03-12,11:43,difficulte,utilise_document_d
OBS,503,Bertrand,Malo,,,,2026-03-12,11:30,tutorat,aide_si_sollicite
OBS,503,Bertrand,Malo,,,,2026-03-12,11:32,participation,repond_si_sollicite
OBS,503,Bertrand,Malo,,,,2026-03-12,11:34,attention,concentre
OBS,503,Bertrand,Malo,,,,2026-03-12,11:36,finalisation,activite_incomplete
OBS,503,Bertrand,Malo,,,,2026-03-12,11:38,ressources,sollicite_immediat
OBS,503,Faure,Iris,,,,2026-03-12,11:27,tutorat,aide_si_sollicite
OBS,503,Faure,Iris,,,,2026-03-12,11:29,participation,participe_spontanement
OBS,503,Faure,Iris,,,,2026-03-12,11:31,entree,demarre_relance
OBS,503,Faure,Iris,,,,2026-03-12,11:33,difficulte,utilise_document_d
OBS,503,Faure,Iris,,,,2026-03-12,11:35,finalisation,verifie_travail
OBS,503,Moreau,Eliott,,,,2026-03-12,11:11,tutorat,refuse_aider
OBS,503,Moreau,Eliott,,,,2026-03-12,11:13,participation,ne_participe_pas
OBS,503,Moreau,Eliott,,,,2026-03-12,11:15,attention,perturbe_camarade
OBS,503,Moreau,Eliott,,,,2026-03-12,11:17,finalisation,recopie_correction
OBS,503,Lemoine,Agathe,,,,2026-03-12,11:25,tutorat,aide_si_sollicite
OBS,503,Lemoine,Agathe,,,,2026-03-12,11:27,participation,repond_si_sollicite
OBS,503,Lemoine,Agathe,,,,2026-03-12,11:29,attention,distrait_momentanement
OBS,503,Lemoine,Agathe,,,,2026-03-12,11:31,entree,attend_sans_commencer
SESSION,503,demo_503_202603181100,1773828000000,1773831300000
OBS,503,Marchand,Lea,,,,2026-03-18,11:44,tutorat,donne_reponse_directe
OBS,503,Marchand,Lea,,,,2026-03-18,11:46,participation,ne_participe_pas
OBS,503,Marchand,Lea,,,,2026-03-18,11:48,attention,perturbe_camarade
OBS,503,Marchand,Lea,,,,2026-03-18,11:50,finalisation,recopie_correction
OBS,503,David,Chloe,,,,2026-03-18,11:16,tutorat,donne_reponse_directe
OBS,503,David,Chloe,,,,2026-03-18,11:18,participation,repond_si_insiste
OBS,503,David,Chloe,,,,2026-03-18,11:20,attention,distrait_momentanement
OBS,503,David,Chloe,,,,2026-03-18,11:22,finalisation,recopie_correction
OBS,503,Barbier,Zoe,,,,2026-03-18,11:33,tutorat,explique_camarade
OBS,503,Barbier,Zoe,,,,2026-03-18,11:35,participation,participe_spontanement
OBS,503,Barbier,Zoe,,,,2026-03-18,11:37,difficulte,utilise_document_d
OBS,503,Barbier,Zoe,,,,2026-03-18,11:39,entree,demarre_relance
OBS,503,Dupont,Hugo,,,,2026-03-18,11:13,tutorat,explique_camarade
OBS,503,Dupont,Hugo,,,,2026-03-18,11:15,participation,participe_spontanement
OBS,503,Dupont,Hugo,,,,2026-03-18,11:17,finalisation,corrige_erreur
OBS,503,Dupont,Hugo,,,,2026-03-18,11:19,ressources,utilise_aides_activite
OBS,503,Moreau,Eliott,,,,2026-03-18,11:10,tutorat,donne_reponse_directe
OBS,503,Moreau,Eliott,,,,2026-03-18,11:12,participation,repond_si_insiste
OBS,503,Moreau,Eliott,,,,2026-03-18,11:14,finalisation,activite_incomplete
OBS,503,Moreau,Eliott,,,,2026-03-18,11:16,ressources,attend_correction
OBS,503,Moreau,Eliott,,,,2026-03-18,11:18,attention,distrait_momentanement
SESSION,503,demo_503_202603241100,1774346400000,1774349700000
OBS,503,Marchand,Lea,,,,2026-03-24,11:11,tutorat,refuse_aider
OBS,503,Marchand,Lea,,,,2026-03-24,11:13,participation,ne_participe_pas
OBS,503,Marchand,Lea,,,,2026-03-24,11:15,entree,ne_demarre_pas
OBS,503,Marchand,Lea,,,,2026-03-24,11:17,ressources,attend_professeur
OBS,503,David,Chloe,,,,2026-03-24,11:04,tutorat,donne_reponse_directe
OBS,503,David,Chloe,,,,2026-03-24,11:06,participation,repond_si_sollicite
OBS,503,David,Chloe,,,,2026-03-24,11:08,difficulte,observe_camarade
OBS,503,David,Chloe,,,,2026-03-24,11:10,entree,ne_demarre_pas
OBS,503,David,Chloe,,,,2026-03-24,11:12,finalisation,activite_incomplete
OBS,503,Barbier,Zoe,,,,2026-03-24,11:24,tutorat,explique_camarade
OBS,503,Barbier,Zoe,,,,2026-03-24,11:26,participation,participe_spontanement
OBS,503,Barbier,Zoe,,,,2026-03-24,11:28,difficulte,utilise_coup_de_pouce
OBS,503,Barbier,Zoe,,,,2026-03-24,11:30,finalisation,corrige_erreur
OBS,503,Dupont,Hugo,,,,2026-03-24,11:42,tutorat,aide_si_sollicite
OBS,503,Dupont,Hugo,,,,2026-03-24,11:44,participation,participe_spontanement
OBS,503,Dupont,Hugo,,,,2026-03-24,11:46,attention,distrait_momentanement
OBS,503,Dupont,Hugo,,,,2026-03-24,11:48,finalisation,activite_incomplete
OBS,503,Dupont,Hugo,,,,2026-03-24,11:50,difficulte,demande_aide_pertinente
OBS,503,Moreau,Eliott,,,,2026-03-24,11:40,tutorat,donne_reponse_directe
OBS,503,Moreau,Eliott,,,,2026-03-24,11:42,participation,ne_participe_pas
OBS,503,Moreau,Eliott,,,,2026-03-24,11:44,finalisation,passe_autre_activite
OBS,503,Moreau,Eliott,,,,2026-03-24,11:46,ressources,sollicite_immediat
OBS,503,Moreau,Eliott,,,,2026-03-24,11:48,attention,perturbe_camarade
SESSION,503,demo_503_202603311100,1774947600000,1774950900000
OBS,503,Marchand,Lea,,,,2026-03-31,11:39,tutorat,donne_reponse_directe
OBS,503,Marchand,Lea,,,,2026-03-31,11:41,participation,repond_si_insiste
OBS,503,Marchand,Lea,,,,2026-03-31,11:43,attention,distrait_momentanement
OBS,503,Marchand,Lea,,,,2026-03-31,11:45,finalisation,passe_autre_activite
OBS,503,David,Chloe,,,,2026-03-31,11:44,tutorat,refuse_aider
OBS,503,David,Chloe,,,,2026-03-31,11:46,participation,repond_si_insiste
OBS,503,David,Chloe,,,,2026-03-31,11:48,entree,attend_sans_commencer
OBS,503,David,Chloe,,,,2026-03-31,11:50,finalisation,verifie_travail
OBS,503,Barbier,Zoe,,,,2026-03-31,11:20,tutorat,explique_camarade
OBS,503,Barbier,Zoe,,,,2026-03-31,11:22,participation,participe_spontanement
OBS,503,Barbier,Zoe,,,,2026-03-31,11:24,difficulte,utilise_coup_de_pouce
OBS,503,Barbier,Zoe,,,,2026-03-31,11:26,finalisation,verifie_travail
OBS,503,Barbier,Zoe,,,,2026-03-31,11:28,entree,demarre_immediat
OBS,503,Dupont,Hugo,,,,2026-03-31,11:14,tutorat,explique_camarade
OBS,503,Dupont,Hugo,,,,2026-03-31,11:16,participation,participe_spontanement
OBS,503,Dupont,Hugo,,,,2026-03-31,11:18,attention,reconcentre_seul
OBS,503,Dupont,Hugo,,,,2026-03-31,11:20,difficulte,utilise_document_d
OBS,503,Dupont,Hugo,,,,2026-03-31,11:22,finalisation,corrige_erreur
OBS,503,Bertrand,Malo,,,,2026-03-31,11:10,tutorat,aide_si_sollicite
OBS,503,Bertrand,Malo,,,,2026-03-31,11:12,participation,repond_si_insiste
OBS,503,Bertrand,Malo,,,,2026-03-31,11:14,finalisation,corrige_erreur
OBS,503,Bertrand,Malo,,,,2026-03-31,11:16,entree,demarre_relance
OBS,503,Bertrand,Malo,,,,2026-03-31,11:18,ressources,sollicite_immediat
OBS,503,Faure,Iris,,,,2026-03-31,11:42,tutorat,explique_camarade
OBS,503,Faure,Iris,,,,2026-03-31,11:44,participation,participe_spontanement
OBS,503,Faure,Iris,,,,2026-03-31,11:46,entree,demarre_immediat
OBS,503,Faure,Iris,,,,2026-03-31,11:48,finalisation,activite_terminee
OBS,503,Faure,Iris,,,,2026-03-31,11:50,difficulte,demande_aide_pertinente
OBS,503,Moreau,Eliott,,,,2026-03-31,11:20,tutorat,aide_si_sollicite
OBS,503,Moreau,Eliott,,,,2026-03-31,11:22,participation,repond_si_sollicite
OBS,503,Moreau,Eliott,,,,2026-03-31,11:24,ressources,sollicite_immediat
OBS,503,Moreau,Eliott,,,,2026-03-31,11:26,attention,distrait_momentanement
SESSION,503,demo_503_202604061100,1775466000000,1775469300000
OBS,503,Marchand,Lea,,,,2026-04-06,11:01,tutorat,donne_reponse_directe
OBS,503,Marchand,Lea,,,,2026-04-06,11:03,participation,ne_participe_pas
OBS,503,Marchand,Lea,,,,2026-04-06,11:05,ressources,attend_correction
OBS,503,Marchand,Lea,,,,2026-04-06,11:07,attention,perturbe_camarade
OBS,503,Marchand,Lea,,,,2026-04-06,11:09,entree,ne_demarre_pas
OBS,503,David,Chloe,,,,2026-04-06,11:23,tutorat,refuse_aider
OBS,503,David,Chloe,,,,2026-04-06,11:25,participation,repond_si_insiste
OBS,503,David,Chloe,,,,2026-04-06,11:27,entree,attend_sans_commencer
OBS,503,David,Chloe,,,,2026-04-06,11:29,ressources,attend_correction
OBS,503,Barbier,Zoe,,,,2026-04-06,11:02,tutorat,explique_camarade
OBS,503,Barbier,Zoe,,,,2026-04-06,11:04,participation,repond_si_sollicite
OBS,503,Barbier,Zoe,,,,2026-04-06,11:06,difficulte,cherche_seul
OBS,503,Barbier,Zoe,,,,2026-04-06,11:08,finalisation,passe_autre_activite
OBS,503,Barbier,Zoe,,,,2026-04-06,11:10,ressources,echange_camarade
OBS,503,Bertrand,Malo,,,,2026-04-06,11:28,tutorat,donne_reponse_directe
OBS,503,Bertrand,Malo,,,,2026-04-06,11:30,participation,repond_si_sollicite
OBS,503,Bertrand,Malo,,,,2026-04-06,11:32,entree,attend_sans_commencer
OBS,503,Bertrand,Malo,,,,2026-04-06,11:34,difficulte,attend_d
OBS,503,Faure,Iris,,,,2026-04-06,11:43,tutorat,donne_reponse_directe
OBS,503,Faure,Iris,,,,2026-04-06,11:45,participation,repond_si_sollicite
OBS,503,Faure,Iris,,,,2026-04-06,11:47,finalisation,passe_autre_activite
OBS,503,Faure,Iris,,,,2026-04-06,11:49,difficulte,observe_camarade
OBS,503,Moreau,Eliott,,,,2026-04-06,11:24,tutorat,aide_si_sollicite
OBS,503,Moreau,Eliott,,,,2026-04-06,11:26,participation,repond_si_insiste
OBS,503,Moreau,Eliott,,,,2026-04-06,11:28,entree,demarre_relance
OBS,503,Moreau,Eliott,,,,2026-04-06,11:30,attention,distrait_momentanement
SESSION,503,demo_503_202604101100,1775811600000,1775814900000
OBS,503,David,Chloe,,,,2026-04-10,11:45,tutorat,refuse_aider
OBS,503,David,Chloe,,,,2026-04-10,11:47,participation,repond_si_insiste
OBS,503,David,Chloe,,,,2026-04-10,11:49,difficulte,copie_camarade
OBS,503,David,Chloe,,,,2026-04-10,11:51,entree,ne_demarre_pas
OBS,503,Barbier,Zoe,,,,2026-04-10,11:46,tutorat,aide_si_sollicite
OBS,503,Barbier,Zoe,,,,2026-04-10,11:48,participation,participe_spontanement
OBS,503,Barbier,Zoe,,,,2026-04-10,11:50,ressources,utilise_document_r
OBS,503,Barbier,Zoe,,,,2026-04-10,11:52,attention,concentre
OBS,503,Dupont,Hugo,,,,2026-04-10,11:08,tutorat,explique_camarade
OBS,503,Dupont,Hugo,,,,2026-04-10,11:10,participation,participe_spontanement
OBS,503,Dupont,Hugo,,,,2026-04-10,11:12,finalisation,corrige_erreur
OBS,503,Dupont,Hugo,,,,2026-04-10,11:14,difficulte,utilise_coup_de_pouce
OBS,503,Bertrand,Malo,,,,2026-04-10,11:06,tutorat,explique_camarade
OBS,503,Bertrand,Malo,,,,2026-04-10,11:08,participation,repond_si_sollicite
OBS,503,Bertrand,Malo,,,,2026-04-10,11:10,finalisation,activite_terminee
OBS,503,Bertrand,Malo,,,,2026-04-10,11:12,difficulte,utilise_coup_de_pouce
OBS,503,Moreau,Eliott,,,,2026-04-10,11:44,tutorat,donne_reponse_directe
OBS,503,Moreau,Eliott,,,,2026-04-10,11:46,participation,repond_si_sollicite
OBS,503,Moreau,Eliott,,,,2026-04-10,11:48,entree,demarre_relance
OBS,503,Moreau,Eliott,,,,2026-04-10,11:50,attention,distrait_momentanement
OBS,503,Moreau,Eliott,,,,2026-04-10,11:52,finalisation,activite_incomplete
SESSION,503,demo_503_202604161100,1776330000000,1776333300000
OBS,503,Marchand,Lea,,,,2026-04-16,11:08,tutorat,donne_reponse_directe
OBS,503,Marchand,Lea,,,,2026-04-16,11:10,participation,ne_participe_pas
OBS,503,Marchand,Lea,,,,2026-04-16,11:12,entree,ne_demarre_pas
OBS,503,Marchand,Lea,,,,2026-04-16,11:14,attention,perturbe_camarade
OBS,503,Marchand,Lea,,,,2026-04-16,11:16,ressources,attend_professeur
OBS,503,Barbier,Zoe,,,,2026-04-16,11:34,tutorat,explique_camarade
OBS,503,Barbier,Zoe,,,,2026-04-16,11:36,participation,repond_si_sollicite
OBS,503,Barbier,Zoe,,,,2026-04-16,11:38,difficulte,attend_d
OBS,503,Barbier,Zoe,,,,2026-04-16,11:40,entree,demarre_relance
OBS,503,Dupont,Hugo,,,,2026-04-16,11:34,tutorat,aide_si_sollicite
OBS,503,Dupont,Hugo,,,,2026-04-16,11:36,participation,participe_spontanement
OBS,503,Dupont,Hugo,,,,2026-04-16,11:38,attention,reconcentre_seul
OBS,503,Dupont,Hugo,,,,2026-04-16,11:40,finalisation,verifie_travail
OBS,503,Bertrand,Malo,,,,2026-04-16,11:22,tutorat,donne_reponse_directe
OBS,503,Bertrand,Malo,,,,2026-04-16,11:24,participation,repond_si_insiste
OBS,503,Bertrand,Malo,,,,2026-04-16,11:26,attention,distrait_momentanement
OBS,503,Bertrand,Malo,,,,2026-04-16,11:28,entree,demarre_relance
OBS,503,Faure,Iris,,,,2026-04-16,11:12,tutorat,aide_si_sollicite
OBS,503,Faure,Iris,,,,2026-04-16,11:14,participation,repond_si_insiste
OBS,503,Faure,Iris,,,,2026-04-16,11:16,finalisation,activite_terminee
OBS,503,Faure,Iris,,,,2026-04-16,11:18,ressources,attend_professeur
OBS,503,Faure,Iris,,,,2026-04-16,11:20,difficulte,attend_d
OBS,503,Moreau,Eliott,,,,2026-04-16,11:04,tutorat,donne_reponse_directe
OBS,503,Moreau,Eliott,,,,2026-04-16,11:06,participation,repond_si_sollicite
OBS,503,Moreau,Eliott,,,,2026-04-16,11:08,ressources,attend_professeur
OBS,503,Moreau,Eliott,,,,2026-04-16,11:10,difficulte,attend_d
SESSION,503,demo_503_202604221100,1776848400000,1776851700000
OBS,503,Aubert,Julia,,,,2026-04-22,11:10,tutorat,explique_camarade
OBS,503,Aubert,Julia,,,,2026-04-22,11:12,participation,participe_spontanement
OBS,503,Aubert,Julia,,,,2026-04-22,11:14,attention,reconcentre_seul
OBS,503,Aubert,Julia,,,,2026-04-22,11:16,ressources,sollicite_immediat
OBS,503,Marchand,Lea,,,,2026-04-22,11:24,tutorat,refuse_aider
OBS,503,Marchand,Lea,,,,2026-04-22,11:26,participation,ne_participe_pas
OBS,503,Marchand,Lea,,,,2026-04-22,11:28,entree,ne_demarre_pas
OBS,503,Marchand,Lea,,,,2026-04-22,11:30,ressources,attend_correction
OBS,503,David,Chloe,,,,2026-04-22,11:14,tutorat,donne_reponse_directe
OBS,503,David,Chloe,,,,2026-04-22,11:16,participation,repond_si_sollicite
OBS,503,David,Chloe,,,,2026-04-22,11:18,difficulte,attend_d
OBS,503,David,Chloe,,,,2026-04-22,11:20,attention,bavarde_travail
OBS,503,David,Chloe,,,,2026-04-22,11:22,finalisation,activite_incomplete
OBS,503,Barbier,Zoe,,,,2026-04-22,11:18,tutorat,explique_camarade
OBS,503,Barbier,Zoe,,,,2026-04-22,11:20,participation,participe_spontanement
OBS,503,Barbier,Zoe,,,,2026-04-22,11:22,difficulte,demande_aide_pertinente
OBS,503,Barbier,Zoe,,,,2026-04-22,11:24,finalisation,passe_autre_activite
OBS,503,Barbier,Zoe,,,,2026-04-22,11:26,ressources,utilise_aides_activite
OBS,503,Dupont,Hugo,,,,2026-04-22,11:23,tutorat,aide_si_sollicite
OBS,503,Dupont,Hugo,,,,2026-04-22,11:25,participation,participe_spontanement
OBS,503,Dupont,Hugo,,,,2026-04-22,11:27,entree,demarre_immediat
OBS,503,Dupont,Hugo,,,,2026-04-22,11:29,attention,reconcentre_seul
OBS,503,Dupont,Hugo,,,,2026-04-22,11:31,ressources,echange_camarade
OBS,503,Bertrand,Malo,,,,2026-04-22,11:40,tutorat,aide_si_sollicite
OBS,503,Bertrand,Malo,,,,2026-04-22,11:42,participation,participe_spontanement
OBS,503,Bertrand,Malo,,,,2026-04-22,11:44,entree,demarre_immediat
OBS,503,Bertrand,Malo,,,,2026-04-22,11:46,finalisation,passe_autre_activite
OBS,503,Faure,Iris,,,,2026-04-22,11:31,tutorat,aide_si_sollicite
OBS,503,Faure,Iris,,,,2026-04-22,11:33,participation,repond_si_insiste
OBS,503,Faure,Iris,,,,2026-04-22,11:35,finalisation,activite_terminee
OBS,503,Faure,Iris,,,,2026-04-22,11:37,attention,concentre
OBS,503,Faure,Iris,,,,2026-04-22,11:39,difficulte,cherche_seul
OBS,503,Moreau,Eliott,,,,2026-04-22,11:10,tutorat,donne_reponse_directe
OBS,503,Moreau,Eliott,,,,2026-04-22,11:12,participation,repond_si_insiste
OBS,503,Moreau,Eliott,,,,2026-04-22,11:14,attention,distrait_momentanement
OBS,503,Moreau,Eliott,,,,2026-04-22,11:16,difficulte,observe_camarade
OBS,503,Lemoine,Agathe,,,,2026-04-22,11:30,tutorat,explique_camarade
OBS,503,Lemoine,Agathe,,,,2026-04-22,11:32,participation,repond_si_sollicite
OBS,503,Lemoine,Agathe,,,,2026-04-22,11:34,difficulte,attend_d
OBS,503,Lemoine,Agathe,,,,2026-04-22,11:36,entree,demarre_relance
SESSION,503,demo_503_202604281100,1777366800000,1777370100000
OBS,503,Marchand,Lea,,,,2026-04-28,11:43,tutorat,refuse_aider
OBS,503,Marchand,Lea,,,,2026-04-28,11:45,participation,ne_participe_pas
OBS,503,Marchand,Lea,,,,2026-04-28,11:47,ressources,attend_correction
OBS,503,Marchand,Lea,,,,2026-04-28,11:49,entree,ne_demarre_pas
OBS,503,Marchand,Lea,,,,2026-04-28,11:51,attention,revasse
OBS,503,David,Chloe,,,,2026-04-28,11:18,tutorat,donne_reponse_directe
OBS,503,David,Chloe,,,,2026-04-28,11:20,participation,repond_si_insiste
OBS,503,David,Chloe,,,,2026-04-28,11:22,difficulte,observe_camarade
OBS,503,David,Chloe,,,,2026-04-28,11:24,attention,distrait_momentanement
OBS,503,Barbier,Zoe,,,,2026-04-28,11:42,tutorat,aide_si_sollicite
OBS,503,Barbier,Zoe,,,,2026-04-28,11:44,participation,participe_spontanement
OBS,503,Barbier,Zoe,,,,2026-04-28,11:46,entree,demarre_relance
OBS,503,Barbier,Zoe,,,,2026-04-28,11:48,ressources,sollicite_apres_cherche
OBS,503,Dupont,Hugo,,,,2026-04-28,11:06,tutorat,explique_camarade
OBS,503,Dupont,Hugo,,,,2026-04-28,11:08,participation,participe_spontanement
OBS,503,Dupont,Hugo,,,,2026-04-28,11:10,ressources,echange_camarade
OBS,503,Dupont,Hugo,,,,2026-04-28,11:12,entree,demarre_immediat
OBS,503,Bertrand,Malo,,,,2026-04-28,11:19,tutorat,aide_si_sollicite
OBS,503,Bertrand,Malo,,,,2026-04-28,11:21,participation,repond_si_sollicite
OBS,503,Bertrand,Malo,,,,2026-04-28,11:23,difficulte,observe_camarade
OBS,503,Bertrand,Malo,,,,2026-04-28,11:25,attention,distrait_momentanement
OBS,503,Moreau,Eliott,,,,2026-04-28,11:22,tutorat,explique_camarade
OBS,503,Moreau,Eliott,,,,2026-04-28,11:24,participation,repond_si_sollicite
OBS,503,Moreau,Eliott,,,,2026-04-28,11:26,difficulte,attend_d
OBS,503,Moreau,Eliott,,,,2026-04-28,11:28,finalisation,corrige_erreur
OBS,503,Moreau,Eliott,,,,2026-04-28,11:30,ressources,sollicite_apres_cherche
SESSION,503,demo_503_202605041100,1777885200000,1777888500000
OBS,503,Marchand,Lea,,,,2026-05-04,11:43,tutorat,refuse_aider
OBS,503,Marchand,Lea,,,,2026-05-04,11:45,participation,ne_participe_pas
OBS,503,Marchand,Lea,,,,2026-05-04,11:47,finalisation,recopie_correction
OBS,503,Marchand,Lea,,,,2026-05-04,11:49,entree,ne_demarre_pas
OBS,503,David,Chloe,,,,2026-05-04,11:20,tutorat,refuse_aider
OBS,503,David,Chloe,,,,2026-05-04,11:22,participation,ne_participe_pas
OBS,503,David,Chloe,,,,2026-05-04,11:24,difficulte,observe_camarade
OBS,503,David,Chloe,,,,2026-05-04,11:26,ressources,sollicite_immediat
OBS,503,Barbier,Zoe,,,,2026-05-04,11:42,tutorat,explique_camarade
OBS,503,Barbier,Zoe,,,,2026-05-04,11:44,participation,participe_spontanement
OBS,503,Barbier,Zoe,,,,2026-05-04,11:46,ressources,echange_camarade
OBS,503,Barbier,Zoe,,,,2026-05-04,11:48,difficulte,utilise_coup_de_pouce
OBS,503,Dupont,Hugo,,,,2026-05-04,11:46,tutorat,explique_camarade
OBS,503,Dupont,Hugo,,,,2026-05-04,11:48,participation,participe_spontanement
OBS,503,Dupont,Hugo,,,,2026-05-04,11:50,ressources,sollicite_apres_cherche
OBS,503,Dupont,Hugo,,,,2026-05-04,11:52,finalisation,verifie_travail
OBS,503,Dupont,Hugo,,,,2026-05-04,11:53,attention,concentre
OBS,503,Bertrand,Malo,,,,2026-05-04,11:34,tutorat,explique_camarade
OBS,503,Bertrand,Malo,,,,2026-05-04,11:36,participation,repond_si_sollicite
OBS,503,Bertrand,Malo,,,,2026-05-04,11:38,finalisation,corrige_erreur
OBS,503,Bertrand,Malo,,,,2026-05-04,11:40,difficulte,demande_aide_pertinente
OBS,503,Faure,Iris,,,,2026-05-04,11:19,tutorat,donne_reponse_directe
OBS,503,Faure,Iris,,,,2026-05-04,11:21,participation,repond_si_insiste
OBS,503,Faure,Iris,,,,2026-05-04,11:23,ressources,sollicite_immediat
OBS,503,Faure,Iris,,,,2026-05-04,11:25,finalisation,passe_autre_activite
OBS,503,Faure,Iris,,,,2026-05-04,11:27,attention,bavarde_travail
OBS,503,Moreau,Eliott,,,,2026-05-04,11:34,tutorat,donne_reponse_directe
OBS,503,Moreau,Eliott,,,,2026-05-04,11:36,participation,repond_si_insiste
OBS,503,Moreau,Eliott,,,,2026-05-04,11:38,attention,distrait_momentanement
OBS,503,Moreau,Eliott,,,,2026-05-04,11:40,difficulte,observe_camarade
SESSION,503,demo_503_202605081100,1778230800000,1778234100000
OBS,503,Marchand,Lea,,,,2026-05-08,11:34,tutorat,donne_reponse_directe
OBS,503,Marchand,Lea,,,,2026-05-08,11:36,participation,repond_si_insiste
OBS,503,Marchand,Lea,,,,2026-05-08,11:38,difficulte,copie_correction
OBS,503,Marchand,Lea,,,,2026-05-08,11:40,attention,bavarde_hors_sujet
OBS,503,Barbier,Zoe,,,,2026-05-08,11:10,tutorat,explique_camarade
OBS,503,Barbier,Zoe,,,,2026-05-08,11:12,participation,repond_si_sollicite
OBS,503,Barbier,Zoe,,,,2026-05-08,11:14,finalisation,corrige_erreur
OBS,503,Barbier,Zoe,,,,2026-05-08,11:16,difficulte,utilise_coup_de_pouce
OBS,503,Barbier,Zoe,,,,2026-05-08,11:18,attention,reconcentre_seul
OBS,503,Bertrand,Malo,,,,2026-05-08,11:22,tutorat,aide_si_sollicite
OBS,503,Bertrand,Malo,,,,2026-05-08,11:24,participation,repond_si_sollicite
OBS,503,Bertrand,Malo,,,,2026-05-08,11:26,finalisation,activite_incomplete
OBS,503,Bertrand,Malo,,,,2026-05-08,11:28,ressources,sollicite_immediat
SESSION,503,demo_503_202605141100,1778749200000,1778752500000
OBS,503,David,Chloe,,,,2026-05-14,11:23,tutorat,refuse_aider
OBS,503,David,Chloe,,,,2026-05-14,11:25,participation,ne_participe_pas
OBS,503,David,Chloe,,,,2026-05-14,11:27,ressources,sollicite_immediat
OBS,503,David,Chloe,,,,2026-05-14,11:29,attention,distrait_momentanement
OBS,503,David,Chloe,,,,2026-05-14,11:31,finalisation,passe_autre_activite
OBS,503,Barbier,Zoe,,,,2026-05-14,11:33,tutorat,explique_camarade
OBS,503,Barbier,Zoe,,,,2026-05-14,11:35,participation,participe_spontanement
OBS,503,Barbier,Zoe,,,,2026-05-14,11:37,attention,concentre
OBS,503,Barbier,Zoe,,,,2026-05-14,11:39,entree,demarre_immediat
OBS,503,Barbier,Zoe,,,,2026-05-14,11:41,finalisation,corrige_erreur
OBS,503,Dupont,Hugo,,,,2026-05-14,11:44,tutorat,aide_si_sollicite
OBS,503,Dupont,Hugo,,,,2026-05-14,11:46,participation,repond_si_sollicite
OBS,503,Dupont,Hugo,,,,2026-05-14,11:48,finalisation,activite_incomplete
OBS,503,Dupont,Hugo,,,,2026-05-14,11:50,attention,bavarde_travail
OBS,503,Faure,Iris,,,,2026-05-14,11:23,tutorat,donne_reponse_directe
OBS,503,Faure,Iris,,,,2026-05-14,11:25,participation,repond_si_insiste
OBS,503,Faure,Iris,,,,2026-05-14,11:27,attention,distrait_momentanement
OBS,503,Faure,Iris,,,,2026-05-14,11:29,ressources,sollicite_immediat
OBS,503,Faure,Iris,,,,2026-05-14,11:31,difficulte,attend_d
OBS,503,Moreau,Eliott,,,,2026-05-14,11:09,tutorat,aide_si_sollicite
OBS,503,Moreau,Eliott,,,,2026-05-14,11:11,participation,repond_si_sollicite
OBS,503,Moreau,Eliott,,,,2026-05-14,11:13,entree,demarre_relance
OBS,503,Moreau,Eliott,,,,2026-05-14,11:15,ressources,sollicite_immediat
OBS,503,Lemoine,Agathe,,,,2026-05-14,11:18,tutorat,aide_si_sollicite
OBS,503,Lemoine,Agathe,,,,2026-05-14,11:20,participation,repond_si_sollicite
OBS,503,Lemoine,Agathe,,,,2026-05-14,11:22,ressources,sollicite_apres_cherche
OBS,503,Lemoine,Agathe,,,,2026-05-14,11:24,difficulte,cherche_seul
SESSION,503,demo_503_202605211100,1779354000000,1779357300000
OBS,503,Marchand,Lea,,,,2026-05-21,11:29,tutorat,refuse_aider
OBS,503,Marchand,Lea,,,,2026-05-21,11:31,participation,ne_participe_pas
OBS,503,Marchand,Lea,,,,2026-05-21,11:33,entree,ne_demarre_pas
OBS,503,Marchand,Lea,,,,2026-05-21,11:35,finalisation,recopie_correction
OBS,503,Barbier,Zoe,,,,2026-05-21,11:36,tutorat,explique_camarade
OBS,503,Barbier,Zoe,,,,2026-05-21,11:38,participation,participe_spontanement
OBS,503,Barbier,Zoe,,,,2026-05-21,11:40,attention,concentre
OBS,503,Barbier,Zoe,,,,2026-05-21,11:42,difficulte,cherche_seul
OBS,503,Barbier,Zoe,,,,2026-05-21,11:44,entree,demarre_immediat
OBS,503,Dupont,Hugo,,,,2026-05-21,11:25,tutorat,explique_camarade
OBS,503,Dupont,Hugo,,,,2026-05-21,11:27,participation,participe_spontanement
OBS,503,Dupont,Hugo,,,,2026-05-21,11:29,attention,distrait_momentanement
OBS,503,Dupont,Hugo,,,,2026-05-21,11:31,difficulte,demande_aide_pertinente
OBS,503,Faure,Iris,,,,2026-05-21,11:15,tutorat,donne_reponse_directe
OBS,503,Faure,Iris,,,,2026-05-21,11:17,participation,ne_participe_pas
OBS,503,Faure,Iris,,,,2026-05-21,11:19,difficulte,attend_d
OBS,503,Faure,Iris,,,,2026-05-21,11:21,finalisation,passe_autre_activite
OBS,503,Moreau,Eliott,,,,2026-05-21,11:08,tutorat,aide_si_sollicite
OBS,503,Moreau,Eliott,,,,2026-05-21,11:10,participation,participe_spontanement
OBS,503,Moreau,Eliott,,,,2026-05-21,11:12,entree,attend_sans_commencer
OBS,503,Moreau,Eliott,,,,2026-05-21,11:14,difficulte,attend_d
SESSION,503,demo_503_202605271100,1779872400000,1779875700000
OBS,503,David,Chloe,,,,2026-05-27,11:09,tutorat,refuse_aider
OBS,503,David,Chloe,,,,2026-05-27,11:11,participation,ne_participe_pas
OBS,503,David,Chloe,,,,2026-05-27,11:13,ressources,attend_correction
OBS,503,David,Chloe,,,,2026-05-27,11:15,entree,ne_demarre_pas
OBS,503,Barbier,Zoe,,,,2026-05-27,11:30,tutorat,explique_camarade
OBS,503,Barbier,Zoe,,,,2026-05-27,11:32,participation,repond_si_sollicite
OBS,503,Barbier,Zoe,,,,2026-05-27,11:34,ressources,echange_camarade
OBS,503,Barbier,Zoe,,,,2026-05-27,11:36,entree,demarre_immediat
OBS,503,Barbier,Zoe,,,,2026-05-27,11:38,finalisation,corrige_erreur
OBS,503,Dupont,Hugo,,,,2026-05-27,11:33,tutorat,explique_camarade
OBS,503,Dupont,Hugo,,,,2026-05-27,11:35,participation,participe_spontanement
OBS,503,Dupont,Hugo,,,,2026-05-27,11:37,difficulte,utilise_document_d
OBS,503,Dupont,Hugo,,,,2026-05-27,11:39,finalisation,verifie_travail
OBS,503,Dupont,Hugo,,,,2026-05-27,11:41,ressources,sollicite_apres_cherche
OBS,503,Bertrand,Malo,,,,2026-05-27,11:04,tutorat,aide_si_sollicite
OBS,503,Bertrand,Malo,,,,2026-05-27,11:06,participation,repond_si_sollicite
OBS,503,Bertrand,Malo,,,,2026-05-27,11:08,difficulte,utilise_document_d
OBS,503,Bertrand,Malo,,,,2026-05-27,11:10,ressources,utilise_document_r
OBS,503,Bertrand,Malo,,,,2026-05-27,11:12,entree,demarre_relance
OBS,503,Moreau,Eliott,,,,2026-05-27,11:48,tutorat,aide_si_sollicite
OBS,503,Moreau,Eliott,,,,2026-05-27,11:50,participation,repond_si_insiste
OBS,503,Moreau,Eliott,,,,2026-05-27,11:52,entree,attend_sans_commencer
OBS,503,Moreau,Eliott,,,,2026-05-27,11:53,difficulte,observe_camarade
OBS,503,Moreau,Eliott,,,,2026-05-27,11:53,ressources,utilise_document_r
SESSION,503,demo_503_202606021100,1780390800000,1780394100000
OBS,503,Marchand,Lea,,,,2026-06-02,11:03,tutorat,refuse_aider
OBS,503,Marchand,Lea,,,,2026-06-02,11:05,participation,repond_si_insiste
OBS,503,Marchand,Lea,,,,2026-06-02,11:07,entree,ne_demarre_pas
OBS,503,Marchand,Lea,,,,2026-06-02,11:09,attention,bavarde_travail
OBS,503,Marchand,Lea,,,,2026-06-02,11:11,difficulte,attend_d
OBS,503,David,Chloe,,,,2026-06-02,11:28,tutorat,donne_reponse_directe
OBS,503,David,Chloe,,,,2026-06-02,11:30,participation,repond_si_insiste
OBS,503,David,Chloe,,,,2026-06-02,11:32,entree,attend_sans_commencer
OBS,503,David,Chloe,,,,2026-06-02,11:34,ressources,attend_professeur
OBS,503,David,Chloe,,,,2026-06-02,11:36,difficulte,observe_camarade
OBS,503,Barbier,Zoe,,,,2026-06-02,11:14,tutorat,explique_camarade
OBS,503,Barbier,Zoe,,,,2026-06-02,11:16,participation,participe_spontanement
OBS,503,Barbier,Zoe,,,,2026-06-02,11:18,difficulte,utilise_document_d
OBS,503,Barbier,Zoe,,,,2026-06-02,11:20,entree,demarre_immediat
OBS,503,Barbier,Zoe,,,,2026-06-02,11:22,attention,reconcentre_seul
OBS,503,Dupont,Hugo,,,,2026-06-02,11:01,tutorat,aide_si_sollicite
OBS,503,Dupont,Hugo,,,,2026-06-02,11:03,participation,repond_si_sollicite
OBS,503,Dupont,Hugo,,,,2026-06-02,11:05,finalisation,verifie_travail
OBS,503,Dupont,Hugo,,,,2026-06-02,11:07,entree,demarre_relance
OBS,503,Bertrand,Malo,,,,2026-06-02,11:10,tutorat,aide_si_sollicite
OBS,503,Bertrand,Malo,,,,2026-06-02,11:12,participation,repond_si_sollicite
OBS,503,Bertrand,Malo,,,,2026-06-02,11:14,entree,demarre_immediat
OBS,503,Bertrand,Malo,,,,2026-06-02,11:16,attention,reconcentre_seul
OBS,503,Bertrand,Malo,,,,2026-06-02,11:18,difficulte,attend_d
OBS,503,Moreau,Eliott,,,,2026-06-02,11:27,tutorat,aide_si_sollicite
OBS,503,Moreau,Eliott,,,,2026-06-02,11:29,participation,repond_si_sollicite
OBS,503,Moreau,Eliott,,,,2026-06-02,11:31,finalisation,activite_incomplete
OBS,503,Moreau,Eliott,,,,2026-06-02,11:33,ressources,sollicite_immediat
SESSION,503,demo_503_202606081100,1780909200000,1780912500000
OBS,503,Marchand,Lea,,,,2026-06-08,11:11,tutorat,refuse_aider
OBS,503,Marchand,Lea,,,,2026-06-08,11:13,participation,ne_participe_pas
OBS,503,Marchand,Lea,,,,2026-06-08,11:15,ressources,attend_correction
OBS,503,Marchand,Lea,,,,2026-06-08,11:17,difficulte,copie_camarade
OBS,503,Marchand,Lea,,,,2026-06-08,11:19,entree,ne_demarre_pas
OBS,503,David,Chloe,,,,2026-06-08,11:33,tutorat,donne_reponse_directe
OBS,503,David,Chloe,,,,2026-06-08,11:35,participation,repond_si_insiste
OBS,503,David,Chloe,,,,2026-06-08,11:37,finalisation,activite_incomplete
OBS,503,David,Chloe,,,,2026-06-08,11:39,ressources,attend_professeur
OBS,503,Barbier,Zoe,,,,2026-06-08,11:48,tutorat,explique_camarade
OBS,503,Barbier,Zoe,,,,2026-06-08,11:50,participation,participe_spontanement
OBS,503,Barbier,Zoe,,,,2026-06-08,11:52,attention,reconcentre_seul
OBS,503,Barbier,Zoe,,,,2026-06-08,11:53,entree,demarre_immediat
OBS,503,Dupont,Hugo,,,,2026-06-08,11:31,tutorat,aide_si_sollicite
OBS,503,Dupont,Hugo,,,,2026-06-08,11:33,participation,repond_si_sollicite
OBS,503,Dupont,Hugo,,,,2026-06-08,11:35,finalisation,corrige_erreur
OBS,503,Dupont,Hugo,,,,2026-06-08,11:37,entree,demarre_immediat
OBS,503,Dupont,Hugo,,,,2026-06-08,11:39,difficulte,cherche_seul
OBS,503,Bertrand,Malo,,,,2026-06-08,11:46,tutorat,aide_si_sollicite
OBS,503,Bertrand,Malo,,,,2026-06-08,11:48,participation,repond_si_sollicite
OBS,503,Bertrand,Malo,,,,2026-06-08,11:50,difficulte,attend_d
OBS,503,Bertrand,Malo,,,,2026-06-08,11:52,attention,distrait_momentanement
OBS,503,Faure,Iris,,,,2026-06-08,11:19,tutorat,aide_si_sollicite
OBS,503,Faure,Iris,,,,2026-06-08,11:21,participation,participe_spontanement
OBS,503,Faure,Iris,,,,2026-06-08,11:23,attention,concentre
OBS,503,Faure,Iris,,,,2026-06-08,11:25,difficulte,utilise_document_d
OBS,503,Faure,Iris,,,,2026-06-08,11:27,ressources,echange_camarade
OBS,503,Moreau,Eliott,,,,2026-06-08,11:07,tutorat,aide_si_sollicite
OBS,503,Moreau,Eliott,,,,2026-06-08,11:09,participation,repond_si_sollicite
OBS,503,Moreau,Eliott,,,,2026-06-08,11:11,entree,demarre_immediat
OBS,503,Moreau,Eliott,,,,2026-06-08,11:13,ressources,sollicite_immediat
OBS,503,Lemoine,Agathe,,,,2026-06-08,11:08,tutorat,aide_si_sollicite
OBS,503,Lemoine,Agathe,,,,2026-06-08,11:10,participation,repond_si_insiste
OBS,503,Lemoine,Agathe,,,,2026-06-08,11:12,ressources,echange_camarade
OBS,503,Lemoine,Agathe,,,,2026-06-08,11:14,attention,distrait_momentanement
SESSION,503,demo_503_202606121100,1781254800000,1781258100000
OBS,503,Marchand,Lea,,,,2026-06-12,11:24,tutorat,donne_reponse_directe
OBS,503,Marchand,Lea,,,,2026-06-12,11:26,participation,ne_participe_pas
OBS,503,Marchand,Lea,,,,2026-06-12,11:28,ressources,attend_professeur
OBS,503,Marchand,Lea,,,,2026-06-12,11:30,finalisation,activite_incomplete
OBS,503,David,Chloe,,,,2026-06-12,11:45,tutorat,refuse_aider
OBS,503,David,Chloe,,,,2026-06-12,11:47,participation,ne_participe_pas
OBS,503,David,Chloe,,,,2026-06-12,11:49,entree,ne_demarre_pas
OBS,503,David,Chloe,,,,2026-06-12,11:51,difficulte,copie_camarade
OBS,503,Barbier,Zoe,,,,2026-06-12,11:04,tutorat,explique_camarade
OBS,503,Barbier,Zoe,,,,2026-06-12,11:06,participation,participe_spontanement
OBS,503,Barbier,Zoe,,,,2026-06-12,11:08,ressources,sollicite_apres_cherche
OBS,503,Barbier,Zoe,,,,2026-06-12,11:10,entree,demarre_immediat
OBS,503,Barbier,Zoe,,,,2026-06-12,11:12,attention,reconcentre_seul
OBS,503,Dupont,Hugo,,,,2026-06-12,11:15,tutorat,explique_camarade
OBS,503,Dupont,Hugo,,,,2026-06-12,11:17,participation,participe_spontanement
OBS,503,Dupont,Hugo,,,,2026-06-12,11:19,ressources,sollicite_apres_cherche
OBS,503,Dupont,Hugo,,,,2026-06-12,11:21,difficulte,utilise_coup_de_pouce
OBS,503,Bertrand,Malo,,,,2026-06-12,11:34,tutorat,aide_si_sollicite
OBS,503,Bertrand,Malo,,,,2026-06-12,11:36,participation,participe_spontanement
OBS,503,Bertrand,Malo,,,,2026-06-12,11:38,attention,concentre
OBS,503,Bertrand,Malo,,,,2026-06-12,11:40,difficulte,utilise_coup_de_pouce
OBS,503,Faure,Iris,,,,2026-06-12,11:48,tutorat,donne_reponse_directe
OBS,503,Faure,Iris,,,,2026-06-12,11:50,participation,repond_si_sollicite
OBS,503,Faure,Iris,,,,2026-06-12,11:52,entree,attend_sans_commencer
OBS,503,Faure,Iris,,,,2026-06-12,11:53,finalisation,activite_incomplete
OBS,503,Faure,Iris,,,,2026-06-12,11:53,attention,bavarde_travail
OBS,503,Moreau,Eliott,,,,2026-06-12,11:06,tutorat,donne_reponse_directe
OBS,503,Moreau,Eliott,,,,2026-06-12,11:08,participation,repond_si_sollicite
OBS,503,Moreau,Eliott,,,,2026-06-12,11:10,entree,attend_sans_commencer
OBS,503,Moreau,Eliott,,,,2026-06-12,11:12,ressources,sollicite_immediat
OBS,503,Moreau,Eliott,,,,2026-06-12,11:14,attention,bavarde_travail
SESSION,503,demo_503_202606181100,1781773200000,1781776500000
OBS,503,Marchand,Lea,,,,2026-06-18,11:29,tutorat,refuse_aider
OBS,503,Marchand,Lea,,,,2026-06-18,11:31,participation,ne_participe_pas
OBS,503,Marchand,Lea,,,,2026-06-18,11:33,finalisation,recopie_correction
OBS,503,Marchand,Lea,,,,2026-06-18,11:35,attention,revasse
OBS,503,David,Chloe,,,,2026-06-18,11:35,tutorat,refuse_aider
OBS,503,David,Chloe,,,,2026-06-18,11:37,participation,ne_participe_pas
OBS,503,David,Chloe,,,,2026-06-18,11:39,difficulte,copie_camarade
OBS,503,David,Chloe,,,,2026-06-18,11:41,ressources,attend_correction
OBS,503,Barbier,Zoe,,,,2026-06-18,11:46,tutorat,explique_camarade
OBS,503,Barbier,Zoe,,,,2026-06-18,11:48,participation,participe_spontanement
OBS,503,Barbier,Zoe,,,,2026-06-18,11:50,ressources,utilise_document_r
OBS,503,Barbier,Zoe,,,,2026-06-18,11:52,finalisation,corrige_erreur
OBS,503,Barbier,Zoe,,,,2026-06-18,11:53,entree,demarre_immediat
OBS,503,Dupont,Hugo,,,,2026-06-18,11:47,tutorat,aide_si_sollicite
OBS,503,Dupont,Hugo,,,,2026-06-18,11:49,participation,repond_si_sollicite
OBS,503,Dupont,Hugo,,,,2026-06-18,11:51,difficulte,demande_aide_pertinente
OBS,503,Dupont,Hugo,,,,2026-06-18,11:53,entree,demarre_relance
OBS,503,Dupont,Hugo,,,,2026-06-18,11:53,ressources,utilise_aides_activite
OBS,503,Bertrand,Malo,,,,2026-06-18,11:21,tutorat,aide_si_sollicite
OBS,503,Bertrand,Malo,,,,2026-06-18,11:23,participation,repond_si_sollicite
OBS,503,Bertrand,Malo,,,,2026-06-18,11:25,finalisation,activite_incomplete
OBS,503,Bertrand,Malo,,,,2026-06-18,11:27,difficulte,observe_camarade
OBS,503,Bertrand,Malo,,,,2026-06-18,11:29,entree,demarre_relance
OBS,503,Moreau,Eliott,,,,2026-06-18,11:27,tutorat,aide_si_sollicite
OBS,503,Moreau,Eliott,,,,2026-06-18,11:29,participation,repond_si_insiste
OBS,503,Moreau,Eliott,,,,2026-06-18,11:31,entree,demarre_relance
OBS,503,Moreau,Eliott,,,,2026-06-18,11:33,ressources,sollicite_apres_cherche
OBS,503,Moreau,Eliott,,,,2026-06-18,11:35,finalisation,activite_terminee
SESSION,503,demo_503_202606241100,1782291600000,1782294900000
OBS,503,David,Chloe,,,,2026-06-24,11:02,tutorat,donne_reponse_directe
OBS,503,David,Chloe,,,,2026-06-24,11:04,participation,repond_si_insiste
OBS,503,David,Chloe,,,,2026-06-24,11:06,finalisation,passe_autre_activite
OBS,503,David,Chloe,,,,2026-06-24,11:08,ressources,sollicite_immediat
OBS,503,David,Chloe,,,,2026-06-24,11:10,attention,distrait_momentanement
OBS,503,Dupont,Hugo,,,,2026-06-24,11:48,tutorat,aide_si_sollicite
OBS,503,Dupont,Hugo,,,,2026-06-24,11:50,participation,participe_spontanement
OBS,503,Dupont,Hugo,,,,2026-06-24,11:52,finalisation,corrige_erreur
OBS,503,Dupont,Hugo,,,,2026-06-24,11:53,attention,concentre
OBS,503,Moreau,Eliott,,,,2026-06-24,11:33,tutorat,donne_reponse_directe
OBS,503,Moreau,Eliott,,,,2026-06-24,11:35,participation,repond_si_sollicite
OBS,503,Moreau,Eliott,,,,2026-06-24,11:37,difficulte,utilise_document_d
OBS,503,Moreau,Eliott,,,,2026-06-24,11:39,ressources,attend_professeur
OBS,503,Moreau,Eliott,,,,2026-06-24,11:41,attention,revasse
SESSION,503,demo_503_202606301100,1782810000000,1782813300000
OBS,503,Marchand,Lea,,,,2026-06-30,11:23,tutorat,refuse_aider
OBS,503,Marchand,Lea,,,,2026-06-30,11:25,participation,ne_participe_pas
OBS,503,Marchand,Lea,,,,2026-06-30,11:27,attention,bavarde_hors_sujet
OBS,503,Marchand,Lea,,,,2026-06-30,11:29,difficulte,copie_correction
OBS,503,Barbier,Zoe,,,,2026-06-30,11:26,tutorat,explique_camarade
OBS,503,Barbier,Zoe,,,,2026-06-30,11:28,participation,participe_spontanement
OBS,503,Barbier,Zoe,,,,2026-06-30,11:30,entree,demarre_immediat
OBS,503,Barbier,Zoe,,,,2026-06-30,11:32,ressources,sollicite_apres_cherche
OBS,503,Dupont,Hugo,,,,2026-06-30,11:48,tutorat,explique_camarade
OBS,503,Dupont,Hugo,,,,2026-06-30,11:50,participation,participe_spontanement
OBS,503,Dupont,Hugo,,,,2026-06-30,11:52,ressources,utilise_document_r
OBS,503,Dupont,Hugo,,,,2026-06-30,11:53,attention,concentre
OBS,503,Dupont,Hugo,,,,2026-06-30,11:53,difficulte,demande_aide_pertinente
OBS,503,Bertrand,Malo,,,,2026-06-30,11:48,tutorat,aide_si_sollicite
OBS,503,Bertrand,Malo,,,,2026-06-30,11:50,participation,repond_si_sollicite
OBS,503,Bertrand,Malo,,,,2026-06-30,11:52,finalisation,passe_autre_activite
OBS,503,Bertrand,Malo,,,,2026-06-30,11:53,difficulte,observe_camarade
OBS,503,Bertrand,Malo,,,,2026-06-30,11:53,attention,distrait_momentanement
OBS,503,Faure,Iris,,,,2026-06-30,11:15,tutorat,aide_si_sollicite
OBS,503,Faure,Iris,,,,2026-06-30,11:17,participation,repond_si_sollicite
OBS,503,Faure,Iris,,,,2026-06-30,11:19,ressources,echange_camarade
OBS,503,Faure,Iris,,,,2026-06-30,11:21,entree,demarre_relance
OBS,503,Faure,Iris,,,,2026-06-30,11:23,finalisation,activite_incomplete
OBS,503,Moreau,Eliott,,,,2026-06-30,11:26,tutorat,donne_reponse_directe
OBS,503,Moreau,Eliott,,,,2026-06-30,11:28,participation,repond_si_sollicite
OBS,503,Moreau,Eliott,,,,2026-06-30,11:30,finalisation,passe_autre_activite
OBS,503,Moreau,Eliott,,,,2026-06-30,11:32,difficulte,attend_d
OBS,503,Lemoine,Agathe,,,,2026-06-30,11:39,tutorat,explique_camarade
OBS,503,Lemoine,Agathe,,,,2026-06-30,11:41,participation,repond_si_sollicite
OBS,503,Lemoine,Agathe,,,,2026-06-30,11:43,difficulte,attend_d
OBS,503,Lemoine,Agathe,,,,2026-06-30,11:45,entree,attend_sans_commencer
SESSION,503,demo_503_202607061100,1783328400000,1783331700000
OBS,503,Marchand,Lea,,,,2026-07-06,11:37,tutorat,donne_reponse_directe
OBS,503,Marchand,Lea,,,,2026-07-06,11:39,participation,repond_si_insiste
OBS,503,Marchand,Lea,,,,2026-07-06,11:41,difficulte,attend_d
OBS,503,Marchand,Lea,,,,2026-07-06,11:43,attention,bavarde_hors_sujet
OBS,503,Marchand,Lea,,,,2026-07-06,11:45,entree,attend_sans_commencer
OBS,503,David,Chloe,,,,2026-07-06,11:28,tutorat,refuse_aider
OBS,503,David,Chloe,,,,2026-07-06,11:30,participation,ne_participe_pas
OBS,503,David,Chloe,,,,2026-07-06,11:32,attention,perturbe_camarade
OBS,503,David,Chloe,,,,2026-07-06,11:34,difficulte,copie_camarade
OBS,503,Barbier,Zoe,,,,2026-07-06,11:26,tutorat,explique_camarade
OBS,503,Barbier,Zoe,,,,2026-07-06,11:28,participation,participe_spontanement
OBS,503,Barbier,Zoe,,,,2026-07-06,11:30,entree,demarre_immediat
OBS,503,Barbier,Zoe,,,,2026-07-06,11:32,difficulte,cherche_seul
OBS,503,Dupont,Hugo,,,,2026-07-06,11:03,tutorat,explique_camarade
OBS,503,Dupont,Hugo,,,,2026-07-06,11:05,participation,participe_spontanement
OBS,503,Dupont,Hugo,,,,2026-07-06,11:07,ressources,echange_camarade
OBS,503,Dupont,Hugo,,,,2026-07-06,11:09,entree,demarre_immediat
OBS,503,Dupont,Hugo,,,,2026-07-06,11:11,difficulte,utilise_document_d
OBS,503,Bertrand,Malo,,,,2026-07-06,11:18,tutorat,explique_camarade
OBS,503,Bertrand,Malo,,,,2026-07-06,11:20,participation,repond_si_sollicite
OBS,503,Bertrand,Malo,,,,2026-07-06,11:22,entree,attend_sans_commencer
OBS,503,Bertrand,Malo,,,,2026-07-06,11:24,difficulte,attend_d
OBS,503,Bertrand,Malo,,,,2026-07-06,11:26,ressources,sollicite_apres_cherche
OBS,503,Faure,Iris,,,,2026-07-06,11:04,tutorat,aide_si_sollicite
OBS,503,Faure,Iris,,,,2026-07-06,11:06,participation,repond_si_sollicite
OBS,503,Faure,Iris,,,,2026-07-06,11:08,ressources,attend_professeur
OBS,503,Faure,Iris,,,,2026-07-06,11:10,finalisation,corrige_erreur
OBS,503,Faure,Iris,,,,2026-07-06,11:12,difficulte,attend_d
OBS,503,Moreau,Eliott,,,,2026-07-06,11:34,tutorat,aide_si_sollicite
OBS,503,Moreau,Eliott,,,,2026-07-06,11:36,participation,repond_si_sollicite
OBS,503,Moreau,Eliott,,,,2026-07-06,11:38,entree,demarre_relance
OBS,503,Moreau,Eliott,,,,2026-07-06,11:40,finalisation,passe_autre_activite
OBS,503,Moreau,Eliott,,,,2026-07-06,11:42,attention,bavarde_travail
ABSENCE,501,demo_501_202509080900,Rousseau,Ines
ABSENCE,501,demo_501_202509080900,Dubois,Lea
ABSENCE,501,demo_501_202509110900,Fontaine,Mohamed
ABSENCE,501,demo_501_202510060900,Richard,Sofia
ABSENCE,501,demo_501_202510090900,Denis,Rayan
ABSENCE,501,demo_501_202510150900,Fontaine,Mohamed
ABSENCE,501,demo_501_202511210900,Fontaine,Mohamed
ABSENCE,501,demo_501_202511260900,Andre,Elsa
ABSENCE,501,demo_501_202512160900,Andre,Elsa
ABSENCE,501,demo_501_202601220900,Dubois,Lea
ABSENCE,501,demo_501_202602180900,Fontaine,Mohamed
ABSENCE,501,demo_501_202603060900,Denis,Rayan
ABSENCE,501,demo_501_202603120900,Fontaine,Mohamed
ABSENCE,501,demo_501_202603180900,Dubois,Lea
ABSENCE,501,demo_501_202604100900,Denis,Rayan
ABSENCE,501,demo_501_202604220900,Andre,Elsa
ABSENCE,501,demo_501_202604220900,Fontaine,Mohamed
ABSENCE,501,demo_501_202604220900,Richard,Sofia
ABSENCE,501,demo_501_202605210900,Andre,Elsa
ABSENCE,501,demo_501_202605210900,Fontaine,Mohamed
ABSENCE,501,demo_501_202606080900,Denis,Rayan
ABSENCE,501,demo_501_202606300900,Fontaine,Mohamed
ABSENCE,502,demo_502_202510011000,Meunier,Mohamed
ABSENCE,502,demo_502_202510151000,Meunier,Mohamed
ABSENCE,502,demo_502_202511171000,Petit,Camille
ABSENCE,502,demo_502_202512051000,Robert,Simon
ABSENCE,502,demo_502_202512161000,Meunier,Mohamed
ABSENCE,502,demo_502_202512191000,Renard,Lola
ABSENCE,502,demo_502_202601081000,Meunier,Mohamed
ABSENCE,502,demo_502_202601081000,Lambert,Enzo
ABSENCE,502,demo_502_202601131000,Meunier,Mohamed
ABSENCE,502,demo_502_202601161000,Lambert,Enzo
ABSENCE,502,demo_502_202602061000,Renard,Lola
ABSENCE,502,demo_502_202602121000,Meunier,Mohamed
ABSENCE,502,demo_502_202602241000,Lambert,Enzo
ABSENCE,502,demo_502_202603061000,Robert,Simon
ABSENCE,502,demo_502_202603061000,Renard,Lola
ABSENCE,502,demo_502_202603121000,Renard,Lola
ABSENCE,502,demo_502_202603181000,Robert,Simon
ABSENCE,502,demo_502_202603311000,Lambert,Enzo
ABSENCE,502,demo_502_202603311000,Vincent,Enzo
ABSENCE,502,demo_502_202603311000,Robert,Simon
ABSENCE,502,demo_502_202603311000,Renard,Lola
ABSENCE,502,demo_502_202604101000,Meunier,Mohamed
ABSENCE,502,demo_502_202604161000,Renard,Lola
ABSENCE,502,demo_502_202605041000,Robert,Simon
ABSENCE,502,demo_502_202605211000,Petit,Camille
ABSENCE,502,demo_502_202606081000,Petit,Camille
ABSENCE,502,demo_502_202606081000,Simon,Liam
ABSENCE,502,demo_502_202606181000,Simon,Liam
ABSENCE,503,demo_503_202511071100,Barbier,Zoe
ABSENCE,503,demo_503_202512101100,Aubert,Julia
ABSENCE,503,demo_503_202512101100,Marchand,Lea
ABSENCE,503,demo_503_202512191100,Moreau,Eliott
ABSENCE,503,demo_503_202601131100,Aubert,Julia
ABSENCE,503,demo_503_202601161100,Marchand,Lea
ABSENCE,503,demo_503_202601221100,Bertrand,Malo
ABSENCE,503,demo_503_202602021100,Bertrand,Malo
ABSENCE,503,demo_503_202603021100,Barbier,Zoe
ABSENCE,503,demo_503_202603061100,Bertrand,Malo
ABSENCE,503,demo_503_202603121100,Aubert,Julia
ABSENCE,503,demo_503_202603121100,Barbier,Zoe
ABSENCE,503,demo_503_202603181100,Bertrand,Malo
ABSENCE,503,demo_503_202604061100,Dupont,Hugo
ABSENCE,503,demo_503_202604101100,Marchand,Lea
ABSENCE,503,demo_503_202605081100,David,Chloe
ABSENCE,503,demo_503_202605081100,Dupont,Hugo
ABSENCE,503,demo_503_202605081100,Lemoine,Agathe
ABSENCE,503,demo_503_202605141100,Bertrand,Malo
ABSENCE,503,demo_503_202605211100,Bertrand,Malo
ABSENCE,503,demo_503_202605271100,Marchand,Lea
ABSENCE,503,demo_503_202606021100,Lemoine,Agathe
ABSENCE,503,demo_503_202606241100,Bertrand,Malo
OBJECTIF,501,Denis,Rayan,75,100,100,100,75,100,75
OBJECTIF,501,Rousseau,Ines,25,25,50,50,25,25,25
OBJECTIF,501,Andre,Elsa,100,100,100,100,100,100,100
OBJECTIF,501,Dubois,Lea,100,100,100,100,100,100,100
OBJECTIF,501,Fontaine,Mohamed,100,50,75,75,75,75,100
OBJECTIF,501,Richard,Sofia,25,25,25,50,25,50,25
OBJECTIF,502,Petit,Camille,50,50,50,100,50,50,75
OBJECTIF,502,Simon,Liam,50,75,100,75,100,50,75
OBJECTIF,502,Meunier,Mohamed,50,75,50,50,25,25,50
OBJECTIF,502,Lambert,Enzo,50,50,50,50,75,50,50
OBJECTIF,502,Vincent,Enzo,100,100,75,100,100,100,75
OBJECTIF,502,Robert,Simon,100,100,100,75,75,100,100
OBJECTIF,502,Robin,Liam,75,100,50,75,50,100,50
OBJECTIF,502,Renard,Lola,75,75,100,100,100,100,100
OBJECTIF,503,Aubert,Julia,100,100,100,100,100,75,100
OBJECTIF,503,Marchand,Lea,25,25,25,25,25,25,25
OBJECTIF,503,David,Chloe,25,25,25,50,50,25,25
OBJECTIF,503,Barbier,Zoe,100,75,100,100,75,100,75
OBJECTIF,503,Dupont,Hugo,100,100,100,100,100,100,100
OBJECTIF,503,Bertrand,Malo,100,100,100,75,75,75,100
OBJECTIF,503,Faure,Iris,100,100,75,100,75,100,100
OBJECTIF,503,Moreau,Eliott,100,100,100,100,100,100,100
OBJECTIF,503,Lemoine,Agathe,50,25,50,50,50,50,25
