type,classe,nom,prenom,naissance,sexe,statut,date,heure,categorie,fait
META,2025/2026,semestre,2025-09-01,2026-01-31,2026-02-01,2026-08-31,,
ELEVE,402,Moreau,Ines,18/07/2010,Feminin,actif,,,,
ELEVE,402,Andre,Nolan,19/11/2011,Masculin,actif,,,,
ELEVE,402,Robert,Elsa,01/12/2012,Feminin,actif,,,,
ELEVE,402,Renard,Milo,20/12/2010,Masculin,actif,,,,
ELEVE,402,Denis,Emma,04/11/2011,Feminin,actif,,,,
ELEVE,402,Dupont,Chloe,14/10/2010,Feminin,actif,,,,
ELEVE,402,Marchand,Adam,12/03/2011,Masculin,actif,,,,
ELEVE,402,Lefebvre,Lea,20/04/2010,Feminin,actif,,,,
ELEVE,402,Guerin,Malo,07/03/2012,Masculin,actif,,,,
ELEVE,402,Dumas,Yanis,02/01/2011,Masculin,actif,,,,
ELEVE,402,Garcia,Enzo,23/06/2012,Masculin,actif,,,,
ELEVE,402,Laurent,Lina,08/09/2012,Feminin,actif,,,,
ELEVE,402,Dubois,Timeo,24/11/2011,Masculin,actif,,,,
ELEVE,402,Vincent,Lucie,05/02/2012,Feminin,actif,,,,
ELEVE,402,Blanc,Rafael,09/02/2010,Masculin,actif,,,,
ELEVE,402,Mercier,Chloe,07/09/2012,Feminin,actif,,,,
ELEVE,402,Richard,Rayan,20/06/2012,Masculin,actif,,,,
ELEVE,402,Bernard,Timeo,26/08/2011,Masculin,actif,,,,
ELEVE,402,Faure,Timeo,10/09/2012,Masculin,actif,,,,
ELEVE,402,Fournier,Milo,27/02/2011,Masculin,actif,,,,
ELEVE,402,Roux,Nina,03/04/2011,Feminin,actif,,,,
ELEVE,402,David,Adam,04/02/2010,Masculin,actif,,,,
ELEVE,402,Michel,Agathe,07/09/2011,Feminin,actif,,,,
ELEVE,402,Meunier,Axel,28/02/2011,Masculin,actif,,,,
ELEVE,402,Perrin,Ines,26/09/2012,Feminin,actif,,,,
ELEVE,402,Bertrand,Agathe,03/08/2010,Feminin,actif,,,,
ELEVE,402,Sanchez,Iris,05/03/2012,Feminin,actif,,,,
ELEVE,402,Muller,Louise,24/10/2011,Feminin,actif,,,,
ELEVE,402,Girard,Rafael,26/08/2010,Masculin,actif,,,,
ELEVE,402,Lemoine,Louis,24/08/2010,Masculin,actif,,,,
SESSION,402,demo_402_202509080900,1757314800000,1757318100000
OBS,402,Moreau,Ines,,,,2025-09-08,09:30,tutorat,aide_si_sollicite
OBS,402,Moreau,Ines,,,,2025-09-08,09:32,participation,repond_si_insiste
OBS,402,Moreau,Ines,,,,2025-09-08,09:34,difficulte,attend_d
OBS,402,Moreau,Ines,,,,2025-09-08,09:36,attention,concentre
OBS,402,Moreau,Ines,,,,2025-09-08,09:38,ressources,attend_professeur
OBS,402,Andre,Nolan,,,,2025-09-08,09:40,tutorat,refuse_aider
OBS,402,Andre,Nolan,,,,2025-09-08,09:42,participation,ne_participe_pas
OBS,402,Andre,Nolan,,,,2025-09-08,09:44,attention,bavarde_hors_sujet
OBS,402,Andre,Nolan,,,,2025-09-08,09:46,difficulte,copie_camarade
OBS,402,Robert,Elsa,,,,2025-09-08,09:39,tutorat,explique_camarade
OBS,402,Robert,Elsa,,,,2025-09-08,09:41,participation,participe_spontanement
OBS,402,Robert,Elsa,,,,2025-09-08,09:43,attention,distrait_momentanement
OBS,402,Robert,Elsa,,,,2025-09-08,09:45,finalisation,activite_terminee
OBS,402,Renard,Milo,,,,2025-09-08,09:02,tutorat,aide_si_sollicite
OBS,402,Renard,Milo,,,,2025-09-08,09:04,participation,repond_si_insiste
OBS,402,Renard,Milo,,,,2025-09-08,09:06,finalisation,passe_autre_activite
OBS,402,Renard,Milo,,,,2025-09-08,09:08,ressources,attend_professeur
OBS,402,Renard,Milo,,,,2025-09-08,09:10,attention,distrait_momentanement
OBS,402,Denis,Emma,,,,2025-09-08,09:13,tutorat,refuse_aider
OBS,402,Denis,Emma,,,,2025-09-08,09:15,participation,repond_si_insiste
OBS,402,Denis,Emma,,,,2025-09-08,09:17,difficulte,copie_camarade
OBS,402,Denis,Emma,,,,2025-09-08,09:19,finalisation,recopie_correction
OBS,402,Marchand,Adam,,,,2025-09-08,09:19,tutorat,aide_si_sollicite
OBS,402,Marchand,Adam,,,,2025-09-08,09:21,participation,repond_si_insiste
OBS,402,Marchand,Adam,,,,2025-09-08,09:23,attention,reconcentre_seul
OBS,402,Marchand,Adam,,,,2025-09-08,09:25,finalisation,activite_incomplete
OBS,402,Lefebvre,Lea,,,,2025-09-08,09:09,tutorat,explique_camarade
OBS,402,Lefebvre,Lea,,,,2025-09-08,09:11,participation,repond_si_sollicite
OBS,402,Lefebvre,Lea,,,,2025-09-08,09:13,ressources,attend_professeur
OBS,402,Lefebvre,Lea,,,,2025-09-08,09:15,entree,demarre_relance
OBS,402,Lefebvre,Lea,,,,2025-09-08,09:17,finalisation,verifie_travail
OBS,402,Guerin,Malo,,,,2025-09-08,09:15,tutorat,refuse_aider
OBS,402,Guerin,Malo,,,,2025-09-08,09:17,participation,repond_si_insiste
OBS,402,Guerin,Malo,,,,2025-09-08,09:19,ressources,attend_professeur
OBS,402,Guerin,Malo,,,,2025-09-08,09:21,finalisation,recopie_correction
OBS,402,Guerin,Malo,,,,2025-09-08,09:23,difficulte,copie_camarade
OBS,402,Dumas,Yanis,,,,2025-09-08,09:34,tutorat,aide_si_sollicite
OBS,402,Dumas,Yanis,,,,2025-09-08,09:36,participation,repond_si_sollicite
OBS,402,Dumas,Yanis,,,,2025-09-08,09:38,finalisation,verifie_travail
OBS,402,Dumas,Yanis,,,,2025-09-08,09:40,difficulte,attend_d
OBS,402,Dumas,Yanis,,,,2025-09-08,09:42,ressources,sollicite_immediat
OBS,402,Garcia,Enzo,,,,2025-09-08,09:28,tutorat,aide_si_sollicite
OBS,402,Garcia,Enzo,,,,2025-09-08,09:30,participation,repond_si_sollicite
OBS,402,Garcia,Enzo,,,,2025-09-08,09:32,attention,bavarde_travail
OBS,402,Garcia,Enzo,,,,2025-09-08,09:34,finalisation,passe_autre_activite
OBS,402,Dubois,Timeo,,,,2025-09-08,09:08,tutorat,refuse_aider
OBS,402,Dubois,Timeo,,,,2025-09-08,09:10,participation,repond_si_insiste
OBS,402,Dubois,Timeo,,,,2025-09-08,09:12,finalisation,recopie_correction
OBS,402,Dubois,Timeo,,,,2025-09-08,09:14,difficulte,copie_correction
OBS,402,Vincent,Lucie,,,,2025-09-08,09:27,tutorat,aide_si_sollicite
OBS,402,Vincent,Lucie,,,,2025-09-08,09:29,participation,repond_si_sollicite
OBS,402,Vincent,Lucie,,,,2025-09-08,09:31,difficulte,utilise_document_d
OBS,402,Vincent,Lucie,,,,2025-09-08,09:33,entree,demarre_relance
OBS,402,Vincent,Lucie,,,,2025-09-08,09:35,attention,reconcentre_seul
OBS,402,Blanc,Rafael,,,,2025-09-08,09:26,tutorat,aide_si_sollicite
OBS,402,Blanc,Rafael,,,,2025-09-08,09:28,participation,repond_si_insiste
OBS,402,Blanc,Rafael,,,,2025-09-08,09:30,entree,attend_sans_commencer
OBS,402,Blanc,Rafael,,,,2025-09-08,09:32,finalisation,passe_autre_activite
OBS,402,Blanc,Rafael,,,,2025-09-08,09:34,ressources,attend_professeur
OBS,402,Mercier,Chloe,,,,2025-09-08,09:29,tutorat,explique_camarade
OBS,402,Mercier,Chloe,,,,2025-09-08,09:31,participation,participe_spontanement
OBS,402,Mercier,Chloe,,,,2025-09-08,09:33,difficulte,attend_d
OBS,402,Mercier,Chloe,,,,2025-09-08,09:35,attention,reconcentre_seul
OBS,402,Mercier,Chloe,,,,2025-09-08,09:37,finalisation,verifie_travail
OBS,402,Richard,Rayan,,,,2025-09-08,09:12,tutorat,refuse_aider
OBS,402,Richard,Rayan,,,,2025-09-08,09:14,participation,repond_si_insiste
OBS,402,Richard,Rayan,,,,2025-09-08,09:16,attention,bavarde_hors_sujet
OBS,402,Richard,Rayan,,,,2025-09-08,09:18,entree,attend_sans_commencer
OBS,402,Bernard,Timeo,,,,2025-09-08,09:26,tutorat,donne_reponse_directe
OBS,402,Bernard,Timeo,,,,2025-09-08,09:28,participation,repond_si_insiste
OBS,402,Bernard,Timeo,,,,2025-09-08,09:30,entree,demarre_relance
OBS,402,Bernard,Timeo,,,,2025-09-08,09:32,ressources,sollicite_immediat
OBS,402,David,Adam,,,,2025-09-08,09:14,tutorat,donne_reponse_directe
OBS,402,David,Adam,,,,2025-09-08,09:16,participation,repond_si_sollicite
OBS,402,David,Adam,,,,2025-09-08,09:18,finalisation,passe_autre_activite
OBS,402,David,Adam,,,,2025-09-08,09:20,attention,bavarde_travail
OBS,402,Michel,Agathe,,,,2025-09-08,09:34,tutorat,refuse_aider
OBS,402,Michel,Agathe,,,,2025-09-08,09:36,participation,ne_participe_pas
OBS,402,Michel,Agathe,,,,2025-09-08,09:38,attention,bavarde_travail
OBS,402,Michel,Agathe,,,,2025-09-08,09:40,finalisation,recopie_correction
OBS,402,Meunier,Axel,,,,2025-09-08,09:39,tutorat,donne_reponse_directe
OBS,402,Meunier,Axel,,,,2025-09-08,09:41,participation,repond_si_insiste
OBS,402,Meunier,Axel,,,,2025-09-08,09:43,ressources,attend_professeur
OBS,402,Perrin,Ines,,,,2025-09-08,09:30,tutorat,explique_camarade
OBS,402,Perrin,Ines,,,,2025-09-08,09:32,participation,participe_spontanement
OBS,402,Perrin,Ines,,,,2025-09-08,09:34,difficulte,attend_d
OBS,402,Perrin,Ines,,,,2025-09-08,09:36,attention,reconcentre_seul
OBS,402,Perrin,Ines,,,,2025-09-08,09:38,ressources,attend_professeur
OBS,402,Muller,Louise,,,,2025-09-08,09:16,tutorat,refuse_aider
OBS,402,Muller,Louise,,,,2025-09-08,09:18,participation,ne_participe_pas
OBS,402,Muller,Louise,,,,2025-09-08,09:20,finalisation,recopie_correction
OBS,402,Muller,Louise,,,,2025-09-08,09:22,difficulte,copie_correction
OBS,402,Girard,Rafael,,,,2025-09-08,09:03,tutorat,aide_si_sollicite
OBS,402,Girard,Rafael,,,,2025-09-08,09:05,participation,repond_si_sollicite
OBS,402,Girard,Rafael,,,,2025-09-08,09:07,attention,distrait_momentanement
OBS,402,Girard,Rafael,,,,2025-09-08,09:09,entree,demarre_immediat
OBS,402,Lemoine,Louis,,,,2025-09-08,09:47,tutorat,refuse_aider
OBS,402,Lemoine,Louis,,,,2025-09-08,09:49,participation,ne_participe_pas
OBS,402,Lemoine,Louis,,,,2025-09-08,09:51,difficulte,copie_correction
OBS,402,Lemoine,Louis,,,,2025-09-08,09:53,attention,bavarde_hors_sujet
OBS,402,Lemoine,Louis,,,,2025-09-08,09:53,finalisation,recopie_correction
SESSION,402,demo_402_202509100900,1757487600000,1757490900000
OBS,402,Moreau,Ines,,,,2025-09-10,09:24,tutorat,donne_reponse_directe
OBS,402,Moreau,Ines,,,,2025-09-10,09:26,participation,repond_si_sollicite
OBS,402,Moreau,Ines,,,,2025-09-10,09:28,ressources,attend_professeur
OBS,402,Moreau,Ines,,,,2025-09-10,09:30,attention,bavarde_travail
OBS,402,Moreau,Ines,,,,2025-09-10,09:32,difficulte,utilise_document_d
OBS,402,Andre,Nolan,,,,2025-09-10,09:04,tutorat,refuse_aider
OBS,402,Andre,Nolan,,,,2025-09-10,09:06,participation,repond_si_insiste
OBS,402,Andre,Nolan,,,,2025-09-10,09:08,finalisation,recopie_correction
OBS,402,Andre,Nolan,,,,2025-09-10,09:10,entree,attend_sans_commencer
OBS,402,Robert,Elsa,,,,2025-09-10,09:26,tutorat,explique_camarade
OBS,402,Robert,Elsa,,,,2025-09-10,09:28,participation,participe_spontanement
OBS,402,Robert,Elsa,,,,2025-09-10,09:30,finalisation,activite_terminee
OBS,402,Robert,Elsa,,,,2025-09-10,09:32,entree,demarre_immediat
OBS,402,Dupont,Chloe,,,,2025-09-10,09:03,tutorat,aide_si_sollicite
OBS,402,Dupont,Chloe,,,,2025-09-10,09:05,participation,repond_si_sollicite
OBS,402,Dupont,Chloe,,,,2025-09-10,09:07,entree,demarre_relance
OBS,402,Dupont,Chloe,,,,2025-09-10,09:09,ressources,attend_professeur
OBS,402,Lefebvre,Lea,,,,2025-09-10,09:04,tutorat,donne_reponse_directe
OBS,402,Lefebvre,Lea,,,,2025-09-10,09:06,participation,repond_si_insiste
OBS,402,Lefebvre,Lea,,,,2025-09-10,09:08,finalisation,passe_autre_activite
OBS,402,Lefebvre,Lea,,,,2025-09-10,09:10,entree,ne_demarre_pas
OBS,402,Lefebvre,Lea,,,,2025-09-10,09:12,difficulte,attend_d
OBS,402,Dumas,Yanis,,,,2025-09-10,09:35,tutorat,aide_si_sollicite
OBS,402,Dumas,Yanis,,,,2025-09-10,09:37,participation,repond_si_sollicite
OBS,402,Dumas,Yanis,,,,2025-09-10,09:39,attention,bavarde_travail
OBS,402,Dumas,Yanis,,,,2025-09-10,09:41,ressources,attend_professeur
OBS,402,Dumas,Yanis,,,,2025-09-10,09:43,difficulte,utilise_coup_de_pouce
OBS,402,Garcia,Enzo,,,,2025-09-10,09:11,tutorat,aide_si_sollicite
OBS,402,Garcia,Enzo,,,,2025-09-10,09:13,participation,repond_si_sollicite
OBS,402,Garcia,Enzo,,,,2025-09-10,09:15,finalisation,passe_autre_activite
OBS,402,Garcia,Enzo,,,,2025-09-10,09:17,ressources,attend_professeur
OBS,402,Garcia,Enzo,,,,2025-09-10,09:19,difficulte,cherche_seul
OBS,402,Laurent,Lina,,,,2025-09-10,09:46,tutorat,donne_reponse_directe
OBS,402,Laurent,Lina,,,,2025-09-10,09:48,participation,repond_si_sollicite
OBS,402,Laurent,Lina,,,,2025-09-10,09:50,ressources,attend_professeur
OBS,402,Laurent,Lina,,,,2025-09-10,09:52,entree,attend_sans_commencer
OBS,402,Laurent,Lina,,,,2025-09-10,09:53,attention,distrait_momentanement
OBS,402,Dubois,Timeo,,,,2025-09-10,09:48,tutorat,refuse_aider
OBS,402,Dubois,Timeo,,,,2025-09-10,09:50,participation,ne_participe_pas
OBS,402,Dubois,Timeo,,,,2025-09-10,09:52,finalisation,recopie_correction
OBS,402,Dubois,Timeo,,,,2025-09-10,09:53,entree,ne_demarre_pas
OBS,402,Dubois,Timeo,,,,2025-09-10,09:53,attention,perturbe_camarade
OBS,402,Vincent,Lucie,,,,2025-09-10,09:48,tutorat,explique_camarade
OBS,402,Vincent,Lucie,,,,2025-09-10,09:50,participation,repond_si_sollicite
OBS,402,Vincent,Lucie,,,,2025-09-10,09:52,difficulte,cherche_seul
OBS,402,Vincent,Lucie,,,,2025-09-10,09:53,entree,demarre_relance
OBS,402,Vincent,Lucie,,,,2025-09-10,09:53,finalisation,activite_terminee
OBS,402,Blanc,Rafael,,,,2025-09-10,09:08,tutorat,explique_camarade
OBS,402,Blanc,Rafael,,,,2025-09-10,09:10,participation,repond_si_sollicite
OBS,402,Blanc,Rafael,,,,2025-09-10,09:12,finalisation,activite_terminee
OBS,402,Blanc,Rafael,,,,2025-09-10,09:14,attention,reconcentre_seul
OBS,402,Bernard,Timeo,,,,2025-09-10,09:48,tutorat,aide_si_sollicite
OBS,402,Bernard,Timeo,,,,2025-09-10,09:50,participation,participe_spontanement
OBS,402,Bernard,Timeo,,,,2025-09-10,09:52,finalisation,corrige_erreur
OBS,402,Bernard,Timeo,,,,2025-09-10,09:53,difficulte,observe_camarade
OBS,402,Faure,Timeo,,,,2025-09-10,09:11,tutorat,donne_reponse_directe
OBS,402,Faure,Timeo,,,,2025-09-10,09:13,participation,repond_si_insiste
OBS,402,Faure,Timeo,,,,2025-09-10,09:15,entree,attend_sans_commencer
OBS,402,Faure,Timeo,,,,2025-09-10,09:17,finalisation,recopie_correction
OBS,402,Fournier,Milo,,,,2025-09-10,09:24,tutorat,refuse_aider
OBS,402,Fournier,Milo,,,,2025-09-10,09:26,participation,ne_participe_pas
OBS,402,Fournier,Milo,,,,2025-09-10,09:28,ressources,attend_correction
OBS,402,Fournier,Milo,,,,2025-09-10,09:30,difficulte,copie_camarade
OBS,402,Roux,Nina,,,,2025-09-10,09:42,tutorat,aide_si_sollicite
OBS,402,Roux,Nina,,,,2025-09-10,09:44,participation,participe_spontanement
OBS,402,Roux,Nina,,,,2025-09-10,09:46,ressources,utilise_document_r
OBS,402,Roux,Nina,,,,2025-09-10,09:48,difficulte,demande_aide_pertinente
OBS,402,Roux,Nina,,,,2025-09-10,09:50,entree,demarre_relance
OBS,402,David,Adam,,,,2025-09-10,09:21,tutorat,aide_si_sollicite
OBS,402,David,Adam,,,,2025-09-10,09:23,participation,repond_si_sollicite
OBS,402,David,Adam,,,,2025-09-10,09:25,finalisation,passe_autre_activite
OBS,402,David,Adam,,,,2025-09-10,09:27,attention,concentre
OBS,402,David,Adam,,,,2025-09-10,09:29,difficulte,attend_d
OBS,402,Michel,Agathe,,,,2025-09-10,09:36,tutorat,donne_reponse_directe
OBS,402,Michel,Agathe,,,,2025-09-10,09:38,participation,ne_participe_pas
OBS,402,Michel,Agathe,,,,2025-09-10,09:40,finalisation,recopie_correction
OBS,402,Michel,Agathe,,,,2025-09-10,09:42,attention,bavarde_travail
OBS,402,Sanchez,Iris,,,,2025-09-10,09:32,tutorat,aide_si_sollicite
OBS,402,Sanchez,Iris,,,,2025-09-10,09:34,participation,participe_spontanement
OBS,402,Sanchez,Iris,,,,2025-09-10,09:36,entree,demarre_immediat
OBS,402,Sanchez,Iris,,,,2025-09-10,09:38,finalisation,activite_terminee
OBS,402,Sanchez,Iris,,,,2025-09-10,09:40,attention,reconcentre_seul
OBS,402,Muller,Louise,,,,2025-09-10,09:20,tutorat,refuse_aider
OBS,402,Muller,Louise,,,,2025-09-10,09:22,participation,ne_participe_pas
OBS,402,Muller,Louise,,,,2025-09-10,09:24,finalisation,recopie_correction
OBS,402,Muller,Louise,,,,2025-09-10,09:26,difficulte,copie_correction
OBS,402,Girard,Rafael,,,,2025-09-10,09:38,tutorat,aide_si_sollicite
OBS,402,Girard,Rafael,,,,2025-09-10,09:40,participation,repond_si_sollicite
OBS,402,Girard,Rafael,,,,2025-09-10,09:42,entree,attend_sans_commencer
OBS,402,Girard,Rafael,,,,2025-09-10,09:44,ressources,attend_professeur
OBS,402,Lemoine,Louis,,,,2025-09-10,09:26,tutorat,refuse_aider
OBS,402,Lemoine,Louis,,,,2025-09-10,09:28,participation,ne_participe_pas
OBS,402,Lemoine,Louis,,,,2025-09-10,09:30,entree,ne_demarre_pas
OBS,402,Lemoine,Louis,,,,2025-09-10,09:32,difficulte,copie_correction
SESSION,402,demo_402_202509150900,1757919600000,1757922900000
OBS,402,Moreau,Ines,,,,2025-09-15,09:47,tutorat,aide_si_sollicite
OBS,402,Moreau,Ines,,,,2025-09-15,09:49,participation,repond_si_sollicite
OBS,402,Moreau,Ines,,,,2025-09-15,09:51,entree,demarre_relance
OBS,402,Moreau,Ines,,,,2025-09-15,09:53,ressources,attend_professeur
OBS,402,Andre,Nolan,,,,2025-09-15,09:19,tutorat,refuse_aider
OBS,402,Andre,Nolan,,,,2025-09-15,09:21,participation,repond_si_insiste
OBS,402,Andre,Nolan,,,,2025-09-15,09:23,entree,attend_sans_commencer
OBS,402,Andre,Nolan,,,,2025-09-15,09:25,finalisation,recopie_correction
OBS,402,Robert,Elsa,,,,2025-09-15,09:46,tutorat,explique_camarade
OBS,402,Robert,Elsa,,,,2025-09-15,09:48,participation,participe_spontanement
OBS,402,Robert,Elsa,,,,2025-09-15,09:50,attention,concentre
OBS,402,Robert,Elsa,,,,2025-09-15,09:52,entree,demarre_relance
OBS,402,Robert,Elsa,,,,2025-09-15,09:53,difficulte,demande_aide_pertinente
OBS,402,Renard,Milo,,,,2025-09-15,09:27,tutorat,refuse_aider
OBS,402,Renard,Milo,,,,2025-09-15,09:29,participation,ne_participe_pas
OBS,402,Renard,Milo,,,,2025-09-15,09:31,ressources,attend_correction
OBS,402,Renard,Milo,,,,2025-09-15,09:33,attention,perturbe_camarade
OBS,402,Denis,Emma,,,,2025-09-15,09:29,tutorat,refuse_aider
OBS,402,Denis,Emma,,,,2025-09-15,09:31,participation,repond_si_insiste
OBS,402,Denis,Emma,,,,2025-09-15,09:33,entree,attend_sans_commencer
OBS,402,Denis,Emma,,,,2025-09-15,09:35,attention,bavarde_hors_sujet
OBS,402,Dupont,Chloe,,,,2025-09-15,09:01,tutorat,aide_si_sollicite
OBS,402,Dupont,Chloe,,,,2025-09-15,09:03,participation,participe_spontanement
OBS,402,Dupont,Chloe,,,,2025-09-15,09:05,entree,demarre_relance
OBS,402,Dupont,Chloe,,,,2025-09-15,09:07,difficulte,utilise_document_d
OBS,402,Marchand,Adam,,,,2025-09-15,09:07,tutorat,aide_si_sollicite
OBS,402,Marchand,Adam,,,,2025-09-15,09:09,participation,repond_si_sollicite
OBS,402,Marchand,Adam,,,,2025-09-15,09:11,attention,distrait_momentanement
OBS,402,Marchand,Adam,,,,2025-09-15,09:13,entree,demarre_relance
OBS,402,Marchand,Adam,,,,2025-09-15,09:15,difficulte,demande_aide_pertinente
OBS,402,Guerin,Malo,,,,2025-09-15,09:04,tutorat,refuse_aider
OBS,402,Guerin,Malo,,,,2025-09-15,09:06,participation,ne_participe_pas
OBS,402,Guerin,Malo,,,,2025-09-15,09:08,entree,ne_demarre_pas
OBS,402,Guerin,Malo,,,,2025-09-15,09:10,difficulte,copie_camarade
OBS,402,Laurent,Lina,,,,2025-09-15,09:13,tutorat,explique_camarade
OBS,402,Laurent,Lina,,,,2025-09-15,09:15,participation,repond_si_sollicite
OBS,402,Laurent,Lina,,,,2025-09-15,09:17,attention,reconcentre_seul
OBS,402,Laurent,Lina,,,,2025-09-15,09:19,ressources,echange_camarade
OBS,402,Dubois,Timeo,,,,2025-09-15,09:22,tutorat,refuse_aider
OBS,402,Dubois,Timeo,,,,2025-09-15,09:24,participation,ne_participe_pas
OBS,402,Dubois,Timeo,,,,2025-09-15,09:26,difficulte,copie_camarade
OBS,402,Dubois,Timeo,,,,2025-09-15,09:28,ressources,attend_correction
OBS,402,Vincent,Lucie,,,,2025-09-15,09:01,tutorat,aide_si_sollicite
OBS,402,Vincent,Lucie,,,,2025-09-15,09:03,participation,participe_spontanement
OBS,402,Vincent,Lucie,,,,2025-09-15,09:05,entree,demarre_immediat
OBS,402,Vincent,Lucie,,,,2025-09-15,09:07,difficulte,demande_aide_pertinente
OBS,402,Blanc,Rafael,,,,2025-09-15,09:36,tutorat,donne_reponse_directe
OBS,402,Blanc,Rafael,,,,2025-09-15,09:38,participation,repond_si_insiste
OBS,402,Blanc,Rafael,,,,2025-09-15,09:40,ressources,attend_correction
OBS,402,Blanc,Rafael,,,,2025-09-15,09:42,difficulte,observe_camarade
OBS,402,Fournier,Milo,,,,2025-09-15,09:28,tutorat,refuse_aider
OBS,402,Fournier,Milo,,,,2025-09-15,09:30,participation,ne_participe_pas
OBS,402,Fournier,Milo,,,,2025-09-15,09:32,ressources,attend_correction
OBS,402,Fournier,Milo,,,,2025-09-15,09:34,attention,perturbe_camarade
OBS,402,Roux,Nina,,,,2025-09-15,09:18,tutorat,donne_reponse_directe
OBS,402,Roux,Nina,,,,2025-09-15,09:20,participation,repond_si_sollicite
OBS,402,Roux,Nina,,,,2025-09-15,09:22,ressources,attend_professeur
OBS,402,Roux,Nina,,,,2025-09-15,09:24,attention,bavarde_travail
OBS,402,David,Adam,,,,2025-09-15,09:08,tutorat,explique_camarade
OBS,402,David,Adam,,,,2025-09-15,09:10,participation,participe_spontanement
OBS,402,David,Adam,,,,2025-09-15,09:12,entree,demarre_immediat
OBS,402,David,Adam,,,,2025-09-15,09:14,attention,concentre
OBS,402,David,Adam,,,,2025-09-15,09:16,difficulte,cherche_seul
OBS,402,Perrin,Ines,,,,2025-09-15,09:28,tutorat,donne_reponse_directe
OBS,402,Perrin,Ines,,,,2025-09-15,09:30,participation,repond_si_insiste
OBS,402,Perrin,Ines,,,,2025-09-15,09:32,attention,distrait_momentanement
OBS,402,Perrin,Ines,,,,2025-09-15,09:34,difficulte,attend_d
OBS,402,Perrin,Ines,,,,2025-09-15,09:36,finalisation,activite_incomplete
OBS,402,Bertrand,Agathe,,,,2025-09-15,09:24,tutorat,aide_si_sollicite
OBS,402,Bertrand,Agathe,,,,2025-09-15,09:26,participation,participe_spontanement
OBS,402,Bertrand,Agathe,,,,2025-09-15,09:28,difficulte,observe_camarade
OBS,402,Sanchez,Iris,,,,2025-09-15,09:20,tutorat,aide_si_sollicite
OBS,402,Sanchez,Iris,,,,2025-09-15,09:22,participation,repond_si_sollicite
OBS,402,Sanchez,Iris,,,,2025-09-15,09:24,difficulte,utilise_coup_de_pouce
OBS,402,Sanchez,Iris,,,,2025-09-15,09:26,finalisation,corrige_erreur
OBS,402,Sanchez,Iris,,,,2025-09-15,09:28,ressources,sollicite_apres_cherche
OBS,402,Muller,Louise,,,,2025-09-15,09:33,tutorat,refuse_aider
OBS,402,Muller,Louise,,,,2025-09-15,09:35,participation,ne_participe_pas
OBS,402,Muller,Louise,,,,2025-09-15,09:37,attention,bavarde_hors_sujet
OBS,402,Muller,Louise,,,,2025-09-15,09:39,finalisation,activite_incomplete
OBS,402,Lemoine,Louis,,,,2025-09-15,09:19,tutorat,refuse_aider
OBS,402,Lemoine,Louis,,,,2025-09-15,09:21,participation,ne_participe_pas
OBS,402,Lemoine,Louis,,,,2025-09-15,09:23,attention,revasse
OBS,402,Lemoine,Louis,,,,2025-09-15,09:25,entree,ne_demarre_pas
SESSION,402,demo_402_202509180900,1758178800000,1758182100000
OBS,402,Moreau,Ines,,,,2025-09-18,09:43,tutorat,donne_reponse_directe
OBS,402,Moreau,Ines,,,,2025-09-18,09:45,participation,participe_spontanement
OBS,402,Moreau,Ines,,,,2025-09-18,09:47,attention,bavarde_travail
OBS,402,Moreau,Ines,,,,2025-09-18,09:49,finalisation,passe_autre_activite
OBS,402,Andre,Nolan,,,,2025-09-18,09:45,tutorat,donne_reponse_directe
OBS,402,Andre,Nolan,,,,2025-09-18,09:47,participation,ne_participe_pas
OBS,402,Andre,Nolan,,,,2025-09-18,09:49,attention,bavarde_travail
OBS,402,Andre,Nolan,,,,2025-09-18,09:51,entree,ne_demarre_pas
OBS,402,Andre,Nolan,,,,2025-09-18,09:53,difficulte,copie_camarade
OBS,402,Robert,Elsa,,,,2025-09-18,09:37,tutorat,aide_si_sollicite
OBS,402,Robert,Elsa,,,,2025-09-18,09:39,participation,participe_spontanement
OBS,402,Robert,Elsa,,,,2025-09-18,09:41,attention,reconcentre_seul
OBS,402,Robert,Elsa,,,,2025-09-18,09:43,ressources,utilise_aides_activite
OBS,402,Renard,Milo,,,,2025-09-18,09:25,tutorat,refuse_aider
OBS,402,Renard,Milo,,,,2025-09-18,09:27,participation,ne_participe_pas
OBS,402,Renard,Milo,,,,2025-09-18,09:29,entree,ne_demarre_pas
OBS,402,Renard,Milo,,,,2025-09-18,09:31,difficulte,copie_camarade
OBS,402,Renard,Milo,,,,2025-09-18,09:33,ressources,attend_correction
OBS,402,Denis,Emma,,,,2025-09-18,09:05,tutorat,donne_reponse_directe
OBS,402,Denis,Emma,,,,2025-09-18,09:07,participation,ne_participe_pas
OBS,402,Denis,Emma,,,,2025-09-18,09:09,ressources,attend_professeur
OBS,402,Denis,Emma,,,,2025-09-18,09:11,entree,attend_sans_commencer
OBS,402,Denis,Emma,,,,2025-09-18,09:13,finalisation,passe_autre_activite
OBS,402,Dupont,Chloe,,,,2025-09-18,09:43,tutorat,aide_si_sollicite
OBS,402,Dupont,Chloe,,,,2025-09-18,09:45,participation,repond_si_sollicite
OBS,402,Dupont,Chloe,,,,2025-09-18,09:47,entree,demarre_relance
OBS,402,Dupont,Chloe,,,,2025-09-18,09:49,ressources,sollicite_apres_cherche
OBS,402,Dupont,Chloe,,,,2025-09-18,09:51,finalisation,activite_terminee
OBS,402,Marchand,Adam,,,,2025-09-18,09:11,tutorat,aide_si_sollicite
OBS,402,Marchand,Adam,,,,2025-09-18,09:13,participation,repond_si_sollicite
OBS,402,Marchand,Adam,,,,2025-09-18,09:15,ressources,sollicite_immediat
OBS,402,Marchand,Adam,,,,2025-09-18,09:17,attention,bavarde_travail
OBS,402,Marchand,Adam,,,,2025-09-18,09:19,entree,demarre_relance
OBS,402,Lefebvre,Lea,,,,2025-09-18,09:45,tutorat,aide_si_sollicite
OBS,402,Lefebvre,Lea,,,,2025-09-18,09:47,participation,repond_si_sollicite
OBS,402,Lefebvre,Lea,,,,2025-09-18,09:49,attention,distrait_momentanement
OBS,402,Lefebvre,Lea,,,,2025-09-18,09:51,ressources,sollicite_immediat
OBS,402,Guerin,Malo,,,,2025-09-18,09:40,tutorat,donne_reponse_directe
OBS,402,Guerin,Malo,,,,2025-09-18,09:42,participation,repond_si_insiste
OBS,402,Guerin,Malo,,,,2025-09-18,09:44,ressources,sollicite_immediat
OBS,402,Guerin,Malo,,,,2025-09-18,09:46,finalisation,recopie_correction
OBS,402,Guerin,Malo,,,,2025-09-18,09:48,attention,distrait_momentanement
OBS,402,Dumas,Yanis,,,,2025-09-18,09:28,tutorat,aide_si_sollicite
OBS,402,Dumas,Yanis,,,,2025-09-18,09:30,participation,repond_si_sollicite
OBS,402,Dumas,Yanis,,,,2025-09-18,09:32,finalisation,activite_terminee
OBS,402,Dumas,Yanis,,,,2025-09-18,09:34,difficulte,utilise_coup_de_pouce
OBS,402,Dumas,Yanis,,,,2025-09-18,09:36,ressources,sollicite_immediat
OBS,402,Garcia,Enzo,,,,2025-09-18,09:46,tutorat,explique_camarade
OBS,402,Garcia,Enzo,,,,2025-09-18,09:48,participation,repond_si_sollicite
OBS,402,Garcia,Enzo,,,,2025-09-18,09:50,ressources,echange_camarade
OBS,402,Garcia,Enzo,,,,2025-09-18,09:52,attention,distrait_momentanement
OBS,402,Garcia,Enzo,,,,2025-09-18,09:53,finalisation,passe_autre_activite
OBS,402,Dubois,Timeo,,,,2025-09-18,09:33,tutorat,refuse_aider
OBS,402,Dubois,Timeo,,,,2025-09-18,09:35,participation,ne_participe_pas
OBS,402,Dubois,Timeo,,,,2025-09-18,09:37,difficulte,attend_d
OBS,402,Dubois,Timeo,,,,2025-09-18,09:39,entree,ne_demarre_pas
OBS,402,Dubois,Timeo,,,,2025-09-18,09:41,attention,revasse
OBS,402,Vincent,Lucie,,,,2025-09-18,09:17,tutorat,explique_camarade
OBS,402,Vincent,Lucie,,,,2025-09-18,09:19,participation,participe_spontanement
OBS,402,Vincent,Lucie,,,,2025-09-18,09:21,entree,demarre_immediat
OBS,402,Vincent,Lucie,,,,2025-09-18,09:23,ressources,echange_camarade
OBS,402,Blanc,Rafael,,,,2025-09-18,09:32,tutorat,donne_reponse_directe
OBS,402,Blanc,Rafael,,,,2025-09-18,09:34,participation,repond_si_insiste
OBS,402,Blanc,Rafael,,,,2025-09-18,09:36,attention,distrait_momentanement
OBS,402,Blanc,Rafael,,,,2025-09-18,09:38,difficulte,observe_camarade
OBS,402,Mercier,Chloe,,,,2025-09-18,09:18,tutorat,explique_camarade
OBS,402,Mercier,Chloe,,,,2025-09-18,09:20,participation,repond_si_sollicite
OBS,402,Mercier,Chloe,,,,2025-09-18,09:22,attention,concentre
OBS,402,Mercier,Chloe,,,,2025-09-18,09:24,entree,demarre_relance
OBS,402,Mercier,Chloe,,,,2025-09-18,09:26,difficulte,utilise_coup_de_pouce
OBS,402,Richard,Rayan,,,,2025-09-18,09:37,tutorat,donne_reponse_directe
OBS,402,Richard,Rayan,,,,2025-09-18,09:39,participation,repond_si_insiste
OBS,402,Richard,Rayan,,,,2025-09-18,09:41,finalisation,corrige_erreur
OBS,402,Richard,Rayan,,,,2025-09-18,09:43,ressources,sollicite_immediat
OBS,402,Richard,Rayan,,,,2025-09-18,09:45,attention,distrait_momentanement
OBS,402,Bernard,Timeo,,,,2025-09-18,09:28,tutorat,explique_camarade
OBS,402,Bernard,Timeo,,,,2025-09-18,09:30,participation,repond_si_sollicite
OBS,402,Bernard,Timeo,,,,2025-09-18,09:32,entree,demarre_relance
OBS,402,Bernard,Timeo,,,,2025-09-18,09:34,finalisation,verifie_travail
OBS,402,Bernard,Timeo,,,,2025-09-18,09:36,ressources,echange_camarade
OBS,402,Fournier,Milo,,,,2025-09-18,09:23,tutorat,donne_reponse_directe
OBS,402,Fournier,Milo,,,,2025-09-18,09:25,participation,repond_si_insiste
OBS,402,Fournier,Milo,,,,2025-09-18,09:27,attention,bavarde_travail
OBS,402,Fournier,Milo,,,,2025-09-18,09:29,finalisation,activite_incomplete
OBS,402,Roux,Nina,,,,2025-09-18,09:31,tutorat,aide_si_sollicite
OBS,402,Roux,Nina,,,,2025-09-18,09:33,participation,repond_si_sollicite
OBS,402,Roux,Nina,,,,2025-09-18,09:35,finalisation,passe_autre_activite
OBS,402,Roux,Nina,,,,2025-09-18,09:37,attention,distrait_momentanement
OBS,402,Meunier,Axel,,,,2025-09-18,09:01,tutorat,explique_camarade
OBS,402,Meunier,Axel,,,,2025-09-18,09:03,participation,repond_si_sollicite
OBS,402,Meunier,Axel,,,,2025-09-18,09:05,ressources,attend_professeur
OBS,402,Meunier,Axel,,,,2025-09-18,09:07,difficulte,observe_camarade
OBS,402,Perrin,Ines,,,,2025-09-18,09:46,tutorat,aide_si_sollicite
OBS,402,Perrin,Ines,,,,2025-09-18,09:48,participation,participe_spontanement
OBS,402,Perrin,Ines,,,,2025-09-18,09:50,attention,reconcentre_seul
OBS,402,Perrin,Ines,,,,2025-09-18,09:52,entree,demarre_immediat
OBS,402,Perrin,Ines,,,,2025-09-18,09:53,difficulte,cherche_seul
OBS,402,Bertrand,Agathe,,,,2025-09-18,09:47,tutorat,refuse_aider
OBS,402,Bertrand,Agathe,,,,2025-09-18,09:49,participation,ne_participe_pas
OBS,402,Bertrand,Agathe,,,,2025-09-18,09:51,entree,attend_sans_commencer
OBS,402,Sanchez,Iris,,,,2025-09-18,09:40,tutorat,aide_si_sollicite
OBS,402,Sanchez,Iris,,,,2025-09-18,09:42,participation,repond_si_sollicite
OBS,402,Sanchez,Iris,,,,2025-09-18,09:44,finalisation,activite_terminee
OBS,402,Sanchez,Iris,,,,2025-09-18,09:46,ressources,utilise_document_r
OBS,402,Sanchez,Iris,,,,2025-09-18,09:48,attention,reconcentre_seul
OBS,402,Girard,Rafael,,,,2025-09-18,09:04,tutorat,donne_reponse_directe
OBS,402,Girard,Rafael,,,,2025-09-18,09:06,participation,repond_si_insiste
OBS,402,Girard,Rafael,,,,2025-09-18,09:08,entree,attend_sans_commencer
OBS,402,Girard,Rafael,,,,2025-09-18,09:10,ressources,sollicite_immediat
OBS,402,Girard,Rafael,,,,2025-09-18,09:12,attention,distrait_momentanement
SESSION,402,demo_402_202509230900,1758610800000,1758614100000
OBS,402,Andre,Nolan,,,,2025-09-23,09:45,tutorat,refuse_aider
OBS,402,Andre,Nolan,,,,2025-09-23,09:47,participation,ne_participe_pas
OBS,402,Andre,Nolan,,,,2025-09-23,09:49,entree,attend_sans_commencer
OBS,402,Andre,Nolan,,,,2025-09-23,09:51,attention,bavarde_hors_sujet
OBS,402,Robert,Elsa,,,,2025-09-23,09:40,tutorat,explique_camarade
OBS,402,Robert,Elsa,,,,2025-09-23,09:42,participation,participe_spontanement
OBS,402,Robert,Elsa,,,,2025-09-23,09:44,attention,reconcentre_seul
OBS,402,Robert,Elsa,,,,2025-09-23,09:46,ressources,utilise_document_r
OBS,402,Robert,Elsa,,,,2025-09-23,09:48,finalisation,corrige_erreur
OBS,402,Renard,Milo,,,,2025-09-23,09:27,tutorat,donne_reponse_directe
OBS,402,Renard,Milo,,,,2025-09-23,09:29,participation,repond_si_insiste
OBS,402,Renard,Milo,,,,2025-09-23,09:31,entree,attend_sans_commencer
OBS,402,Renard,Milo,,,,2025-09-23,09:33,ressources,sollicite_immediat
OBS,402,Renard,Milo,,,,2025-09-23,09:35,attention,revasse
OBS,402,Denis,Emma,,,,2025-09-23,09:26,tutorat,refuse_aider
OBS,402,Denis,Emma,,,,2025-09-23,09:28,participation,ne_participe_pas
OBS,402,Denis,Emma,,,,2025-09-23,09:30,entree,ne_demarre_pas
OBS,402,Denis,Emma,,,,2025-09-23,09:32,attention,bavarde_hors_sujet
OBS,402,Dupont,Chloe,,,,2025-09-23,09:06,tutorat,donne_reponse_directe
OBS,402,Dupont,Chloe,,,,2025-09-23,09:08,participation,repond_si_sollicite
OBS,402,Dupont,Chloe,,,,2025-09-23,09:10,ressources,utilise_document_r
OBS,402,Dupont,Chloe,,,,2025-09-23,09:12,attention,distrait_momentanement
OBS,402,Dupont,Chloe,,,,2025-09-23,09:14,entree,demarre_immediat
OBS,402,Marchand,Adam,,,,2025-09-23,09:08,tutorat,aide_si_sollicite
OBS,402,Marchand,Adam,,,,2025-09-23,09:10,participation,repond_si_insiste
OBS,402,Marchand,Adam,,,,2025-09-23,09:12,difficulte,attend_d
OBS,402,Marchand,Adam,,,,2025-09-23,09:14,entree,attend_sans_commencer
OBS,402,Marchand,Adam,,,,2025-09-23,09:16,attention,distrait_momentanement
OBS,402,Lefebvre,Lea,,,,2025-09-23,09:37,tutorat,donne_reponse_directe
OBS,402,Lefebvre,Lea,,,,2025-09-23,09:39,participation,repond_si_insiste
OBS,402,Lefebvre,Lea,,,,2025-09-23,09:41,difficulte,attend_d
OBS,402,Lefebvre,Lea,,,,2025-09-23,09:43,finalisation,passe_autre_activite
OBS,402,Lefebvre,Lea,,,,2025-09-23,09:45,entree,demarre_relance
OBS,402,Guerin,Malo,,,,2025-09-23,09:03,tutorat,refuse_aider
OBS,402,Guerin,Malo,,,,2025-09-23,09:05,participation,ne_participe_pas
OBS,402,Guerin,Malo,,,,2025-09-23,09:07,ressources,sollicite_immediat
OBS,402,Guerin,Malo,,,,2025-09-23,09:09,entree,ne_demarre_pas
OBS,402,Dumas,Yanis,,,,2025-09-23,09:23,tutorat,aide_si_sollicite
OBS,402,Dumas,Yanis,,,,2025-09-23,09:25,participation,repond_si_sollicite
OBS,402,Dumas,Yanis,,,,2025-09-23,09:27,ressources,attend_professeur
OBS,402,Dumas,Yanis,,,,2025-09-23,09:29,difficulte,utilise_document_d
OBS,402,Dumas,Yanis,,,,2025-09-23,09:31,attention,bavarde_travail
OBS,402,Garcia,Enzo,,,,2025-09-23,09:07,tutorat,donne_reponse_directe
OBS,402,Garcia,Enzo,,,,2025-09-23,09:09,participation,repond_si_insiste
OBS,402,Garcia,Enzo,,,,2025-09-23,09:11,attention,bavarde_travail
OBS,402,Garcia,Enzo,,,,2025-09-23,09:13,difficulte,attend_d
OBS,402,Laurent,Lina,,,,2025-09-23,09:44,tutorat,aide_si_sollicite
OBS,402,Laurent,Lina,,,,2025-09-23,09:46,participation,repond_si_insiste
OBS,402,Laurent,Lina,,,,2025-09-23,09:48,difficulte,demande_aide_pertinente
OBS,402,Laurent,Lina,,,,2025-09-23,09:50,finalisation,corrige_erreur
OBS,402,Laurent,Lina,,,,2025-09-23,09:52,entree,demarre_relance
OBS,402,Dubois,Timeo,,,,2025-09-23,09:27,tutorat,donne_reponse_directe
OBS,402,Dubois,Timeo,,,,2025-09-23,09:29,participation,repond_si_insiste
OBS,402,Dubois,Timeo,,,,2025-09-23,09:31,entree,attend_sans_commencer
OBS,402,Dubois,Timeo,,,,2025-09-23,09:33,finalisation,activite_incomplete
OBS,402,Vincent,Lucie,,,,2025-09-23,09:40,tutorat,explique_camarade
OBS,402,Vincent,Lucie,,,,2025-09-23,09:42,participation,repond_si_sollicite
OBS,402,Vincent,Lucie,,,,2025-09-23,09:44,entree,demarre_relance
OBS,402,Vincent,Lucie,,,,2025-09-23,09:46,difficulte,utilise_coup_de_pouce
OBS,402,Vincent,Lucie,,,,2025-09-23,09:48,ressources,utilise_document_r
OBS,402,Mercier,Chloe,,,,2025-09-23,09:25,tutorat,explique_camarade
OBS,402,Mercier,Chloe,,,,2025-09-23,09:27,participation,repond_si_sollicite
OBS,402,Mercier,Chloe,,,,2025-09-23,09:29,ressources,sollicite_immediat
OBS,402,Mercier,Chloe,,,,2025-09-23,09:31,finalisation,verifie_travail
OBS,402,Richard,Rayan,,,,2025-09-23,09:01,tutorat,donne_reponse_directe
OBS,402,Richard,Rayan,,,,2025-09-23,09:03,participation,repond_si_insiste
OBS,402,Richard,Rayan,,,,2025-09-23,09:05,finalisation,activite_incomplete
OBS,402,Richard,Rayan,,,,2025-09-23,09:07,entree,attend_sans_commencer
OBS,402,Richard,Rayan,,,,2025-09-23,09:09,attention,bavarde_travail
OBS,402,Fournier,Milo,,,,2025-09-23,09:36,tutorat,refuse_aider
OBS,402,Fournier,Milo,,,,2025-09-23,09:38,participation,ne_participe_pas
OBS,402,Fournier,Milo,,,,2025-09-23,09:40,difficulte,copie_camarade
OBS,402,Fournier,Milo,,,,2025-09-23,09:42,ressources,attend_correction
OBS,402,Fournier,Milo,,,,2025-09-23,09:44,entree,ne_demarre_pas
OBS,402,Roux,Nina,,,,2025-09-23,09:35,tutorat,aide_si_sollicite
OBS,402,Roux,Nina,,,,2025-09-23,09:37,participation,repond_si_sollicite
OBS,402,Roux,Nina,,,,2025-09-23,09:39,attention,distrait_momentanement
OBS,402,Roux,Nina,,,,2025-09-23,09:41,difficulte,utilise_document_d
OBS,402,David,Adam,,,,2025-09-23,09:36,tutorat,aide_si_sollicite
OBS,402,David,Adam,,,,2025-09-23,09:38,participation,repond_si_sollicite
OBS,402,David,Adam,,,,2025-09-23,09:40,attention,distrait_momentanement
OBS,402,David,Adam,,,,2025-09-23,09:42,ressources,attend_professeur
OBS,402,Michel,Agathe,,,,2025-09-23,09:03,tutorat,refuse_aider
OBS,402,Michel,Agathe,,,,2025-09-23,09:05,participation,repond_si_insiste
OBS,402,Michel,Agathe,,,,2025-09-23,09:07,difficulte,copie_camarade
OBS,402,Michel,Agathe,,,,2025-09-23,09:09,attention,perturbe_camarade
OBS,402,Michel,Agathe,,,,2025-09-23,09:11,finalisation,activite_incomplete
OBS,402,Perrin,Ines,,,,2025-09-23,09:47,tutorat,aide_si_sollicite
OBS,402,Perrin,Ines,,,,2025-09-23,09:49,participation,repond_si_sollicite
OBS,402,Perrin,Ines,,,,2025-09-23,09:51,difficulte,attend_d
OBS,402,Perrin,Ines,,,,2025-09-23,09:53,attention,distrait_momentanement
OBS,402,Bertrand,Agathe,,,,2025-09-23,09:31,tutorat,donne_reponse_directe
OBS,402,Bertrand,Agathe,,,,2025-09-23,09:33,participation,repond_si_insiste
OBS,402,Bertrand,Agathe,,,,2025-09-23,09:35,entree,attend_sans_commencer
OBS,402,Sanchez,Iris,,,,2025-09-23,09:06,tutorat,aide_si_sollicite
OBS,402,Sanchez,Iris,,,,2025-09-23,09:08,participation,repond_si_sollicite
OBS,402,Sanchez,Iris,,,,2025-09-23,09:10,ressources,echange_camarade
OBS,402,Sanchez,Iris,,,,2025-09-23,09:12,entree,demarre_relance
OBS,402,Sanchez,Iris,,,,2025-09-23,09:14,finalisation,activite_terminee
OBS,402,Muller,Louise,,,,2025-09-23,09:23,tutorat,refuse_aider
OBS,402,Muller,Louise,,,,2025-09-23,09:25,participation,ne_participe_pas
OBS,402,Muller,Louise,,,,2025-09-23,09:27,ressources,attend_correction
OBS,402,Muller,Louise,,,,2025-09-23,09:29,attention,bavarde_hors_sujet
OBS,402,Girard,Rafael,,,,2025-09-23,09:31,tutorat,aide_si_sollicite
OBS,402,Girard,Rafael,,,,2025-09-23,09:33,participation,repond_si_insiste
OBS,402,Girard,Rafael,,,,2025-09-23,09:35,finalisation,passe_autre_activite
OBS,402,Girard,Rafael,,,,2025-09-23,09:37,ressources,sollicite_immediat
SESSION,402,demo_402_202509260900,1758870000000,1758873300000
OBS,402,Moreau,Ines,,,,2025-09-26,09:47,tutorat,donne_reponse_directe
OBS,402,Moreau,Ines,,,,2025-09-26,09:49,participation,repond_si_sollicite
OBS,402,Moreau,Ines,,,,2025-09-26,09:51,entree,demarre_relance
OBS,402,Moreau,Ines,,,,2025-09-26,09:53,ressources,sollicite_immediat
OBS,402,Andre,Nolan,,,,2025-09-26,09:32,tutorat,refuse_aider
OBS,402,Andre,Nolan,,,,2025-09-26,09:34,participation,ne_participe_pas
OBS,402,Andre,Nolan,,,,2025-09-26,09:36,attention,perturbe_camarade
OBS,402,Andre,Nolan,,,,2025-09-26,09:38,entree,ne_demarre_pas
OBS,402,Robert,Elsa,,,,2025-09-26,09:19,tutorat,aide_si_sollicite
OBS,402,Robert,Elsa,,,,2025-09-26,09:21,participation,repond_si_sollicite
OBS,402,Robert,Elsa,,,,2025-09-26,09:23,entree,demarre_relance
OBS,402,Robert,Elsa,,,,2025-09-26,09:25,attention,reconcentre_seul
OBS,402,Denis,Emma,,,,2025-09-26,09:25,tutorat,donne_reponse_directe
OBS,402,Denis,Emma,,,,2025-09-26,09:27,participation,repond_si_insiste
OBS,402,Denis,Emma,,,,2025-09-26,09:29,difficulte,attend_d
OBS,402,Denis,Emma,,,,2025-09-26,09:31,attention,bavarde_travail
OBS,402,Denis,Emma,,,,2025-09-26,09:33,ressources,attend_professeur
OBS,402,Dupont,Chloe,,,,2025-09-26,09:29,tutorat,donne_reponse_directe
OBS,402,Dupont,Chloe,,,,2025-09-26,09:31,participation,repond_si_sollicite
OBS,402,Dupont,Chloe,,,,2025-09-26,09:33,ressources,sollicite_immediat
OBS,402,Dupont,Chloe,,,,2025-09-26,09:35,difficulte,utilise_coup_de_pouce
OBS,402,Marchand,Adam,,,,2025-09-26,09:34,tutorat,aide_si_sollicite
OBS,402,Marchand,Adam,,,,2025-09-26,09:36,participation,repond_si_sollicite
OBS,402,Marchand,Adam,,,,2025-09-26,09:38,ressources,attend_professeur
OBS,402,Marchand,Adam,,,,2025-09-26,09:40,attention,distrait_momentanement
OBS,402,Lefebvre,Lea,,,,2025-09-26,09:16,tutorat,aide_si_sollicite
OBS,402,Lefebvre,Lea,,,,2025-09-26,09:18,participation,repond_si_sollicite
OBS,402,Lefebvre,Lea,,,,2025-09-26,09:20,difficulte,observe_camarade
OBS,402,Lefebvre,Lea,,,,2025-09-26,09:22,attention,reconcentre_seul
OBS,402,Lefebvre,Lea,,,,2025-09-26,09:24,finalisation,corrige_erreur
OBS,402,Guerin,Malo,,,,2025-09-26,09:25,tutorat,refuse_aider
OBS,402,Guerin,Malo,,,,2025-09-26,09:27,participation,repond_si_insiste
OBS,402,Guerin,Malo,,,,2025-09-26,09:29,attention,bavarde_travail
OBS,402,Guerin,Malo,,,,2025-09-26,09:31,ressources,attend_correction
OBS,402,Dumas,Yanis,,,,2025-09-26,09:09,tutorat,donne_reponse_directe
OBS,402,Dumas,Yanis,,,,2025-09-26,09:11,participation,repond_si_insiste
OBS,402,Dumas,Yanis,,,,2025-09-26,09:13,entree,attend_sans_commencer
OBS,402,Dumas,Yanis,,,,2025-09-26,09:15,difficulte,attend_d
OBS,402,Dumas,Yanis,,,,2025-09-26,09:17,attention,bavarde_travail
OBS,402,Garcia,Enzo,,,,2025-09-26,09:12,tutorat,aide_si_sollicite
OBS,402,Garcia,Enzo,,,,2025-09-26,09:14,participation,repond_si_insiste
OBS,402,Garcia,Enzo,,,,2025-09-26,09:16,difficulte,attend_d
OBS,402,Garcia,Enzo,,,,2025-09-26,09:18,finalisation,passe_autre_activite
OBS,402,Laurent,Lina,,,,2025-09-26,09:37,tutorat,explique_camarade
OBS,402,Laurent,Lina,,,,2025-09-26,09:39,participation,repond_si_sollicite
OBS,402,Laurent,Lina,,,,2025-09-26,09:41,entree,demarre_immediat
OBS,402,Laurent,Lina,,,,2025-09-26,09:43,finalisation,activite_terminee
OBS,402,Laurent,Lina,,,,2025-09-26,09:45,ressources,utilise_document_r
OBS,402,Vincent,Lucie,,,,2025-09-26,09:21,tutorat,aide_si_sollicite
OBS,402,Vincent,Lucie,,,,2025-09-26,09:23,participation,repond_si_sollicite
OBS,402,Vincent,Lucie,,,,2025-09-26,09:25,attention,reconcentre_seul
OBS,402,Vincent,Lucie,,,,2025-09-26,09:27,ressources,attend_professeur
OBS,402,Vincent,Lucie,,,,2025-09-26,09:29,difficulte,demande_aide_pertinente
OBS,402,Blanc,Rafael,,,,2025-09-26,09:28,tutorat,donne_reponse_directe
OBS,402,Blanc,Rafael,,,,2025-09-26,09:30,participation,repond_si_sollicite
OBS,402,Blanc,Rafael,,,,2025-09-26,09:32,attention,bavarde_travail
OBS,402,Blanc,Rafael,,,,2025-09-26,09:34,finalisation,activite_terminee
OBS,402,Blanc,Rafael,,,,2025-09-26,09:36,ressources,sollicite_immediat
OBS,402,Mercier,Chloe,,,,2025-09-26,09:33,tutorat,aide_si_sollicite
OBS,402,Mercier,Chloe,,,,2025-09-26,09:35,participation,repond_si_sollicite
OBS,402,Mercier,Chloe,,,,2025-09-26,09:37,ressources,sollicite_immediat
OBS,402,Mercier,Chloe,,,,2025-09-26,09:39,difficulte,observe_camarade
OBS,402,Mercier,Chloe,,,,2025-09-26,09:41,entree,attend_sans_commencer
OBS,402,Richard,Rayan,,,,2025-09-26,09:05,tutorat,aide_si_sollicite
OBS,402,Richard,Rayan,,,,2025-09-26,09:07,participation,participe_spontanement
OBS,402,Richard,Rayan,,,,2025-09-26,09:09,attention,reconcentre_seul
OBS,402,Richard,Rayan,,,,2025-09-26,09:11,ressources,attend_professeur
OBS,402,Richard,Rayan,,,,2025-09-26,09:13,finalisation,verifie_travail
OBS,402,Bernard,Timeo,,,,2025-09-26,09:26,tutorat,donne_reponse_directe
OBS,402,Bernard,Timeo,,,,2025-09-26,09:28,participation,repond_si_insiste
OBS,402,Bernard,Timeo,,,,2025-09-26,09:30,attention,distrait_momentanement
OBS,402,Bernard,Timeo,,,,2025-09-26,09:32,ressources,attend_professeur
OBS,402,Fournier,Milo,,,,2025-09-26,09:31,tutorat,donne_reponse_directe
OBS,402,Fournier,Milo,,,,2025-09-26,09:33,participation,ne_participe_pas
OBS,402,Fournier,Milo,,,,2025-09-26,09:35,finalisation,recopie_correction
OBS,402,Fournier,Milo,,,,2025-09-26,09:37,ressources,attend_correction
OBS,402,Roux,Nina,,,,2025-09-26,09:41,tutorat,donne_reponse_directe
OBS,402,Roux,Nina,,,,2025-09-26,09:43,participation,repond_si_sollicite
OBS,402,Roux,Nina,,,,2025-09-26,09:45,finalisation,activite_incomplete
OBS,402,Roux,Nina,,,,2025-09-26,09:47,entree,attend_sans_commencer
OBS,402,David,Adam,,,,2025-09-26,09:07,tutorat,aide_si_sollicite
OBS,402,David,Adam,,,,2025-09-26,09:09,participation,repond_si_insiste
OBS,402,David,Adam,,,,2025-09-26,09:11,entree,attend_sans_commencer
OBS,402,David,Adam,,,,2025-09-26,09:13,difficulte,observe_camarade
OBS,402,Michel,Agathe,,,,2025-09-26,09:47,tutorat,refuse_aider
OBS,402,Michel,Agathe,,,,2025-09-26,09:49,participation,ne_participe_pas
OBS,402,Michel,Agathe,,,,2025-09-26,09:51,finalisation,recopie_correction
OBS,402,Michel,Agathe,,,,2025-09-26,09:53,difficulte,copie_camarade
OBS,402,Perrin,Ines,,,,2025-09-26,09:04,tutorat,aide_si_sollicite
OBS,402,Perrin,Ines,,,,2025-09-26,09:06,participation,repond_si_sollicite
OBS,402,Perrin,Ines,,,,2025-09-26,09:08,entree,demarre_relance
OBS,402,Perrin,Ines,,,,2025-09-26,09:10,difficulte,utilise_coup_de_pouce
OBS,402,Perrin,Ines,,,,2025-09-26,09:12,finalisation,passe_autre_activite
OBS,402,Bertrand,Agathe,,,,2025-09-26,09:27,tutorat,refuse_aider
OBS,402,Bertrand,Agathe,,,,2025-09-26,09:29,participation,ne_participe_pas
OBS,402,Bertrand,Agathe,,,,2025-09-26,09:31,attention,bavarde_hors_sujet
OBS,402,Sanchez,Iris,,,,2025-09-26,09:07,tutorat,explique_camarade
OBS,402,Sanchez,Iris,,,,2025-09-26,09:09,participation,participe_spontanement
OBS,402,Sanchez,Iris,,,,2025-09-26,09:11,finalisation,verifie_travail
OBS,402,Sanchez,Iris,,,,2025-09-26,09:13,entree,demarre_immediat
OBS,402,Sanchez,Iris,,,,2025-09-26,09:15,difficulte,utilise_document_d
OBS,402,Muller,Louise,,,,2025-09-26,09:23,tutorat,donne_reponse_directe
OBS,402,Muller,Louise,,,,2025-09-26,09:25,participation,repond_si_insiste
OBS,402,Muller,Louise,,,,2025-09-26,09:27,attention,bavarde_hors_sujet
OBS,402,Muller,Louise,,,,2025-09-26,09:29,ressources,attend_correction
OBS,402,Lemoine,Louis,,,,2025-09-26,09:18,tutorat,aide_si_sollicite
OBS,402,Lemoine,Louis,,,,2025-09-26,09:20,participation,repond_si_insiste
OBS,402,Lemoine,Louis,,,,2025-09-26,09:22,entree,attend_sans_commencer
OBS,402,Lemoine,Louis,,,,2025-09-26,09:24,attention,distrait_momentanement
SESSION,402,demo_402_202510010900,1759302000000,1759305300000
OBS,402,Andre,Nolan,,,,2025-10-01,09:48,tutorat,refuse_aider
OBS,402,Andre,Nolan,,,,2025-10-01,09:50,participation,ne_participe_pas
OBS,402,Andre,Nolan,,,,2025-10-01,09:52,attention,bavarde_hors_sujet
OBS,402,Andre,Nolan,,,,2025-10-01,09:53,entree,ne_demarre_pas
OBS,402,Andre,Nolan,,,,2025-10-01,09:53,difficulte,copie_correction
OBS,402,Robert,Elsa,,,,2025-10-01,09:06,tutorat,explique_camarade
OBS,402,Robert,Elsa,,,,2025-10-01,09:08,participation,participe_spontanement
OBS,402,Robert,Elsa,,,,2025-10-01,09:10,attention,reconcentre_seul
OBS,402,Robert,Elsa,,,,2025-10-01,09:12,entree,demarre_immediat
OBS,402,Robert,Elsa,,,,2025-10-01,09:14,ressources,utilise_document_r
OBS,402,Renard,Milo,,,,2025-10-01,09:22,tutorat,donne_reponse_directe
OBS,402,Renard,Milo,,,,2025-10-01,09:24,participation,ne_participe_pas
OBS,402,Renard,Milo,,,,2025-10-01,09:26,entree,attend_sans_commencer
OBS,402,Renard,Milo,,,,2025-10-01,09:28,finalisation,recopie_correction
OBS,402,Denis,Emma,,,,2025-10-01,09:46,tutorat,refuse_aider
OBS,402,Denis,Emma,,,,2025-10-01,09:48,participation,ne_participe_pas
OBS,402,Denis,Emma,,,,2025-10-01,09:50,finalisation,passe_autre_activite
OBS,402,Denis,Emma,,,,2025-10-01,09:52,ressources,attend_correction
OBS,402,Denis,Emma,,,,2025-10-01,09:53,entree,ne_demarre_pas
OBS,402,Lefebvre,Lea,,,,2025-10-01,09:27,tutorat,explique_camarade
OBS,402,Lefebvre,Lea,,,,2025-10-01,09:29,participation,repond_si_insiste
OBS,402,Lefebvre,Lea,,,,2025-10-01,09:31,ressources,attend_professeur
OBS,402,Lefebvre,Lea,,,,2025-10-01,09:33,entree,demarre_relance
OBS,402,Lefebvre,Lea,,,,2025-10-01,09:35,difficulte,attend_d
OBS,402,Guerin,Malo,,,,2025-10-01,09:28,tutorat,aide_si_sollicite
OBS,402,Guerin,Malo,,,,2025-10-01,09:30,participation,repond_si_sollicite
OBS,402,Guerin,Malo,,,,2025-10-01,09:32,attention,bavarde_travail
OBS,402,Guerin,Malo,,,,2025-10-01,09:34,difficulte,observe_camarade
OBS,402,Guerin,Malo,,,,2025-10-01,09:36,entree,attend_sans_commencer
OBS,402,Dumas,Yanis,,,,2025-10-01,09:21,tutorat,donne_reponse_directe
OBS,402,Dumas,Yanis,,,,2025-10-01,09:23,participation,repond_si_insiste
OBS,402,Dumas,Yanis,,,,2025-10-01,09:25,entree,demarre_relance
OBS,402,Dumas,Yanis,,,,2025-10-01,09:27,ressources,sollicite_immediat
OBS,402,Laurent,Lina,,,,2025-10-01,09:18,tutorat,aide_si_sollicite
OBS,402,Laurent,Lina,,,,2025-10-01,09:20,participation,repond_si_insiste
OBS,402,Laurent,Lina,,,,2025-10-01,09:22,entree,attend_sans_commencer
OBS,402,Laurent,Lina,,,,2025-10-01,09:24,finalisation,passe_autre_activite
OBS,402,Laurent,Lina,,,,2025-10-01,09:26,difficulte,attend_d
OBS,402,Blanc,Rafael,,,,2025-10-01,09:18,tutorat,aide_si_sollicite
OBS,402,Blanc,Rafael,,,,2025-10-01,09:20,participation,repond_si_sollicite
OBS,402,Blanc,Rafael,,,,2025-10-01,09:22,ressources,utilise_document_r
OBS,402,Blanc,Rafael,,,,2025-10-01,09:24,difficulte,attend_d
OBS,402,Mercier,Chloe,,,,2025-10-01,09:45,tutorat,aide_si_sollicite
OBS,402,Mercier,Chloe,,,,2025-10-01,09:47,participation,repond_si_insiste
OBS,402,Mercier,Chloe,,,,2025-10-01,09:49,entree,attend_sans_commencer
OBS,402,Mercier,Chloe,,,,2025-10-01,09:51,attention,concentre
OBS,402,Richard,Rayan,,,,2025-10-01,09:03,tutorat,donne_reponse_directe
OBS,402,Richard,Rayan,,,,2025-10-01,09:05,participation,repond_si_insiste
OBS,402,Richard,Rayan,,,,2025-10-01,09:07,entree,attend_sans_commencer
OBS,402,Richard,Rayan,,,,2025-10-01,09:09,finalisation,activite_incomplete
OBS,402,Fournier,Milo,,,,2025-10-01,09:25,tutorat,refuse_aider
OBS,402,Fournier,Milo,,,,2025-10-01,09:27,participation,ne_participe_pas
OBS,402,Fournier,Milo,,,,2025-10-01,09:29,attention,bavarde_travail
OBS,402,Fournier,Milo,,,,2025-10-01,09:31,finalisation,recopie_correction
OBS,402,Fournier,Milo,,,,2025-10-01,09:33,entree,attend_sans_commencer
OBS,402,Roux,Nina,,,,2025-10-01,09:47,tutorat,aide_si_sollicite
OBS,402,Roux,Nina,,,,2025-10-01,09:49,participation,repond_si_sollicite
OBS,402,Roux,Nina,,,,2025-10-01,09:51,difficulte,attend_d
OBS,402,Roux,Nina,,,,2025-10-01,09:53,entree,demarre_relance
OBS,402,Roux,Nina,,,,2025-10-01,09:53,finalisation,verifie_travail
OBS,402,David,Adam,,,,2025-10-01,09:15,tutorat,donne_reponse_directe
OBS,402,David,Adam,,,,2025-10-01,09:17,participation,repond_si_insiste
OBS,402,David,Adam,,,,2025-10-01,09:19,entree,attend_sans_commencer
OBS,402,David,Adam,,,,2025-10-01,09:21,attention,bavarde_travail
OBS,402,Michel,Agathe,,,,2025-10-01,09:45,tutorat,refuse_aider
OBS,402,Michel,Agathe,,,,2025-10-01,09:47,participation,ne_participe_pas
OBS,402,Michel,Agathe,,,,2025-10-01,09:49,ressources,attend_correction
OBS,402,Michel,Agathe,,,,2025-10-01,09:51,entree,ne_demarre_pas
OBS,402,Michel,Agathe,,,,2025-10-01,09:53,attention,bavarde_hors_sujet
OBS,402,Meunier,Axel,,,,2025-10-01,09:34,tutorat,donne_reponse_directe
OBS,402,Meunier,Axel,,,,2025-10-01,09:36,participation,repond_si_sollicite
OBS,402,Meunier,Axel,,,,2025-10-01,09:38,ressources,attend_professeur
OBS,402,Meunier,Axel,,,,2025-10-01,09:40,attention,distrait_momentanement
OBS,402,Perrin,Ines,,,,2025-10-01,09:01,tutorat,donne_reponse_directe
OBS,402,Perrin,Ines,,,,2025-10-01,09:03,participation,repond_si_insiste
OBS,402,Perrin,Ines,,,,2025-10-01,09:05,entree,demarre_relance
OBS,402,Perrin,Ines,,,,2025-10-01,09:07,attention,distrait_momentanement
OBS,402,Perrin,Ines,,,,2025-10-01,09:09,ressources,attend_professeur
OBS,402,Bertrand,Agathe,,,,2025-10-01,09:45,tutorat,explique_camarade
OBS,402,Bertrand,Agathe,,,,2025-10-01,09:47,participation,repond_si_sollicite
OBS,402,Bertrand,Agathe,,,,2025-10-01,09:49,difficulte,utilise_coup_de_pouce
OBS,402,Bertrand,Agathe,,,,2025-10-01,09:51,finalisation,corrige_erreur
OBS,402,Sanchez,Iris,,,,2025-10-01,09:46,tutorat,explique_camarade
OBS,402,Sanchez,Iris,,,,2025-10-01,09:48,participation,repond_si_sollicite
OBS,402,Sanchez,Iris,,,,2025-10-01,09:50,finalisation,corrige_erreur
OBS,402,Sanchez,Iris,,,,2025-10-01,09:52,difficulte,cherche_seul
OBS,402,Muller,Louise,,,,2025-10-01,09:33,tutorat,refuse_aider
OBS,402,Muller,Louise,,,,2025-10-01,09:35,participation,ne_participe_pas
OBS,402,Muller,Louise,,,,2025-10-01,09:37,difficulte,copie_camarade
OBS,402,Muller,Louise,,,,2025-10-01,09:39,finalisation,recopie_correction
OBS,402,Muller,Louise,,,,2025-10-01,09:41,entree,ne_demarre_pas
OBS,402,Lemoine,Louis,,,,2025-10-01,09:12,tutorat,refuse_aider
OBS,402,Lemoine,Louis,,,,2025-10-01,09:14,participation,repond_si_insiste
OBS,402,Lemoine,Louis,,,,2025-10-01,09:16,ressources,attend_correction
OBS,402,Lemoine,Louis,,,,2025-10-01,09:18,attention,distrait_momentanement
SESSION,402,demo_402_202510030900,1759474800000,1759478100000
OBS,402,Moreau,Ines,,,,2025-10-03,09:15,tutorat,donne_reponse_directe
OBS,402,Moreau,Ines,,,,2025-10-03,09:17,participation,repond_si_sollicite
OBS,402,Moreau,Ines,,,,2025-10-03,09:19,entree,attend_sans_commencer
OBS,402,Moreau,Ines,,,,2025-10-03,09:21,attention,bavarde_travail
OBS,402,Moreau,Ines,,,,2025-10-03,09:23,ressources,sollicite_apres_cherche
OBS,402,Renard,Milo,,,,2025-10-03,09:44,tutorat,refuse_aider
OBS,402,Renard,Milo,,,,2025-10-03,09:46,participation,ne_participe_pas
OBS,402,Renard,Milo,,,,2025-10-03,09:48,entree,ne_demarre_pas
OBS,402,Renard,Milo,,,,2025-10-03,09:50,ressources,attend_correction
OBS,402,Renard,Milo,,,,2025-10-03,09:52,attention,perturbe_camarade
OBS,402,Denis,Emma,,,,2025-10-03,09:37,tutorat,donne_reponse_directe
OBS,402,Denis,Emma,,,,2025-10-03,09:39,participation,repond_si_insiste
OBS,402,Denis,Emma,,,,2025-10-03,09:41,entree,ne_demarre_pas
OBS,402,Denis,Emma,,,,2025-10-03,09:43,finalisation,activite_incomplete
OBS,402,Denis,Emma,,,,2025-10-03,09:45,difficulte,attend_d
OBS,402,Dupont,Chloe,,,,2025-10-03,09:03,tutorat,aide_si_sollicite
OBS,402,Dupont,Chloe,,,,2025-10-03,09:05,participation,repond_si_sollicite
OBS,402,Dupont,Chloe,,,,2025-10-03,09:07,attention,concentre
OBS,402,Dupont,Chloe,,,,2025-10-03,09:09,finalisation,corrige_erreur
OBS,402,Marchand,Adam,,,,2025-10-03,09:12,tutorat,aide_si_sollicite
OBS,402,Marchand,Adam,,,,2025-10-03,09:14,participation,participe_spontanement
OBS,402,Marchand,Adam,,,,2025-10-03,09:16,difficulte,observe_camarade
OBS,402,Marchand,Adam,,,,2025-10-03,09:18,attention,concentre
OBS,402,Lefebvre,Lea,,,,2025-10-03,09:31,tutorat,aide_si_sollicite
OBS,402,Lefebvre,Lea,,,,2025-10-03,09:33,participation,repond_si_insiste
OBS,402,Lefebvre,Lea,,,,2025-10-03,09:35,difficulte,attend_d
OBS,402,Lefebvre,Lea,,,,2025-10-03,09:37,ressources,sollicite_immediat
OBS,402,Guerin,Malo,,,,2025-10-03,09:08,tutorat,donne_reponse_directe
OBS,402,Guerin,Malo,,,,2025-10-03,09:10,participation,ne_participe_pas
OBS,402,Guerin,Malo,,,,2025-10-03,09:12,entree,ne_demarre_pas
OBS,402,Guerin,Malo,,,,2025-10-03,09:14,attention,bavarde_hors_sujet
OBS,402,Dumas,Yanis,,,,2025-10-03,09:40,tutorat,aide_si_sollicite
OBS,402,Dumas,Yanis,,,,2025-10-03,09:42,participation,repond_si_sollicite
OBS,402,Dumas,Yanis,,,,2025-10-03,09:44,ressources,sollicite_immediat
OBS,402,Dumas,Yanis,,,,2025-10-03,09:46,attention,concentre
OBS,402,Garcia,Enzo,,,,2025-10-03,09:39,tutorat,aide_si_sollicite
OBS,402,Garcia,Enzo,,,,2025-10-03,09:41,participation,repond_si_sollicite
OBS,402,Garcia,Enzo,,,,2025-10-03,09:43,difficulte,attend_d
OBS,402,Garcia,Enzo,,,,2025-10-03,09:45,ressources,sollicite_immediat
OBS,402,Dubois,Timeo,,,,2025-10-03,09:21,tutorat,refuse_aider
OBS,402,Dubois,Timeo,,,,2025-10-03,09:23,participation,ne_participe_pas
OBS,402,Dubois,Timeo,,,,2025-10-03,09:25,ressources,attend_correction
OBS,402,Dubois,Timeo,,,,2025-10-03,09:27,difficulte,copie_camarade
OBS,402,Dubois,Timeo,,,,2025-10-03,09:29,attention,revasse
OBS,402,Vincent,Lucie,,,,2025-10-03,09:01,tutorat,explique_camarade
OBS,402,Vincent,Lucie,,,,2025-10-03,09:03,participation,participe_spontanement
OBS,402,Vincent,Lucie,,,,2025-10-03,09:05,difficulte,cherche_seul
OBS,402,Vincent,Lucie,,,,2025-10-03,09:07,ressources,sollicite_immediat
OBS,402,Mercier,Chloe,,,,2025-10-03,09:09,tutorat,donne_reponse_directe
OBS,402,Mercier,Chloe,,,,2025-10-03,09:11,participation,repond_si_insiste
OBS,402,Mercier,Chloe,,,,2025-10-03,09:13,entree,attend_sans_commencer
OBS,402,Mercier,Chloe,,,,2025-10-03,09:15,finalisation,activite_incomplete
OBS,402,Richard,Rayan,,,,2025-10-03,09:33,tutorat,aide_si_sollicite
OBS,402,Richard,Rayan,,,,2025-10-03,09:35,participation,repond_si_insiste
OBS,402,Richard,Rayan,,,,2025-10-03,09:37,ressources,sollicite_apres_cherche
OBS,402,Richard,Rayan,,,,2025-10-03,09:39,finalisation,activite_incomplete
OBS,402,Richard,Rayan,,,,2025-10-03,09:41,entree,demarre_relance
OBS,402,Bernard,Timeo,,,,2025-10-03,09:09,tutorat,aide_si_sollicite
OBS,402,Bernard,Timeo,,,,2025-10-03,09:11,participation,participe_spontanement
OBS,402,Bernard,Timeo,,,,2025-10-03,09:13,entree,demarre_relance
OBS,402,Bernard,Timeo,,,,2025-10-03,09:15,finalisation,verifie_travail
OBS,402,Bernard,Timeo,,,,2025-10-03,09:17,attention,concentre
OBS,402,Faure,Timeo,,,,2025-10-03,09:35,tutorat,donne_reponse_directe
OBS,402,Faure,Timeo,,,,2025-10-03,09:37,participation,repond_si_insiste
OBS,402,Faure,Timeo,,,,2025-10-03,09:39,finalisation,verifie_travail
OBS,402,Fournier,Milo,,,,2025-10-03,09:47,tutorat,refuse_aider
OBS,402,Fournier,Milo,,,,2025-10-03,09:49,participation,ne_participe_pas
OBS,402,Fournier,Milo,,,,2025-10-03,09:51,attention,bavarde_hors_sujet
OBS,402,Fournier,Milo,,,,2025-10-03,09:53,difficulte,copie_camarade
OBS,402,Fournier,Milo,,,,2025-10-03,09:53,entree,attend_sans_commencer
OBS,402,Roux,Nina,,,,2025-10-03,09:05,tutorat,donne_reponse_directe
OBS,402,Roux,Nina,,,,2025-10-03,09:07,participation,repond_si_insiste
OBS,402,Roux,Nina,,,,2025-10-03,09:09,difficulte,observe_camarade
OBS,402,Roux,Nina,,,,2025-10-03,09:11,finalisation,passe_autre_activite
OBS,402,Roux,Nina,,,,2025-10-03,09:13,entree,attend_sans_commencer
OBS,402,David,Adam,,,,2025-10-03,09:42,tutorat,aide_si_sollicite
OBS,402,David,Adam,,,,2025-10-03,09:44,participation,repond_si_sollicite
OBS,402,David,Adam,,,,2025-10-03,09:46,attention,bavarde_travail
OBS,402,David,Adam,,,,2025-10-03,09:48,difficulte,attend_d
OBS,402,David,Adam,,,,2025-10-03,09:50,ressources,utilise_aides_activite
OBS,402,Michel,Agathe,,,,2025-10-03,09:27,tutorat,donne_reponse_directe
OBS,402,Michel,Agathe,,,,2025-10-03,09:29,participation,ne_participe_pas
OBS,402,Michel,Agathe,,,,2025-10-03,09:31,ressources,attend_professeur
OBS,402,Michel,Agathe,,,,2025-10-03,09:33,entree,attend_sans_commencer
OBS,402,Perrin,Ines,,,,2025-10-03,09:43,tutorat,donne_reponse_directe
OBS,402,Perrin,Ines,,,,2025-10-03,09:45,participation,repond_si_insiste
OBS,402,Perrin,Ines,,,,2025-10-03,09:47,finalisation,passe_autre_activite
OBS,402,Perrin,Ines,,,,2025-10-03,09:49,difficulte,attend_d
OBS,402,Perrin,Ines,,,,2025-10-03,09:51,ressources,sollicite_immediat
OBS,402,Sanchez,Iris,,,,2025-10-03,09:17,tutorat,explique_camarade
OBS,402,Sanchez,Iris,,,,2025-10-03,09:19,participation,participe_spontanement
OBS,402,Sanchez,Iris,,,,2025-10-03,09:21,attention,reconcentre_seul
OBS,402,Sanchez,Iris,,,,2025-10-03,09:23,finalisation,corrige_erreur
OBS,402,Muller,Louise,,,,2025-10-03,09:03,tutorat,refuse_aider
OBS,402,Muller,Louise,,,,2025-10-03,09:05,participation,ne_participe_pas
OBS,402,Muller,Louise,,,,2025-10-03,09:07,ressources,attend_correction
OBS,402,Muller,Louise,,,,2025-10-03,09:09,attention,perturbe_camarade
OBS,402,Muller,Louise,,,,2025-10-03,09:11,entree,ne_demarre_pas
OBS,402,Girard,Rafael,,,,2025-10-03,09:35,tutorat,explique_camarade
OBS,402,Girard,Rafael,,,,2025-10-03,09:37,participation,participe_spontanement
OBS,402,Girard,Rafael,,,,2025-10-03,09:39,difficulte,utilise_coup_de_pouce
OBS,402,Girard,Rafael,,,,2025-10-03,09:41,entree,demarre_relance
OBS,402,Girard,Rafael,,,,2025-10-03,09:43,ressources,echange_camarade
OBS,402,Lemoine,Louis,,,,2025-10-03,09:25,tutorat,donne_reponse_directe
OBS,402,Lemoine,Louis,,,,2025-10-03,09:27,participation,ne_participe_pas
OBS,402,Lemoine,Louis,,,,2025-10-03,09:29,difficulte,copie_correction
OBS,402,Lemoine,Louis,,,,2025-10-03,09:31,finalisation,recopie_correction
SESSION,402,demo_402_202510080900,1759906800000,1759910100000
OBS,402,Moreau,Ines,,,,2025-10-08,09:25,tutorat,aide_si_sollicite
OBS,402,Moreau,Ines,,,,2025-10-08,09:27,participation,repond_si_sollicite
OBS,402,Moreau,Ines,,,,2025-10-08,09:29,attention,bavarde_travail
OBS,402,Moreau,Ines,,,,2025-10-08,09:31,finalisation,corrige_erreur
OBS,402,Moreau,Ines,,,,2025-10-08,09:33,ressources,utilise_document_r
OBS,402,Andre,Nolan,,,,2025-10-08,09:03,tutorat,refuse_aider
OBS,402,Andre,Nolan,,,,2025-10-08,09:05,participation,ne_participe_pas
OBS,402,Andre,Nolan,,,,2025-10-08,09:07,finalisation,activite_incomplete
OBS,402,Andre,Nolan,,,,2025-10-08,09:09,attention,distrait_momentanement
OBS,402,Robert,Elsa,,,,2025-10-08,09:09,tutorat,explique_camarade
OBS,402,Robert,Elsa,,,,2025-10-08,09:11,participation,participe_spontanement
OBS,402,Robert,Elsa,,,,2025-10-08,09:13,entree,demarre_immediat
OBS,402,Robert,Elsa,,,,2025-10-08,09:15,difficulte,demande_aide_pertinente
OBS,402,Robert,Elsa,,,,2025-10-08,09:17,ressources,utilise_document_r
OBS,402,Renard,Milo,,,,2025-10-08,09:09,tutorat,refuse_aider
OBS,402,Renard,Milo,,,,2025-10-08,09:11,participation,ne_participe_pas
OBS,402,Renard,Milo,,,,2025-10-08,09:13,ressources,attend_correction
OBS,402,Renard,Milo,,,,2025-10-08,09:15,entree,ne_demarre_pas
OBS,402,Denis,Emma,,,,2025-10-08,09:32,tutorat,refuse_aider
OBS,402,Denis,Emma,,,,2025-10-08,09:34,participation,repond_si_insiste
OBS,402,Denis,Emma,,,,2025-10-08,09:36,finalisation,recopie_correction
OBS,402,Denis,Emma,,,,2025-10-08,09:38,difficulte,copie_correction
OBS,402,Denis,Emma,,,,2025-10-08,09:40,ressources,attend_professeur
OBS,402,Dupont,Chloe,,,,2025-10-08,09:16,tutorat,aide_si_sollicite
OBS,402,Dupont,Chloe,,,,2025-10-08,09:18,participation,repond_si_sollicite
OBS,402,Dupont,Chloe,,,,2025-10-08,09:20,finalisation,passe_autre_activite
OBS,402,Dupont,Chloe,,,,2025-10-08,09:22,attention,bavarde_travail
OBS,402,Marchand,Adam,,,,2025-10-08,09:23,tutorat,aide_si_sollicite
OBS,402,Marchand,Adam,,,,2025-10-08,09:25,participation,repond_si_sollicite
OBS,402,Marchand,Adam,,,,2025-10-08,09:27,ressources,attend_professeur
OBS,402,Marchand,Adam,,,,2025-10-08,09:29,entree,demarre_relance
OBS,402,Lefebvre,Lea,,,,2025-10-08,09:32,tutorat,donne_reponse_directe
OBS,402,Lefebvre,Lea,,,,2025-10-08,09:34,participation,repond_si_insiste
OBS,402,Lefebvre,Lea,,,,2025-10-08,09:36,attention,bavarde_travail
OBS,402,Lefebvre,Lea,,,,2025-10-08,09:38,entree,attend_sans_commencer
OBS,402,Lefebvre,Lea,,,,2025-10-08,09:40,finalisation,activite_incomplete
OBS,402,Guerin,Malo,,,,2025-10-08,09:03,tutorat,donne_reponse_directe
OBS,402,Guerin,Malo,,,,2025-10-08,09:05,participation,ne_participe_pas
OBS,402,Guerin,Malo,,,,2025-10-08,09:07,entree,ne_demarre_pas
OBS,402,Guerin,Malo,,,,2025-10-08,09:09,ressources,attend_professeur
OBS,402,Dumas,Yanis,,,,2025-10-08,09:06,tutorat,donne_reponse_directe
OBS,402,Dumas,Yanis,,,,2025-10-08,09:08,participation,repond_si_sollicite
OBS,402,Dumas,Yanis,,,,2025-10-08,09:10,entree,demarre_relance
OBS,402,Dumas,Yanis,,,,2025-10-08,09:12,ressources,attend_professeur
OBS,402,Laurent,Lina,,,,2025-10-08,09:02,tutorat,aide_si_sollicite
OBS,402,Laurent,Lina,,,,2025-10-08,09:04,participation,repond_si_insiste
OBS,402,Laurent,Lina,,,,2025-10-08,09:06,entree,attend_sans_commencer
OBS,402,Laurent,Lina,,,,2025-10-08,09:08,ressources,sollicite_immediat
OBS,402,Laurent,Lina,,,,2025-10-08,09:10,difficulte,observe_camarade
OBS,402,Dubois,Timeo,,,,2025-10-08,09:16,tutorat,refuse_aider
OBS,402,Dubois,Timeo,,,,2025-10-08,09:18,participation,ne_participe_pas
OBS,402,Dubois,Timeo,,,,2025-10-08,09:20,finalisation,recopie_correction
OBS,402,Dubois,Timeo,,,,2025-10-08,09:22,difficulte,copie_correction
OBS,402,Vincent,Lucie,,,,2025-10-08,09:12,tutorat,aide_si_sollicite
OBS,402,Vincent,Lucie,,,,2025-10-08,09:14,participation,participe_spontanement
OBS,402,Vincent,Lucie,,,,2025-10-08,09:16,entree,demarre_relance
OBS,402,Vincent,Lucie,,,,2025-10-08,09:18,finalisation,activite_terminee
OBS,402,Vincent,Lucie,,,,2025-10-08,09:20,ressources,utilise_aides_activite
OBS,402,Mercier,Chloe,,,,2025-10-08,09:36,tutorat,donne_reponse_directe
OBS,402,Mercier,Chloe,,,,2025-10-08,09:38,participation,repond_si_insiste
OBS,402,Mercier,Chloe,,,,2025-10-08,09:40,entree,ne_demarre_pas
OBS,402,Mercier,Chloe,,,,2025-10-08,09:42,ressources,sollicite_immediat
OBS,402,Fournier,Milo,,,,2025-10-08,09:36,tutorat,donne_reponse_directe
OBS,402,Fournier,Milo,,,,2025-10-08,09:38,participation,repond_si_insiste
OBS,402,Fournier,Milo,,,,2025-10-08,09:40,difficulte,attend_d
OBS,402,Fournier,Milo,,,,2025-10-08,09:42,ressources,attend_correction
OBS,402,Roux,Nina,,,,2025-10-08,09:42,tutorat,aide_si_sollicite
OBS,402,Roux,Nina,,,,2025-10-08,09:44,participation,repond_si_sollicite
OBS,402,Roux,Nina,,,,2025-10-08,09:46,difficulte,demande_aide_pertinente
OBS,402,Roux,Nina,,,,2025-10-08,09:48,ressources,sollicite_immediat
OBS,402,David,Adam,,,,2025-10-08,09:30,tutorat,aide_si_sollicite
OBS,402,David,Adam,,,,2025-10-08,09:32,participation,repond_si_sollicite
OBS,402,David,Adam,,,,2025-10-08,09:34,attention,distrait_momentanement
OBS,402,David,Adam,,,,2025-10-08,09:36,ressources,attend_professeur
OBS,402,David,Adam,,,,2025-10-08,09:38,entree,demarre_relance
OBS,402,Michel,Agathe,,,,2025-10-08,09:15,tutorat,donne_reponse_directe
OBS,402,Michel,Agathe,,,,2025-10-08,09:17,participation,repond_si_insiste
OBS,402,Michel,Agathe,,,,2025-10-08,09:19,attention,distrait_momentanement
OBS,402,Michel,Agathe,,,,2025-10-08,09:21,difficulte,observe_camarade
OBS,402,Michel,Agathe,,,,2025-10-08,09:23,ressources,sollicite_immediat
OBS,402,Perrin,Ines,,,,2025-10-08,09:17,tutorat,donne_reponse_directe
OBS,402,Perrin,Ines,,,,2025-10-08,09:19,participation,repond_si_insiste
OBS,402,Perrin,Ines,,,,2025-10-08,09:21,attention,distrait_momentanement
OBS,402,Perrin,Ines,,,,2025-10-08,09:23,finalisation,activite_incomplete
OBS,402,Sanchez,Iris,,,,2025-10-08,09:25,tutorat,explique_camarade
OBS,402,Sanchez,Iris,,,,2025-10-08,09:27,participation,participe_spontanement
OBS,402,Sanchez,Iris,,,,2025-10-08,09:29,attention,reconcentre_seul
OBS,402,Sanchez,Iris,,,,2025-10-08,09:31,entree,demarre_immediat
OBS,402,Muller,Louise,,,,2025-10-08,09:10,tutorat,refuse_aider
OBS,402,Muller,Louise,,,,2025-10-08,09:12,participation,ne_participe_pas
OBS,402,Muller,Louise,,,,2025-10-08,09:14,difficulte,copie_correction
OBS,402,Muller,Louise,,,,2025-10-08,09:16,entree,ne_demarre_pas
OBS,402,Muller,Louise,,,,2025-10-08,09:18,finalisation,recopie_correction
OBS,402,Lemoine,Louis,,,,2025-10-08,09:44,tutorat,refuse_aider
OBS,402,Lemoine,Louis,,,,2025-10-08,09:46,participation,ne_participe_pas
OBS,402,Lemoine,Louis,,,,2025-10-08,09:48,ressources,attend_correction
OBS,402,Lemoine,Louis,,,,2025-10-08,09:50,difficulte,copie_correction
OBS,402,Lemoine,Louis,,,,2025-10-08,09:52,finalisation,recopie_correction
SESSION,402,demo_402_202510130900,1760338800000,1760342100000
OBS,402,Andre,Nolan,,,,2025-10-13,09:23,tutorat,refuse_aider
OBS,402,Andre,Nolan,,,,2025-10-13,09:25,participation,ne_participe_pas
OBS,402,Andre,Nolan,,,,2025-10-13,09:27,difficulte,copie_correction
OBS,402,Andre,Nolan,,,,2025-10-13,09:29,ressources,attend_correction
OBS,402,Andre,Nolan,,,,2025-10-13,09:31,attention,perturbe_camarade
OBS,402,Robert,Elsa,,,,2025-10-13,09:10,tutorat,aide_si_sollicite
OBS,402,Robert,Elsa,,,,2025-10-13,09:12,participation,repond_si_sollicite
OBS,402,Robert,Elsa,,,,2025-10-13,09:14,entree,demarre_relance
OBS,402,Robert,Elsa,,,,2025-10-13,09:16,ressources,sollicite_immediat
OBS,402,Renard,Milo,,,,2025-10-13,09:28,tutorat,refuse_aider
OBS,402,Renard,Milo,,,,2025-10-13,09:30,participation,repond_si_insiste
OBS,402,Renard,Milo,,,,2025-10-13,09:32,ressources,attend_correction
OBS,402,Renard,Milo,,,,2025-10-13,09:34,finalisation,activite_incomplete
OBS,402,Renard,Milo,,,,2025-10-13,09:36,entree,ne_demarre_pas
OBS,402,Denis,Emma,,,,2025-10-13,09:19,tutorat,donne_reponse_directe
OBS,402,Denis,Emma,,,,2025-10-13,09:21,participation,repond_si_insiste
OBS,402,Denis,Emma,,,,2025-10-13,09:23,attention,bavarde_travail
OBS,402,Denis,Emma,,,,2025-10-13,09:25,entree,attend_sans_commencer
OBS,402,Dupont,Chloe,,,,2025-10-13,09:09,tutorat,aide_si_sollicite
OBS,402,Dupont,Chloe,,,,2025-10-13,09:11,participation,repond_si_insiste
OBS,402,Dupont,Chloe,,,,2025-10-13,09:13,attention,distrait_momentanement
OBS,402,Dupont,Chloe,,,,2025-10-13,09:15,finalisation,activite_incomplete
OBS,402,Dupont,Chloe,,,,2025-10-13,09:17,ressources,sollicite_immediat
OBS,402,Marchand,Adam,,,,2025-10-13,09:46,tutorat,aide_si_sollicite
OBS,402,Marchand,Adam,,,,2025-10-13,09:48,participation,repond_si_sollicite
OBS,402,Marchand,Adam,,,,2025-10-13,09:50,attention,bavarde_travail
OBS,402,Marchand,Adam,,,,2025-10-13,09:52,entree,demarre_relance
OBS,402,Lefebvre,Lea,,,,2025-10-13,09:09,tutorat,aide_si_sollicite
OBS,402,Lefebvre,Lea,,,,2025-10-13,09:11,participation,repond_si_insiste
OBS,402,Lefebvre,Lea,,,,2025-10-13,09:13,finalisation,passe_autre_activite
OBS,402,Lefebvre,Lea,,,,2025-10-13,09:15,difficulte,attend_d
OBS,402,Lefebvre,Lea,,,,2025-10-13,09:17,ressources,sollicite_immediat
OBS,402,Guerin,Malo,,,,2025-10-13,09:31,tutorat,donne_reponse_directe
OBS,402,Guerin,Malo,,,,2025-10-13,09:33,participation,ne_participe_pas
OBS,402,Guerin,Malo,,,,2025-10-13,09:35,entree,attend_sans_commencer
OBS,402,Guerin,Malo,,,,2025-10-13,09:37,ressources,attend_correction
OBS,402,Dumas,Yanis,,,,2025-10-13,09:38,tutorat,aide_si_sollicite
OBS,402,Dumas,Yanis,,,,2025-10-13,09:40,participation,repond_si_sollicite
OBS,402,Dumas,Yanis,,,,2025-10-13,09:42,entree,demarre_immediat
OBS,402,Dumas,Yanis,,,,2025-10-13,09:44,attention,bavarde_travail
OBS,402,Dumas,Yanis,,,,2025-10-13,09:46,difficulte,attend_d
OBS,402,Garcia,Enzo,,,,2025-10-13,09:45,tutorat,aide_si_sollicite
OBS,402,Garcia,Enzo,,,,2025-10-13,09:47,participation,repond_si_sollicite
OBS,402,Garcia,Enzo,,,,2025-10-13,09:49,entree,attend_sans_commencer
OBS,402,Garcia,Enzo,,,,2025-10-13,09:51,ressources,utilise_document_r
OBS,402,Garcia,Enzo,,,,2025-10-13,09:53,difficulte,attend_d
OBS,402,Laurent,Lina,,,,2025-10-13,09:07,tutorat,donne_reponse_directe
OBS,402,Laurent,Lina,,,,2025-10-13,09:09,participation,ne_participe_pas
OBS,402,Laurent,Lina,,,,2025-10-13,09:11,entree,attend_sans_commencer
OBS,402,Laurent,Lina,,,,2025-10-13,09:13,difficulte,copie_camarade
OBS,402,Dubois,Timeo,,,,2025-10-13,09:11,tutorat,refuse_aider
OBS,402,Dubois,Timeo,,,,2025-10-13,09:13,participation,ne_participe_pas
OBS,402,Dubois,Timeo,,,,2025-10-13,09:15,difficulte,copie_correction
OBS,402,Dubois,Timeo,,,,2025-10-13,09:17,ressources,attend_correction
OBS,402,Vincent,Lucie,,,,2025-10-13,09:32,tutorat,aide_si_sollicite
OBS,402,Vincent,Lucie,,,,2025-10-13,09:34,participation,repond_si_insiste
OBS,402,Vincent,Lucie,,,,2025-10-13,09:36,attention,bavarde_travail
OBS,402,Vincent,Lucie,,,,2025-10-13,09:38,ressources,attend_professeur
OBS,402,Blanc,Rafael,,,,2025-10-13,09:01,tutorat,aide_si_sollicite
OBS,402,Blanc,Rafael,,,,2025-10-13,09:03,participation,repond_si_sollicite
OBS,402,Blanc,Rafael,,,,2025-10-13,09:05,entree,demarre_relance
OBS,402,Blanc,Rafael,,,,2025-10-13,09:07,attention,distrait_momentanement
OBS,402,Blanc,Rafael,,,,2025-10-13,09:09,ressources,utilise_document_r
OBS,402,Mercier,Chloe,,,,2025-10-13,09:15,tutorat,aide_si_sollicite
OBS,402,Mercier,Chloe,,,,2025-10-13,09:17,participation,repond_si_sollicite
OBS,402,Mercier,Chloe,,,,2025-10-13,09:19,difficulte,attend_d
OBS,402,Mercier,Chloe,,,,2025-10-13,09:21,entree,attend_sans_commencer
OBS,402,Richard,Rayan,,,,2025-10-13,09:10,tutorat,donne_reponse_directe
OBS,402,Richard,Rayan,,,,2025-10-13,09:12,participation,repond_si_sollicite
OBS,402,Richard,Rayan,,,,2025-10-13,09:14,finalisation,verifie_travail
OBS,402,Richard,Rayan,,,,2025-10-13,09:16,attention,distrait_momentanement
OBS,402,Bernard,Timeo,,,,2025-10-13,09:21,tutorat,aide_si_sollicite
OBS,402,Bernard,Timeo,,,,2025-10-13,09:23,participation,repond_si_insiste
OBS,402,Bernard,Timeo,,,,2025-10-13,09:25,attention,distrait_momentanement
OBS,402,Bernard,Timeo,,,,2025-10-13,09:27,difficulte,attend_d
OBS,402,Fournier,Milo,,,,2025-10-13,09:23,tutorat,refuse_aider
OBS,402,Fournier,Milo,,,,2025-10-13,09:25,participation,ne_participe_pas
OBS,402,Fournier,Milo,,,,2025-10-13,09:27,finalisation,recopie_correction
OBS,402,Fournier,Milo,,,,2025-10-13,09:29,entree,ne_demarre_pas
OBS,402,Fournier,Milo,,,,2025-10-13,09:31,ressources,attend_correction
OBS,402,Michel,Agathe,,,,2025-10-13,09:16,tutorat,refuse_aider
OBS,402,Michel,Agathe,,,,2025-10-13,09:18,participation,ne_participe_pas
OBS,402,Michel,Agathe,,,,2025-10-13,09:20,entree,ne_demarre_pas
OBS,402,Michel,Agathe,,,,2025-10-13,09:22,difficulte,copie_correction
OBS,402,Bertrand,Agathe,,,,2025-10-13,09:15,tutorat,donne_reponse_directe
OBS,402,Bertrand,Agathe,,,,2025-10-13,09:17,participation,repond_si_insiste
OBS,402,Bertrand,Agathe,,,,2025-10-13,09:19,finalisation,corrige_erreur
OBS,402,Sanchez,Iris,,,,2025-10-13,09:21,tutorat,explique_camarade
OBS,402,Sanchez,Iris,,,,2025-10-13,09:23,participation,participe_spontanement
OBS,402,Sanchez,Iris,,,,2025-10-13,09:25,difficulte,utilise_coup_de_pouce
OBS,402,Sanchez,Iris,,,,2025-10-13,09:27,attention,reconcentre_seul
OBS,402,Sanchez,Iris,,,,2025-10-13,09:29,finalisation,verifie_travail
OBS,402,Muller,Louise,,,,2025-10-13,09:46,tutorat,refuse_aider
OBS,402,Muller,Louise,,,,2025-10-13,09:48,participation,ne_participe_pas
OBS,402,Muller,Louise,,,,2025-10-13,09:50,finalisation,recopie_correction
OBS,402,Muller,Louise,,,,2025-10-13,09:52,entree,ne_demarre_pas
OBS,402,Muller,Louise,,,,2025-10-13,09:53,attention,perturbe_camarade
OBS,402,Girard,Rafael,,,,2025-10-13,09:18,tutorat,donne_reponse_directe
OBS,402,Girard,Rafael,,,,2025-10-13,09:20,participation,repond_si_sollicite
OBS,402,Girard,Rafael,,,,2025-10-13,09:22,entree,attend_sans_commencer
OBS,402,Girard,Rafael,,,,2025-10-13,09:24,finalisation,activite_incomplete
OBS,402,Girard,Rafael,,,,2025-10-13,09:26,difficulte,attend_d
SESSION,402,demo_402_202510160900,1760598000000,1760601300000
OBS,402,Moreau,Ines,,,,2025-10-16,09:36,tutorat,aide_si_sollicite
OBS,402,Moreau,Ines,,,,2025-10-16,09:38,participation,repond_si_insiste
OBS,402,Moreau,Ines,,,,2025-10-16,09:40,difficulte,observe_camarade
OBS,402,Moreau,Ines,,,,2025-10-16,09:42,attention,distrait_momentanement
OBS,402,Moreau,Ines,,,,2025-10-16,09:44,entree,attend_sans_commencer
OBS,402,Andre,Nolan,,,,2025-10-16,09:40,tutorat,refuse_aider
OBS,402,Andre,Nolan,,,,2025-10-16,09:42,participation,ne_participe_pas
OBS,402,Andre,Nolan,,,,2025-10-16,09:44,finalisation,recopie_correction
OBS,402,Andre,Nolan,,,,2025-10-16,09:46,entree,ne_demarre_pas
OBS,402,Robert,Elsa,,,,2025-10-16,09:46,tutorat,explique_camarade
OBS,402,Robert,Elsa,,,,2025-10-16,09:48,participation,participe_spontanement
OBS,402,Robert,Elsa,,,,2025-10-16,09:50,difficulte,utilise_document_d
OBS,402,Robert,Elsa,,,,2025-10-16,09:52,finalisation,verifie_travail
OBS,402,Renard,Milo,,,,2025-10-16,09:32,tutorat,refuse_aider
OBS,402,Renard,Milo,,,,2025-10-16,09:34,participation,ne_participe_pas
OBS,402,Renard,Milo,,,,2025-10-16,09:36,entree,ne_demarre_pas
OBS,402,Renard,Milo,,,,2025-10-16,09:38,attention,perturbe_camarade
OBS,402,Denis,Emma,,,,2025-10-16,09:20,tutorat,donne_reponse_directe
OBS,402,Denis,Emma,,,,2025-10-16,09:22,participation,ne_participe_pas
OBS,402,Denis,Emma,,,,2025-10-16,09:24,difficulte,attend_d
OBS,402,Denis,Emma,,,,2025-10-16,09:26,entree,attend_sans_commencer
OBS,402,Marchand,Adam,,,,2025-10-16,09:43,tutorat,donne_reponse_directe
OBS,402,Marchand,Adam,,,,2025-10-16,09:45,participation,repond_si_sollicite
OBS,402,Marchand,Adam,,,,2025-10-16,09:47,ressources,sollicite_immediat
OBS,402,Marchand,Adam,,,,2025-10-16,09:49,attention,distrait_momentanement
OBS,402,Marchand,Adam,,,,2025-10-16,09:51,difficulte,observe_camarade
OBS,402,Guerin,Malo,,,,2025-10-16,09:33,tutorat,donne_reponse_directe
OBS,402,Guerin,Malo,,,,2025-10-16,09:35,participation,ne_participe_pas
OBS,402,Guerin,Malo,,,,2025-10-16,09:37,attention,bavarde_travail
OBS,402,Guerin,Malo,,,,2025-10-16,09:39,difficulte,copie_correction
OBS,402,Guerin,Malo,,,,2025-10-16,09:41,ressources,attend_correction
OBS,402,Dumas,Yanis,,,,2025-10-16,09:15,tutorat,donne_reponse_directe
OBS,402,Dumas,Yanis,,,,2025-10-16,09:17,participation,repond_si_sollicite
OBS,402,Dumas,Yanis,,,,2025-10-16,09:19,finalisation,activite_incomplete
OBS,402,Dumas,Yanis,,,,2025-10-16,09:21,ressources,sollicite_immediat
OBS,402,Dumas,Yanis,,,,2025-10-16,09:23,difficulte,utilise_document_d
OBS,402,Garcia,Enzo,,,,2025-10-16,09:33,tutorat,aide_si_sollicite
OBS,402,Garcia,Enzo,,,,2025-10-16,09:35,participation,repond_si_sollicite
OBS,402,Garcia,Enzo,,,,2025-10-16,09:37,difficulte,cherche_seul
OBS,402,Garcia,Enzo,,,,2025-10-16,09:39,entree,demarre_relance
OBS,402,Laurent,Lina,,,,2025-10-16,09:07,tutorat,donne_reponse_directe
OBS,402,Laurent,Lina,,,,2025-10-16,09:09,participation,repond_si_sollicite
OBS,402,Laurent,Lina,,,,2025-10-16,09:11,difficulte,attend_d
OBS,402,Laurent,Lina,,,,2025-10-16,09:13,attention,distrait_momentanement
OBS,402,Laurent,Lina,,,,2025-10-16,09:15,ressources,attend_professeur
OBS,402,Vincent,Lucie,,,,2025-10-16,09:41,tutorat,aide_si_sollicite
OBS,402,Vincent,Lucie,,,,2025-10-16,09:43,participation,repond_si_sollicite
OBS,402,Vincent,Lucie,,,,2025-10-16,09:45,attention,reconcentre_seul
OBS,402,Vincent,Lucie,,,,2025-10-16,09:47,entree,demarre_relance
OBS,402,Blanc,Rafael,,,,2025-10-16,09:32,tutorat,aide_si_sollicite
OBS,402,Blanc,Rafael,,,,2025-10-16,09:34,participation,repond_si_sollicite
OBS,402,Blanc,Rafael,,,,2025-10-16,09:36,finalisation,activite_terminee
OBS,402,Blanc,Rafael,,,,2025-10-16,09:38,entree,attend_sans_commencer
OBS,402,Mercier,Chloe,,,,2025-10-16,09:24,tutorat,aide_si_sollicite
OBS,402,Mercier,Chloe,,,,2025-10-16,09:26,participation,repond_si_sollicite
OBS,402,Mercier,Chloe,,,,2025-10-16,09:28,attention,distrait_momentanement
OBS,402,Mercier,Chloe,,,,2025-10-16,09:30,ressources,attend_professeur
OBS,402,Mercier,Chloe,,,,2025-10-16,09:32,entree,demarre_relance
OBS,402,Richard,Rayan,,,,2025-10-16,09:04,tutorat,aide_si_sollicite
OBS,402,Richard,Rayan,,,,2025-10-16,09:06,participation,repond_si_sollicite
OBS,402,Richard,Rayan,,,,2025-10-16,09:08,attention,concentre
OBS,402,Richard,Rayan,,,,2025-10-16,09:10,entree,demarre_relance
OBS,402,Bernard,Timeo,,,,2025-10-16,09:48,tutorat,explique_camarade
OBS,402,Bernard,Timeo,,,,2025-10-16,09:50,participation,repond_si_sollicite
OBS,402,Bernard,Timeo,,,,2025-10-16,09:52,ressources,utilise_document_r
OBS,402,Bernard,Timeo,,,,2025-10-16,09:53,attention,bavarde_travail
OBS,402,Fournier,Milo,,,,2025-10-16,09:27,tutorat,refuse_aider
OBS,402,Fournier,Milo,,,,2025-10-16,09:29,participation,ne_participe_pas
OBS,402,Fournier,Milo,,,,2025-10-16,09:31,attention,perturbe_camarade
OBS,402,Fournier,Milo,,,,2025-10-16,09:33,difficulte,copie_camarade
OBS,402,Fournier,Milo,,,,2025-10-16,09:35,ressources,attend_correction
OBS,402,Roux,Nina,,,,2025-10-16,09:28,tutorat,aide_si_sollicite
OBS,402,Roux,Nina,,,,2025-10-16,09:30,participation,repond_si_sollicite
OBS,402,Roux,Nina,,,,2025-10-16,09:32,difficulte,observe_camarade
OBS,402,Roux,Nina,,,,2025-10-16,09:34,entree,demarre_relance
OBS,402,Roux,Nina,,,,2025-10-16,09:36,attention,distrait_momentanement
OBS,402,David,Adam,,,,2025-10-16,09:06,tutorat,aide_si_sollicite
OBS,402,David,Adam,,,,2025-10-16,09:08,participation,repond_si_sollicite
OBS,402,David,Adam,,,,2025-10-16,09:10,ressources,sollicite_apres_cherche
OBS,402,David,Adam,,,,2025-10-16,09:12,difficulte,demande_aide_pertinente
OBS,402,David,Adam,,,,2025-10-16,09:14,entree,demarre_relance
OBS,402,Michel,Agathe,,,,2025-10-16,09:25,tutorat,aide_si_sollicite
OBS,402,Michel,Agathe,,,,2025-10-16,09:27,participation,repond_si_insiste
OBS,402,Michel,Agathe,,,,2025-10-16,09:29,entree,attend_sans_commencer
OBS,402,Michel,Agathe,,,,2025-10-16,09:31,ressources,attend_correction
OBS,402,Michel,Agathe,,,,2025-10-16,09:33,attention,revasse
OBS,402,Perrin,Ines,,,,2025-10-16,09:40,tutorat,refuse_aider
OBS,402,Perrin,Ines,,,,2025-10-16,09:42,participation,repond_si_sollicite
OBS,402,Perrin,Ines,,,,2025-10-16,09:44,entree,attend_sans_commencer
OBS,402,Perrin,Ines,,,,2025-10-16,09:46,finalisation,recopie_correction
OBS,402,Sanchez,Iris,,,,2025-10-16,09:07,tutorat,explique_camarade
OBS,402,Sanchez,Iris,,,,2025-10-16,09:09,participation,participe_spontanement
OBS,402,Sanchez,Iris,,,,2025-10-16,09:11,finalisation,activite_terminee
OBS,402,Sanchez,Iris,,,,2025-10-16,09:13,entree,demarre_immediat
OBS,402,Sanchez,Iris,,,,2025-10-16,09:15,difficulte,utilise_document_d
SESSION,402,demo_402_202511040900,1762243200000,1762246500000
OBS,402,Moreau,Ines,,,,2025-11-04,09:30,tutorat,donne_reponse_directe
OBS,402,Moreau,Ines,,,,2025-11-04,09:32,participation,repond_si_sollicite
OBS,402,Moreau,Ines,,,,2025-11-04,09:34,ressources,utilise_aides_activite
OBS,402,Moreau,Ines,,,,2025-11-04,09:36,finalisation,passe_autre_activite
OBS,402,Andre,Nolan,,,,2025-11-04,09:15,tutorat,donne_reponse_directe
OBS,402,Andre,Nolan,,,,2025-11-04,09:17,participation,ne_participe_pas
OBS,402,Andre,Nolan,,,,2025-11-04,09:19,attention,distrait_momentanement
OBS,402,Andre,Nolan,,,,2025-11-04,09:21,ressources,attend_professeur
OBS,402,Andre,Nolan,,,,2025-11-04,09:23,finalisation,recopie_correction
OBS,402,Robert,Elsa,,,,2025-11-04,09:25,tutorat,aide_si_sollicite
OBS,402,Robert,Elsa,,,,2025-11-04,09:27,participation,repond_si_sollicite
OBS,402,Robert,Elsa,,,,2025-11-04,09:29,ressources,echange_camarade
OBS,402,Robert,Elsa,,,,2025-11-04,09:31,finalisation,activite_terminee
OBS,402,Renard,Milo,,,,2025-11-04,09:08,tutorat,refuse_aider
OBS,402,Renard,Milo,,,,2025-11-04,09:10,participation,ne_participe_pas
OBS,402,Renard,Milo,,,,2025-11-04,09:12,ressources,attend_correction
OBS,402,Renard,Milo,,,,2025-11-04,09:14,entree,ne_demarre_pas
OBS,402,Dupont,Chloe,,,,2025-11-04,09:29,tutorat,donne_reponse_directe
OBS,402,Dupont,Chloe,,,,2025-11-04,09:31,participation,repond_si_sollicite
OBS,402,Dupont,Chloe,,,,2025-11-04,09:33,attention,bavarde_travail
OBS,402,Dupont,Chloe,,,,2025-11-04,09:35,entree,demarre_relance
OBS,402,Marchand,Adam,,,,2025-11-04,09:32,tutorat,aide_si_sollicite
OBS,402,Marchand,Adam,,,,2025-11-04,09:34,participation,repond_si_sollicite
OBS,402,Marchand,Adam,,,,2025-11-04,09:36,finalisation,verifie_travail
OBS,402,Marchand,Adam,,,,2025-11-04,09:38,attention,bavarde_travail
OBS,402,Marchand,Adam,,,,2025-11-04,09:40,entree,demarre_relance
OBS,402,Lefebvre,Lea,,,,2025-11-04,09:44,tutorat,aide_si_sollicite
OBS,402,Lefebvre,Lea,,,,2025-11-04,09:46,participation,repond_si_sollicite
OBS,402,Lefebvre,Lea,,,,2025-11-04,09:48,ressources,attend_professeur
OBS,402,Lefebvre,Lea,,,,2025-11-04,09:50,entree,attend_sans_commencer
OBS,402,Lefebvre,Lea,,,,2025-11-04,09:52,finalisation,corrige_erreur
OBS,402,Guerin,Malo,,,,2025-11-04,09:06,tutorat,refuse_aider
OBS,402,Guerin,Malo,,,,2025-11-04,09:08,participation,repond_si_insiste
OBS,402,Guerin,Malo,,,,2025-11-04,09:10,finalisation,passe_autre_activite
OBS,402,Guerin,Malo,,,,2025-11-04,09:12,attention,perturbe_camarade
OBS,402,Dumas,Yanis,,,,2025-11-04,09:22,tutorat,donne_reponse_directe
OBS,402,Dumas,Yanis,,,,2025-11-04,09:24,participation,repond_si_sollicite
OBS,402,Dumas,Yanis,,,,2025-11-04,09:26,ressources,attend_professeur
OBS,402,Dumas,Yanis,,,,2025-11-04,09:28,entree,attend_sans_commencer
OBS,402,Garcia,Enzo,,,,2025-11-04,09:20,tutorat,explique_camarade
OBS,402,Garcia,Enzo,,,,2025-11-04,09:22,participation,repond_si_sollicite
OBS,402,Garcia,Enzo,,,,2025-11-04,09:24,difficulte,cherche_seul
OBS,402,Garcia,Enzo,,,,2025-11-04,09:26,entree,demarre_immediat
OBS,402,Laurent,Lina,,,,2025-11-04,09:45,tutorat,aide_si_sollicite
OBS,402,Laurent,Lina,,,,2025-11-04,09:47,participation,repond_si_sollicite
OBS,402,Laurent,Lina,,,,2025-11-04,09:49,ressources,attend_professeur
OBS,402,Laurent,Lina,,,,2025-11-04,09:51,attention,distrait_momentanement
OBS,402,Dubois,Timeo,,,,2025-11-04,09:23,tutorat,refuse_aider
OBS,402,Dubois,Timeo,,,,2025-11-04,09:25,participation,ne_participe_pas
OBS,402,Dubois,Timeo,,,,2025-11-04,09:27,finalisation,passe_autre_activite
OBS,402,Dubois,Timeo,,,,2025-11-04,09:29,difficulte,copie_correction
OBS,402,Dubois,Timeo,,,,2025-11-04,09:31,ressources,attend_correction
OBS,402,Vincent,Lucie,,,,2025-11-04,09:29,tutorat,explique_camarade
OBS,402,Vincent,Lucie,,,,2025-11-04,09:31,participation,participe_spontanement
OBS,402,Vincent,Lucie,,,,2025-11-04,09:33,finalisation,corrige_erreur
OBS,402,Vincent,Lucie,,,,2025-11-04,09:35,difficulte,utilise_document_d
OBS,402,Blanc,Rafael,,,,2025-11-04,09:17,tutorat,explique_camarade
OBS,402,Blanc,Rafael,,,,2025-11-04,09:19,participation,repond_si_sollicite
OBS,402,Blanc,Rafael,,,,2025-11-04,09:21,ressources,sollicite_apres_cherche
OBS,402,Blanc,Rafael,,,,2025-11-04,09:23,entree,demarre_relance
OBS,402,Mercier,Chloe,,,,2025-11-04,09:03,tutorat,aide_si_sollicite
OBS,402,Mercier,Chloe,,,,2025-11-04,09:05,participation,repond_si_sollicite
OBS,402,Mercier,Chloe,,,,2025-11-04,09:07,finalisation,corrige_erreur
OBS,402,Mercier,Chloe,,,,2025-11-04,09:09,ressources,sollicite_immediat
OBS,402,Richard,Rayan,,,,2025-11-04,09:29,tutorat,aide_si_sollicite
OBS,402,Richard,Rayan,,,,2025-11-04,09:31,participation,repond_si_sollicite
OBS,402,Richard,Rayan,,,,2025-11-04,09:33,difficulte,utilise_document_d
OBS,402,Richard,Rayan,,,,2025-11-04,09:35,ressources,sollicite_apres_cherche
OBS,402,Bernard,Timeo,,,,2025-11-04,09:36,tutorat,aide_si_sollicite
OBS,402,Bernard,Timeo,,,,2025-11-04,09:38,participation,repond_si_sollicite
OBS,402,Bernard,Timeo,,,,2025-11-04,09:40,entree,demarre_relance
OBS,402,Bernard,Timeo,,,,2025-11-04,09:42,finalisation,activite_terminee
OBS,402,Bernard,Timeo,,,,2025-11-04,09:44,ressources,utilise_aides_activite
OBS,402,David,Adam,,,,2025-11-04,09:01,tutorat,donne_reponse_directe
OBS,402,David,Adam,,,,2025-11-04,09:03,participation,repond_si_sollicite
OBS,402,David,Adam,,,,2025-11-04,09:05,entree,attend_sans_commencer
OBS,402,David,Adam,,,,2025-11-04,09:07,finalisation,activite_incomplete
OBS,402,David,Adam,,,,2025-11-04,09:09,ressources,sollicite_immediat
OBS,402,Michel,Agathe,,,,2025-11-04,09:14,tutorat,donne_reponse_directe
OBS,402,Michel,Agathe,,,,2025-11-04,09:16,participation,ne_participe_pas
OBS,402,Michel,Agathe,,,,2025-11-04,09:18,entree,attend_sans_commencer
OBS,402,Michel,Agathe,,,,2025-11-04,09:20,ressources,attend_professeur
OBS,402,Michel,Agathe,,,,2025-11-04,09:22,difficulte,attend_d
OBS,402,Perrin,Ines,,,,2025-11-04,09:02,tutorat,aide_si_sollicite
OBS,402,Perrin,Ines,,,,2025-11-04,09:04,participation,repond_si_sollicite
OBS,402,Perrin,Ines,,,,2025-11-04,09:06,ressources,utilise_document_r
OBS,402,Perrin,Ines,,,,2025-11-04,09:08,difficulte,demande_aide_pertinente
OBS,402,Perrin,Ines,,,,2025-11-04,09:10,finalisation,activite_terminee
OBS,402,Sanchez,Iris,,,,2025-11-04,09:42,tutorat,explique_camarade
OBS,402,Sanchez,Iris,,,,2025-11-04,09:44,participation,participe_spontanement
OBS,402,Sanchez,Iris,,,,2025-11-04,09:46,ressources,echange_camarade
OBS,402,Sanchez,Iris,,,,2025-11-04,09:48,difficulte,demande_aide_pertinente
OBS,402,Muller,Louise,,,,2025-11-04,09:07,tutorat,refuse_aider
OBS,402,Muller,Louise,,,,2025-11-04,09:09,participation,ne_participe_pas
OBS,402,Muller,Louise,,,,2025-11-04,09:11,attention,bavarde_travail
OBS,402,Muller,Louise,,,,2025-11-04,09:13,finalisation,recopie_correction
OBS,402,Muller,Louise,,,,2025-11-04,09:15,difficulte,attend_d
OBS,402,Girard,Rafael,,,,2025-11-04,09:01,tutorat,donne_reponse_directe
OBS,402,Girard,Rafael,,,,2025-11-04,09:03,participation,repond_si_sollicite
OBS,402,Girard,Rafael,,,,2025-11-04,09:05,finalisation,activite_incomplete
OBS,402,Girard,Rafael,,,,2025-11-04,09:07,attention,perturbe_camarade
OBS,402,Girard,Rafael,,,,2025-11-04,09:09,difficulte,observe_camarade
OBS,402,Lemoine,Louis,,,,2025-11-04,09:31,tutorat,refuse_aider
OBS,402,Lemoine,Louis,,,,2025-11-04,09:33,participation,repond_si_insiste
OBS,402,Lemoine,Louis,,,,2025-11-04,09:35,finalisation,activite_incomplete
OBS,402,Lemoine,Louis,,,,2025-11-04,09:37,attention,bavarde_hors_sujet
OBS,402,Lemoine,Louis,,,,2025-11-04,09:39,ressources,attend_correction
SESSION,402,demo_402_202511070900,1762502400000,1762505700000
OBS,402,Moreau,Ines,,,,2025-11-07,09:42,tutorat,donne_reponse_directe
OBS,402,Moreau,Ines,,,,2025-11-07,09:44,participation,repond_si_insiste
OBS,402,Moreau,Ines,,,,2025-11-07,09:46,ressources,sollicite_immediat
OBS,402,Moreau,Ines,,,,2025-11-07,09:48,difficulte,copie_camarade
OBS,402,Moreau,Ines,,,,2025-11-07,09:50,finalisation,passe_autre_activite
OBS,402,Andre,Nolan,,,,2025-11-07,09:43,tutorat,refuse_aider
OBS,402,Andre,Nolan,,,,2025-11-07,09:45,participation,ne_participe_pas
OBS,402,Andre,Nolan,,,,2025-11-07,09:47,attention,distrait_momentanement
OBS,402,Andre,Nolan,,,,2025-11-07,09:49,difficulte,copie_correction
OBS,402,Renard,Milo,,,,2025-11-07,09:18,tutorat,refuse_aider
OBS,402,Renard,Milo,,,,2025-11-07,09:20,participation,ne_participe_pas
OBS,402,Renard,Milo,,,,2025-11-07,09:22,difficulte,copie_correction
OBS,402,Renard,Milo,,,,2025-11-07,09:24,ressources,attend_correction
OBS,402,Denis,Emma,,,,2025-11-07,09:32,tutorat,donne_reponse_directe
OBS,402,Denis,Emma,,,,2025-11-07,09:34,participation,repond_si_insiste
OBS,402,Denis,Emma,,,,2025-11-07,09:36,entree,attend_sans_commencer
OBS,402,Denis,Emma,,,,2025-11-07,09:38,finalisation,recopie_correction
OBS,402,Denis,Emma,,,,2025-11-07,09:40,ressources,attend_professeur
OBS,402,Dupont,Chloe,,,,2025-11-07,09:27,tutorat,donne_reponse_directe
OBS,402,Dupont,Chloe,,,,2025-11-07,09:29,participation,repond_si_sollicite
OBS,402,Dupont,Chloe,,,,2025-11-07,09:31,ressources,attend_professeur
OBS,402,Dupont,Chloe,,,,2025-11-07,09:33,difficulte,utilise_document_d
OBS,402,Dupont,Chloe,,,,2025-11-07,09:35,entree,demarre_relance
OBS,402,Marchand,Adam,,,,2025-11-07,09:10,tutorat,donne_reponse_directe
OBS,402,Marchand,Adam,,,,2025-11-07,09:12,participation,repond_si_insiste
OBS,402,Marchand,Adam,,,,2025-11-07,09:14,ressources,attend_professeur
OBS,402,Marchand,Adam,,,,2025-11-07,09:16,finalisation,passe_autre_activite
OBS,402,Lefebvre,Lea,,,,2025-11-07,09:24,tutorat,aide_si_sollicite
OBS,402,Lefebvre,Lea,,,,2025-11-07,09:26,participation,repond_si_insiste
OBS,402,Lefebvre,Lea,,,,2025-11-07,09:28,attention,distrait_momentanement
OBS,402,Lefebvre,Lea,,,,2025-11-07,09:30,ressources,utilise_aides_activite
OBS,402,Lefebvre,Lea,,,,2025-11-07,09:32,difficulte,attend_d
OBS,402,Dumas,Yanis,,,,2025-11-07,09:48,tutorat,aide_si_sollicite
OBS,402,Dumas,Yanis,,,,2025-11-07,09:50,participation,repond_si_sollicite
OBS,402,Dumas,Yanis,,,,2025-11-07,09:52,ressources,attend_professeur
OBS,402,Dumas,Yanis,,,,2025-11-07,09:53,entree,demarre_immediat
OBS,402,Garcia,Enzo,,,,2025-11-07,09:30,tutorat,aide_si_sollicite
OBS,402,Garcia,Enzo,,,,2025-11-07,09:32,participation,participe_spontanement
OBS,402,Garcia,Enzo,,,,2025-11-07,09:34,attention,concentre
OBS,402,Garcia,Enzo,,,,2025-11-07,09:36,ressources,echange_camarade
OBS,402,Garcia,Enzo,,,,2025-11-07,09:38,finalisation,passe_autre_activite
OBS,402,Dubois,Timeo,,,,2025-11-07,09:03,tutorat,refuse_aider
OBS,402,Dubois,Timeo,,,,2025-11-07,09:05,participation,repond_si_insiste
OBS,402,Dubois,Timeo,,,,2025-11-07,09:07,attention,revasse
OBS,402,Dubois,Timeo,,,,2025-11-07,09:09,difficulte,attend_d
OBS,402,Dubois,Timeo,,,,2025-11-07,09:11,entree,attend_sans_commencer
OBS,402,Blanc,Rafael,,,,2025-11-07,09:48,tutorat,donne_reponse_directe
OBS,402,Blanc,Rafael,,,,2025-11-07,09:50,participation,repond_si_insiste
OBS,402,Blanc,Rafael,,,,2025-11-07,09:52,entree,demarre_relance
OBS,402,Blanc,Rafael,,,,2025-11-07,09:53,difficulte,observe_camarade
OBS,402,Mercier,Chloe,,,,2025-11-07,09:20,tutorat,aide_si_sollicite
OBS,402,Mercier,Chloe,,,,2025-11-07,09:22,participation,repond_si_sollicite
OBS,402,Mercier,Chloe,,,,2025-11-07,09:24,difficulte,attend_d
OBS,402,Mercier,Chloe,,,,2025-11-07,09:26,entree,demarre_relance
OBS,402,Mercier,Chloe,,,,2025-11-07,09:28,attention,reconcentre_seul
OBS,402,Bernard,Timeo,,,,2025-11-07,09:06,tutorat,aide_si_sollicite
OBS,402,Bernard,Timeo,,,,2025-11-07,09:08,participation,repond_si_sollicite
OBS,402,Bernard,Timeo,,,,2025-11-07,09:10,attention,concentre
OBS,402,Bernard,Timeo,,,,2025-11-07,09:12,finalisation,activite_incomplete
OBS,402,Bernard,Timeo,,,,2025-11-07,09:14,entree,demarre_relance
OBS,402,Faure,Timeo,,,,2025-11-07,09:02,tutorat,refuse_aider
OBS,402,Faure,Timeo,,,,2025-11-07,09:04,participation,repond_si_insiste
OBS,402,Faure,Timeo,,,,2025-11-07,09:06,ressources,attend_professeur
OBS,402,Fournier,Milo,,,,2025-11-07,09:27,tutorat,refuse_aider
OBS,402,Fournier,Milo,,,,2025-11-07,09:29,participation,repond_si_insiste
OBS,402,Fournier,Milo,,,,2025-11-07,09:31,entree,ne_demarre_pas
OBS,402,Fournier,Milo,,,,2025-11-07,09:33,difficulte,copie_correction
OBS,402,Roux,Nina,,,,2025-11-07,09:05,tutorat,aide_si_sollicite
OBS,402,Roux,Nina,,,,2025-11-07,09:07,participation,repond_si_sollicite
OBS,402,Roux,Nina,,,,2025-11-07,09:09,finalisation,corrige_erreur
OBS,402,Roux,Nina,,,,2025-11-07,09:11,entree,demarre_relance
OBS,402,Roux,Nina,,,,2025-11-07,09:13,attention,distrait_momentanement
OBS,402,David,Adam,,,,2025-11-07,09:02,tutorat,donne_reponse_directe
OBS,402,David,Adam,,,,2025-11-07,09:04,participation,ne_participe_pas
OBS,402,David,Adam,,,,2025-11-07,09:06,attention,bavarde_travail
OBS,402,David,Adam,,,,2025-11-07,09:08,difficulte,attend_d
OBS,402,Michel,Agathe,,,,2025-11-07,09:28,tutorat,refuse_aider
OBS,402,Michel,Agathe,,,,2025-11-07,09:30,participation,ne_participe_pas
OBS,402,Michel,Agathe,,,,2025-11-07,09:32,ressources,attend_correction
OBS,402,Michel,Agathe,,,,2025-11-07,09:34,difficulte,copie_correction
OBS,402,Michel,Agathe,,,,2025-11-07,09:36,attention,revasse
OBS,402,Meunier,Axel,,,,2025-11-07,09:23,tutorat,donne_reponse_directe
OBS,402,Meunier,Axel,,,,2025-11-07,09:25,participation,repond_si_insiste
OBS,402,Meunier,Axel,,,,2025-11-07,09:27,ressources,sollicite_immediat
OBS,402,Perrin,Ines,,,,2025-11-07,09:14,tutorat,donne_reponse_directe
OBS,402,Perrin,Ines,,,,2025-11-07,09:16,participation,repond_si_sollicite
OBS,402,Perrin,Ines,,,,2025-11-07,09:18,entree,demarre_relance
OBS,402,Perrin,Ines,,,,2025-11-07,09:20,difficulte,cherche_seul
OBS,402,Perrin,Ines,,,,2025-11-07,09:22,ressources,sollicite_immediat
OBS,402,Bertrand,Agathe,,,,2025-11-07,09:08,tutorat,donne_reponse_directe
OBS,402,Bertrand,Agathe,,,,2025-11-07,09:10,participation,repond_si_sollicite
OBS,402,Bertrand,Agathe,,,,2025-11-07,09:12,difficulte,observe_camarade
OBS,402,Bertrand,Agathe,,,,2025-11-07,09:14,attention,revasse
OBS,402,Muller,Louise,,,,2025-11-07,09:34,tutorat,refuse_aider
OBS,402,Muller,Louise,,,,2025-11-07,09:36,participation,ne_participe_pas
OBS,402,Muller,Louise,,,,2025-11-07,09:38,finalisation,recopie_correction
OBS,402,Muller,Louise,,,,2025-11-07,09:40,ressources,attend_correction
OBS,402,Muller,Louise,,,,2025-11-07,09:42,attention,bavarde_hors_sujet
OBS,402,Girard,Rafael,,,,2025-11-07,09:20,tutorat,aide_si_sollicite
OBS,402,Girard,Rafael,,,,2025-11-07,09:22,participation,repond_si_insiste
OBS,402,Girard,Rafael,,,,2025-11-07,09:24,entree,demarre_relance
OBS,402,Girard,Rafael,,,,2025-11-07,09:26,finalisation,activite_terminee
OBS,402,Lemoine,Louis,,,,2025-11-07,09:47,tutorat,donne_reponse_directe
OBS,402,Lemoine,Louis,,,,2025-11-07,09:49,participation,repond_si_insiste
OBS,402,Lemoine,Louis,,,,2025-11-07,09:51,ressources,attend_professeur
OBS,402,Lemoine,Louis,,,,2025-11-07,09:53,finalisation,activite_incomplete
SESSION,402,demo_402_202511110900,1762848000000,1762851300000
OBS,402,Moreau,Ines,,,,2025-11-11,09:02,tutorat,donne_reponse_directe
OBS,402,Moreau,Ines,,,,2025-11-11,09:04,participation,repond_si_insiste
OBS,402,Moreau,Ines,,,,2025-11-11,09:06,difficulte,attend_d
OBS,402,Moreau,Ines,,,,2025-11-11,09:08,entree,attend_sans_commencer
OBS,402,Andre,Nolan,,,,2025-11-11,09:37,tutorat,donne_reponse_directe
OBS,402,Andre,Nolan,,,,2025-11-11,09:39,participation,ne_participe_pas
OBS,402,Andre,Nolan,,,,2025-11-11,09:41,entree,ne_demarre_pas
OBS,402,Andre,Nolan,,,,2025-11-11,09:43,finalisation,passe_autre_activite
OBS,402,Andre,Nolan,,,,2025-11-11,09:45,attention,bavarde_travail
OBS,402,Robert,Elsa,,,,2025-11-11,09:17,tutorat,aide_si_sollicite
OBS,402,Robert,Elsa,,,,2025-11-11,09:19,participation,participe_spontanement
OBS,402,Robert,Elsa,,,,2025-11-11,09:21,entree,demarre_relance
OBS,402,Robert,Elsa,,,,2025-11-11,09:23,finalisation,verifie_travail
OBS,402,Renard,Milo,,,,2025-11-11,09:19,tutorat,refuse_aider
OBS,402,Renard,Milo,,,,2025-11-11,09:21,participation,ne_participe_pas
OBS,402,Renard,Milo,,,,2025-11-11,09:23,entree,ne_demarre_pas
OBS,402,Renard,Milo,,,,2025-11-11,09:25,finalisation,recopie_correction
OBS,402,Renard,Milo,,,,2025-11-11,09:27,ressources,attend_correction
OBS,402,Dupont,Chloe,,,,2025-11-11,09:33,tutorat,aide_si_sollicite
OBS,402,Dupont,Chloe,,,,2025-11-11,09:35,participation,repond_si_sollicite
OBS,402,Dupont,Chloe,,,,2025-11-11,09:37,ressources,sollicite_apres_cherche
OBS,402,Dupont,Chloe,,,,2025-11-11,09:39,finalisation,activite_terminee
OBS,402,Dupont,Chloe,,,,2025-11-11,09:41,entree,attend_sans_commencer
OBS,402,Marchand,Adam,,,,2025-11-11,09:37,tutorat,explique_camarade
OBS,402,Marchand,Adam,,,,2025-11-11,09:39,participation,repond_si_sollicite
OBS,402,Marchand,Adam,,,,2025-11-11,09:41,attention,concentre
OBS,402,Marchand,Adam,,,,2025-11-11,09:43,ressources,utilise_aides_activite
OBS,402,Lefebvre,Lea,,,,2025-11-11,09:27,tutorat,refuse_aider
OBS,402,Lefebvre,Lea,,,,2025-11-11,09:29,participation,repond_si_insiste
OBS,402,Lefebvre,Lea,,,,2025-11-11,09:31,finalisation,passe_autre_activite
OBS,402,Lefebvre,Lea,,,,2025-11-11,09:33,difficulte,observe_camarade
OBS,402,Guerin,Malo,,,,2025-11-11,09:44,tutorat,refuse_aider
OBS,402,Guerin,Malo,,,,2025-11-11,09:46,participation,ne_participe_pas
OBS,402,Guerin,Malo,,,,2025-11-11,09:48,difficulte,observe_camarade
OBS,402,Guerin,Malo,,,,2025-11-11,09:50,finalisation,passe_autre_activite
OBS,402,Guerin,Malo,,,,2025-11-11,09:52,entree,attend_sans_commencer
OBS,402,Dumas,Yanis,,,,2025-11-11,09:12,tutorat,aide_si_sollicite
OBS,402,Dumas,Yanis,,,,2025-11-11,09:14,participation,repond_si_sollicite
OBS,402,Dumas,Yanis,,,,2025-11-11,09:16,difficulte,attend_d
OBS,402,Dumas,Yanis,,,,2025-11-11,09:18,attention,concentre
OBS,402,Dumas,Yanis,,,,2025-11-11,09:20,finalisation,corrige_erreur
OBS,402,Garcia,Enzo,,,,2025-11-11,09:11,tutorat,donne_reponse_directe
OBS,402,Garcia,Enzo,,,,2025-11-11,09:13,participation,repond_si_sollicite
OBS,402,Garcia,Enzo,,,,2025-11-11,09:15,difficulte,attend_d
OBS,402,Garcia,Enzo,,,,2025-11-11,09:17,attention,bavarde_travail
OBS,402,Garcia,Enzo,,,,2025-11-11,09:19,finalisation,passe_autre_activite
OBS,402,Laurent,Lina,,,,2025-11-11,09:18,tutorat,donne_reponse_directe
OBS,402,Laurent,Lina,,,,2025-11-11,09:20,participation,repond_si_sollicite
OBS,402,Laurent,Lina,,,,2025-11-11,09:22,entree,demarre_relance
OBS,402,Laurent,Lina,,,,2025-11-11,09:24,finalisation,activite_terminee
OBS,402,Vincent,Lucie,,,,2025-11-11,09:32,tutorat,aide_si_sollicite
OBS,402,Vincent,Lucie,,,,2025-11-11,09:34,participation,repond_si_sollicite
OBS,402,Vincent,Lucie,,,,2025-11-11,09:36,finalisation,corrige_erreur
OBS,402,Vincent,Lucie,,,,2025-11-11,09:38,attention,reconcentre_seul
OBS,402,Vincent,Lucie,,,,2025-11-11,09:40,difficulte,cherche_seul
OBS,402,Blanc,Rafael,,,,2025-11-11,09:24,tutorat,donne_reponse_directe
OBS,402,Blanc,Rafael,,,,2025-11-11,09:26,participation,repond_si_sollicite
OBS,402,Blanc,Rafael,,,,2025-11-11,09:28,difficulte,attend_d
OBS,402,Blanc,Rafael,,,,2025-11-11,09:30,finalisation,activite_terminee
OBS,402,Blanc,Rafael,,,,2025-11-11,09:32,entree,demarre_relance
OBS,402,Mercier,Chloe,,,,2025-11-11,09:07,tutorat,aide_si_sollicite
OBS,402,Mercier,Chloe,,,,2025-11-11,09:09,participation,repond_si_sollicite
OBS,402,Mercier,Chloe,,,,2025-11-11,09:11,ressources,sollicite_immediat
OBS,402,Mercier,Chloe,,,,2025-11-11,09:13,entree,attend_sans_commencer
OBS,402,Richard,Rayan,,,,2025-11-11,09:05,tutorat,donne_reponse_directe
OBS,402,Richard,Rayan,,,,2025-11-11,09:07,participation,repond_si_sollicite
OBS,402,Richard,Rayan,,,,2025-11-11,09:09,ressources,sollicite_immediat
OBS,402,Richard,Rayan,,,,2025-11-11,09:11,entree,attend_sans_commencer
OBS,402,Richard,Rayan,,,,2025-11-11,09:13,attention,bavarde_travail
OBS,402,Bernard,Timeo,,,,2025-11-11,09:47,tutorat,donne_reponse_directe
OBS,402,Bernard,Timeo,,,,2025-11-11,09:49,participation,repond_si_insiste
OBS,402,Bernard,Timeo,,,,2025-11-11,09:51,finalisation,activite_incomplete
OBS,402,Bernard,Timeo,,,,2025-11-11,09:53,entree,demarre_relance
OBS,402,Bernard,Timeo,,,,2025-11-11,09:53,difficulte,observe_camarade
OBS,402,Fournier,Milo,,,,2025-11-11,09:13,tutorat,refuse_aider
OBS,402,Fournier,Milo,,,,2025-11-11,09:15,participation,ne_participe_pas
OBS,402,Fournier,Milo,,,,2025-11-11,09:17,difficulte,attend_d
OBS,402,Fournier,Milo,,,,2025-11-11,09:19,entree,ne_demarre_pas
OBS,402,Roux,Nina,,,,2025-11-11,09:20,tutorat,aide_si_sollicite
OBS,402,Roux,Nina,,,,2025-11-11,09:22,participation,repond_si_sollicite
OBS,402,Roux,Nina,,,,2025-11-11,09:24,difficulte,observe_camarade
OBS,402,Roux,Nina,,,,2025-11-11,09:26,attention,distrait_momentanement
OBS,402,Michel,Agathe,,,,2025-11-11,09:27,tutorat,donne_reponse_directe
OBS,402,Michel,Agathe,,,,2025-11-11,09:29,participation,repond_si_insiste
OBS,402,Michel,Agathe,,,,2025-11-11,09:31,ressources,sollicite_immediat
OBS,402,Michel,Agathe,,,,2025-11-11,09:33,attention,perturbe_camarade
OBS,402,Meunier,Axel,,,,2025-11-11,09:34,tutorat,explique_camarade
OBS,402,Meunier,Axel,,,,2025-11-11,09:36,participation,participe_spontanement
OBS,402,Meunier,Axel,,,,2025-11-11,09:38,difficulte,attend_d
OBS,402,Perrin,Ines,,,,2025-11-11,09:44,tutorat,donne_reponse_directe
OBS,402,Perrin,Ines,,,,2025-11-11,09:46,participation,participe_spontanement
OBS,402,Perrin,Ines,,,,2025-11-11,09:48,difficulte,utilise_coup_de_pouce
OBS,402,Perrin,Ines,,,,2025-11-11,09:50,attention,bavarde_travail
OBS,402,Bertrand,Agathe,,,,2025-11-11,09:45,tutorat,aide_si_sollicite
OBS,402,Bertrand,Agathe,,,,2025-11-11,09:47,participation,repond_si_sollicite
OBS,402,Bertrand,Agathe,,,,2025-11-11,09:49,entree,attend_sans_commencer
OBS,402,Bertrand,Agathe,,,,2025-11-11,09:51,finalisation,verifie_travail
OBS,402,Muller,Louise,,,,2025-11-11,09:38,tutorat,refuse_aider
OBS,402,Muller,Louise,,,,2025-11-11,09:40,participation,repond_si_insiste
OBS,402,Muller,Louise,,,,2025-11-11,09:42,entree,attend_sans_commencer
OBS,402,Muller,Louise,,,,2025-11-11,09:44,finalisation,activite_incomplete
OBS,402,Girard,Rafael,,,,2025-11-11,09:38,tutorat,donne_reponse_directe
OBS,402,Girard,Rafael,,,,2025-11-11,09:40,participation,repond_si_insiste
OBS,402,Girard,Rafael,,,,2025-11-11,09:42,attention,distrait_momentanement
OBS,402,Girard,Rafael,,,,2025-11-11,09:44,entree,demarre_relance
OBS,402,Girard,Rafael,,,,2025-11-11,09:46,ressources,sollicite_immediat
OBS,402,Lemoine,Louis,,,,2025-11-11,09:47,tutorat,donne_reponse_directe
OBS,402,Lemoine,Louis,,,,2025-11-11,09:49,participation,ne_participe_pas
OBS,402,Lemoine,Louis,,,,2025-11-11,09:51,difficulte,copie_correction
OBS,402,Lemoine,Louis,,,,2025-11-11,09:53,ressources,sollicite_immediat
SESSION,402,demo_402_202511140900,1763107200000,1763110500000
OBS,402,Andre,Nolan,,,,2025-11-14,09:31,tutorat,refuse_aider
OBS,402,Andre,Nolan,,,,2025-11-14,09:33,participation,ne_participe_pas
OBS,402,Andre,Nolan,,,,2025-11-14,09:35,finalisation,recopie_correction
OBS,402,Andre,Nolan,,,,2025-11-14,09:37,ressources,attend_correction
OBS,402,Robert,Elsa,,,,2025-11-14,09:10,tutorat,aide_si_sollicite
OBS,402,Robert,Elsa,,,,2025-11-14,09:12,participation,participe_spontanement
OBS,402,Robert,Elsa,,,,2025-11-14,09:14,entree,demarre_relance
OBS,402,Robert,Elsa,,,,2025-11-14,09:16,attention,bavarde_travail
OBS,402,Robert,Elsa,,,,2025-11-14,09:18,ressources,echange_camarade
OBS,402,Dupont,Chloe,,,,2025-11-14,09:31,tutorat,aide_si_sollicite
OBS,402,Dupont,Chloe,,,,2025-11-14,09:33,participation,repond_si_sollicite
OBS,402,Dupont,Chloe,,,,2025-11-14,09:35,entree,demarre_relance
OBS,402,Dupont,Chloe,,,,2025-11-14,09:37,ressources,sollicite_immediat
OBS,402,Marchand,Adam,,,,2025-11-14,09:02,tutorat,aide_si_sollicite
OBS,402,Marchand,Adam,,,,2025-11-14,09:04,participation,repond_si_sollicite
OBS,402,Marchand,Adam,,,,2025-11-14,09:06,finalisation,corrige_erreur
OBS,402,Marchand,Adam,,,,2025-11-14,09:08,entree,demarre_relance
OBS,402,Lefebvre,Lea,,,,2025-11-14,09:31,tutorat,donne_reponse_directe
OBS,402,Lefebvre,Lea,,,,2025-11-14,09:33,participation,repond_si_insiste
OBS,402,Lefebvre,Lea,,,,2025-11-14,09:35,entree,attend_sans_commencer
OBS,402,Lefebvre,Lea,,,,2025-11-14,09:37,ressources,attend_professeur
OBS,402,Lefebvre,Lea,,,,2025-11-14,09:39,attention,bavarde_travail
OBS,402,Guerin,Malo,,,,2025-11-14,09:32,tutorat,refuse_aider
OBS,402,Guerin,Malo,,,,2025-11-14,09:34,participation,repond_si_insiste
OBS,402,Guerin,Malo,,,,2025-11-14,09:36,attention,distrait_momentanement
OBS,402,Guerin,Malo,,,,2025-11-14,09:38,difficulte,observe_camarade
OBS,402,Dumas,Yanis,,,,2025-11-14,09:05,tutorat,aide_si_sollicite
OBS,402,Dumas,Yanis,,,,2025-11-14,09:07,participation,repond_si_insiste
OBS,402,Dumas,Yanis,,,,2025-11-14,09:09,difficulte,attend_d
OBS,402,Dumas,Yanis,,,,2025-11-14,09:11,ressources,sollicite_immediat
OBS,402,Garcia,Enzo,,,,2025-11-14,09:29,tutorat,aide_si_sollicite
OBS,402,Garcia,Enzo,,,,2025-11-14,09:31,participation,repond_si_insiste
OBS,402,Garcia,Enzo,,,,2025-11-14,09:33,entree,demarre_relance
OBS,402,Garcia,Enzo,,,,2025-11-14,09:35,ressources,utilise_aides_activite
OBS,402,Garcia,Enzo,,,,2025-11-14,09:37,attention,distrait_momentanement
OBS,402,Laurent,Lina,,,,2025-11-14,09:37,tutorat,donne_reponse_directe
OBS,402,Laurent,Lina,,,,2025-11-14,09:39,participation,repond_si_insiste
OBS,402,Laurent,Lina,,,,2025-11-14,09:41,ressources,sollicite_immediat
OBS,402,Laurent,Lina,,,,2025-11-14,09:43,finalisation,passe_autre_activite
OBS,402,Dubois,Timeo,,,,2025-11-14,09:42,tutorat,refuse_aider
OBS,402,Dubois,Timeo,,,,2025-11-14,09:44,participation,ne_participe_pas
OBS,402,Dubois,Timeo,,,,2025-11-14,09:46,ressources,attend_correction
OBS,402,Dubois,Timeo,,,,2025-11-14,09:48,attention,perturbe_camarade
OBS,402,Vincent,Lucie,,,,2025-11-14,09:22,tutorat,aide_si_sollicite
OBS,402,Vincent,Lucie,,,,2025-11-14,09:24,participation,repond_si_sollicite
OBS,402,Vincent,Lucie,,,,2025-11-14,09:26,attention,reconcentre_seul
OBS,402,Vincent,Lucie,,,,2025-11-14,09:28,entree,demarre_relance
OBS,402,Blanc,Rafael,,,,2025-11-14,09:27,tutorat,aide_si_sollicite
OBS,402,Blanc,Rafael,,,,2025-11-14,09:29,participation,repond_si_sollicite
OBS,402,Blanc,Rafael,,,,2025-11-14,09:31,entree,demarre_immediat
OBS,402,Blanc,Rafael,,,,2025-11-14,09:33,ressources,echange_camarade
OBS,402,Blanc,Rafael,,,,2025-11-14,09:35,attention,distrait_momentanement
OBS,402,Mercier,Chloe,,,,2025-11-14,09:33,tutorat,aide_si_sollicite
OBS,402,Mercier,Chloe,,,,2025-11-14,09:35,participation,repond_si_insiste
OBS,402,Mercier,Chloe,,,,2025-11-14,09:37,difficulte,cherche_seul
OBS,402,Mercier,Chloe,,,,2025-11-14,09:39,entree,demarre_relance
OBS,402,Mercier,Chloe,,,,2025-11-14,09:41,finalisation,activite_incomplete
OBS,402,Richard,Rayan,,,,2025-11-14,09:19,tutorat,aide_si_sollicite
OBS,402,Richard,Rayan,,,,2025-11-14,09:21,participation,repond_si_sollicite
OBS,402,Richard,Rayan,,,,2025-11-14,09:23,entree,attend_sans_commencer
OBS,402,Richard,Rayan,,,,2025-11-14,09:25,finalisation,activite_incomplete
OBS,402,Richard,Rayan,,,,2025-11-14,09:27,attention,distrait_momentanement
OBS,402,Faure,Timeo,,,,2025-11-14,09:33,tutorat,aide_si_sollicite
OBS,402,Faure,Timeo,,,,2025-11-14,09:35,participation,repond_si_insiste
OBS,402,Faure,Timeo,,,,2025-11-14,09:37,attention,bavarde_travail
OBS,402,Faure,Timeo,,,,2025-11-14,09:39,entree,attend_sans_commencer
OBS,402,Fournier,Milo,,,,2025-11-14,09:17,tutorat,refuse_aider
OBS,402,Fournier,Milo,,,,2025-11-14,09:19,participation,ne_participe_pas
OBS,402,Fournier,Milo,,,,2025-11-14,09:21,finalisation,recopie_correction
OBS,402,Fournier,Milo,,,,2025-11-14,09:23,attention,bavarde_travail
OBS,402,Fournier,Milo,,,,2025-11-14,09:25,ressources,sollicite_immediat
OBS,402,Roux,Nina,,,,2025-11-14,09:13,tutorat,donne_reponse_directe
OBS,402,Roux,Nina,,,,2025-11-14,09:15,participation,repond_si_insiste
OBS,402,Roux,Nina,,,,2025-11-14,09:17,attention,concentre
OBS,402,Roux,Nina,,,,2025-11-14,09:19,finalisation,activite_incomplete
OBS,402,Roux,Nina,,,,2025-11-14,09:21,difficulte,attend_d
OBS,402,David,Adam,,,,2025-11-14,09:23,tutorat,aide_si_sollicite
OBS,402,David,Adam,,,,2025-11-14,09:25,participation,repond_si_sollicite
OBS,402,David,Adam,,,,2025-11-14,09:27,entree,demarre_relance
OBS,402,David,Adam,,,,2025-11-14,09:29,attention,distrait_momentanement
OBS,402,Michel,Agathe,,,,2025-11-14,09:31,tutorat,donne_reponse_directe
OBS,402,Michel,Agathe,,,,2025-11-14,09:33,participation,repond_si_insiste
OBS,402,Michel,Agathe,,,,2025-11-14,09:35,difficulte,attend_d
OBS,402,Michel,Agathe,,,,2025-11-14,09:37,finalisation,passe_autre_activite
OBS,402,Michel,Agathe,,,,2025-11-14,09:39,attention,distrait_momentanement
OBS,402,Meunier,Axel,,,,2025-11-14,09:20,tutorat,donne_reponse_directe
OBS,402,Meunier,Axel,,,,2025-11-14,09:22,participation,ne_participe_pas
OBS,402,Meunier,Axel,,,,2025-11-14,09:24,entree,ne_demarre_pas
OBS,402,Perrin,Ines,,,,2025-11-14,09:26,tutorat,donne_reponse_directe
OBS,402,Perrin,Ines,,,,2025-11-14,09:28,participation,repond_si_insiste
OBS,402,Perrin,Ines,,,,2025-11-14,09:30,attention,bavarde_travail
OBS,402,Perrin,Ines,,,,2025-11-14,09:32,difficulte,copie_correction
OBS,402,Perrin,Ines,,,,2025-11-14,09:34,entree,ne_demarre_pas
OBS,402,Muller,Louise,,,,2025-11-14,09:19,tutorat,refuse_aider
OBS,402,Muller,Louise,,,,2025-11-14,09:21,participation,ne_participe_pas
OBS,402,Muller,Louise,,,,2025-11-14,09:23,attention,revasse
OBS,402,Muller,Louise,,,,2025-11-14,09:25,finalisation,recopie_correction
OBS,402,Girard,Rafael,,,,2025-11-14,09:47,tutorat,aide_si_sollicite
OBS,402,Girard,Rafael,,,,2025-11-14,09:49,participation,repond_si_insiste
OBS,402,Girard,Rafael,,,,2025-11-14,09:51,difficulte,attend_d
OBS,402,Girard,Rafael,,,,2025-11-14,09:53,entree,attend_sans_commencer
OBS,402,Lemoine,Louis,,,,2025-11-14,09:13,tutorat,donne_reponse_directe
OBS,402,Lemoine,Louis,,,,2025-11-14,09:15,participation,repond_si_insiste
OBS,402,Lemoine,Louis,,,,2025-11-14,09:17,entree,attend_sans_commencer
OBS,402,Lemoine,Louis,,,,2025-11-14,09:19,ressources,attend_professeur
SESSION,402,demo_402_202511190900,1763539200000,1763542500000
OBS,402,Moreau,Ines,,,,2025-11-19,09:34,tutorat,aide_si_sollicite
OBS,402,Moreau,Ines,,,,2025-11-19,09:36,participation,repond_si_sollicite
OBS,402,Moreau,Ines,,,,2025-11-19,09:38,attention,reconcentre_seul
OBS,402,Moreau,Ines,,,,2025-11-19,09:40,entree,demarre_relance
OBS,402,Moreau,Ines,,,,2025-11-19,09:42,ressources,utilise_aides_activite
OBS,402,Andre,Nolan,,,,2025-11-19,09:20,tutorat,refuse_aider
OBS,402,Andre,Nolan,,,,2025-11-19,09:22,participation,ne_participe_pas
OBS,402,Andre,Nolan,,,,2025-11-19,09:24,attention,bavarde_hors_sujet
OBS,402,Andre,Nolan,,,,2025-11-19,09:26,difficulte,copie_correction
OBS,402,Andre,Nolan,,,,2025-11-19,09:28,ressources,attend_correction
OBS,402,Robert,Elsa,,,,2025-11-19,09:15,tutorat,explique_camarade
OBS,402,Robert,Elsa,,,,2025-11-19,09:17,participation,participe_spontanement
OBS,402,Robert,Elsa,,,,2025-11-19,09:19,finalisation,activite_terminee
OBS,402,Robert,Elsa,,,,2025-11-19,09:21,ressources,utilise_document_r
OBS,402,Dupont,Chloe,,,,2025-11-19,09:28,tutorat,explique_camarade
OBS,402,Dupont,Chloe,,,,2025-11-19,09:30,participation,repond_si_sollicite
OBS,402,Dupont,Chloe,,,,2025-11-19,09:32,entree,demarre_relance
OBS,402,Dupont,Chloe,,,,2025-11-19,09:34,difficulte,cherche_seul
OBS,402,Dupont,Chloe,,,,2025-11-19,09:36,ressources,sollicite_apres_cherche
OBS,402,Marchand,Adam,,,,2025-11-19,09:47,tutorat,donne_reponse_directe
OBS,402,Marchand,Adam,,,,2025-11-19,09:49,participation,repond_si_sollicite
OBS,402,Marchand,Adam,,,,2025-11-19,09:51,finalisation,passe_autre_activite
OBS,402,Marchand,Adam,,,,2025-11-19,09:53,entree,demarre_relance
OBS,402,Marchand,Adam,,,,2025-11-19,09:53,attention,distrait_momentanement
OBS,402,Guerin,Malo,,,,2025-11-19,09:28,tutorat,donne_reponse_directe
OBS,402,Guerin,Malo,,,,2025-11-19,09:30,participation,repond_si_insiste
OBS,402,Guerin,Malo,,,,2025-11-19,09:32,difficulte,attend_d
OBS,402,Guerin,Malo,,,,2025-11-19,09:34,ressources,attend_correction
OBS,402,Dumas,Yanis,,,,2025-11-19,09:33,tutorat,donne_reponse_directe
OBS,402,Dumas,Yanis,,,,2025-11-19,09:35,participation,repond_si_insiste
OBS,402,Dumas,Yanis,,,,2025-11-19,09:37,entree,demarre_relance
OBS,402,Dumas,Yanis,,,,2025-11-19,09:39,ressources,attend_professeur
OBS,402,Garcia,Enzo,,,,2025-11-19,09:05,tutorat,donne_reponse_directe
OBS,402,Garcia,Enzo,,,,2025-11-19,09:07,participation,repond_si_sollicite
OBS,402,Garcia,Enzo,,,,2025-11-19,09:09,finalisation,activite_incomplete
OBS,402,Garcia,Enzo,,,,2025-11-19,09:11,ressources,sollicite_immediat
OBS,402,Laurent,Lina,,,,2025-11-19,09:23,tutorat,donne_reponse_directe
OBS,402,Laurent,Lina,,,,2025-11-19,09:25,participation,repond_si_insiste
OBS,402,Laurent,Lina,,,,2025-11-19,09:27,ressources,attend_professeur
OBS,402,Laurent,Lina,,,,2025-11-19,09:29,difficulte,attend_d
OBS,402,Laurent,Lina,,,,2025-11-19,09:31,finalisation,activite_incomplete
OBS,402,Dubois,Timeo,,,,2025-11-19,09:28,tutorat,refuse_aider
OBS,402,Dubois,Timeo,,,,2025-11-19,09:30,participation,ne_participe_pas
OBS,402,Dubois,Timeo,,,,2025-11-19,09:32,finalisation,recopie_correction
OBS,402,Dubois,Timeo,,,,2025-11-19,09:34,difficulte,copie_camarade
OBS,402,Dubois,Timeo,,,,2025-11-19,09:36,entree,ne_demarre_pas
OBS,402,Vincent,Lucie,,,,2025-11-19,09:43,tutorat,explique_camarade
OBS,402,Vincent,Lucie,,,,2025-11-19,09:45,participation,participe_spontanement
OBS,402,Vincent,Lucie,,,,2025-11-19,09:47,ressources,utilise_aides_activite
OBS,402,Vincent,Lucie,,,,2025-11-19,09:49,entree,demarre_immediat
OBS,402,Blanc,Rafael,,,,2025-11-19,09:24,tutorat,aide_si_sollicite
OBS,402,Blanc,Rafael,,,,2025-11-19,09:26,participation,repond_si_sollicite
OBS,402,Blanc,Rafael,,,,2025-11-19,09:28,entree,demarre_relance
OBS,402,Blanc,Rafael,,,,2025-11-19,09:30,ressources,utilise_aides_activite
OBS,402,Mercier,Chloe,,,,2025-11-19,09:28,tutorat,explique_camarade
OBS,402,Mercier,Chloe,,,,2025-11-19,09:30,participation,repond_si_sollicite
OBS,402,Mercier,Chloe,,,,2025-11-19,09:32,difficulte,demande_aide_pertinente
OBS,402,Mercier,Chloe,,,,2025-11-19,09:34,entree,demarre_immediat
OBS,402,Richard,Rayan,,,,2025-11-19,09:40,tutorat,aide_si_sollicite
OBS,402,Richard,Rayan,,,,2025-11-19,09:42,participation,repond_si_insiste
OBS,402,Richard,Rayan,,,,2025-11-19,09:44,finalisation,passe_autre_activite
OBS,402,Richard,Rayan,,,,2025-11-19,09:46,attention,distrait_momentanement
OBS,402,Richard,Rayan,,,,2025-11-19,09:48,difficulte,utilise_coup_de_pouce
OBS,402,Bernard,Timeo,,,,2025-11-19,09:43,tutorat,donne_reponse_directe
OBS,402,Bernard,Timeo,,,,2025-11-19,09:45,participation,repond_si_sollicite
OBS,402,Bernard,Timeo,,,,2025-11-19,09:47,finalisation,corrige_erreur
OBS,402,Bernard,Timeo,,,,2025-11-19,09:49,attention,concentre
OBS,402,Bernard,Timeo,,,,2025-11-19,09:51,difficulte,observe_camarade
OBS,402,Fournier,Milo,,,,2025-11-19,09:38,tutorat,refuse_aider
OBS,402,Fournier,Milo,,,,2025-11-19,09:40,participation,ne_participe_pas
OBS,402,Fournier,Milo,,,,2025-11-19,09:42,difficulte,copie_camarade
OBS,402,Fournier,Milo,,,,2025-11-19,09:44,entree,ne_demarre_pas
OBS,402,Roux,Nina,,,,2025-11-19,09:41,tutorat,donne_reponse_directe
OBS,402,Roux,Nina,,,,2025-11-19,09:43,participation,repond_si_sollicite
OBS,402,Roux,Nina,,,,2025-11-19,09:45,difficulte,observe_camarade
OBS,402,Roux,Nina,,,,2025-11-19,09:47,ressources,echange_camarade
OBS,402,Roux,Nina,,,,2025-11-19,09:49,finalisation,activite_incomplete
OBS,402,David,Adam,,,,2025-11-19,09:12,tutorat,donne_reponse_directe
OBS,402,David,Adam,,,,2025-11-19,09:14,participation,repond_si_sollicite
OBS,402,David,Adam,,,,2025-11-19,09:16,finalisation,activite_incomplete
OBS,402,David,Adam,,,,2025-11-19,09:18,attention,bavarde_travail
OBS,402,David,Adam,,,,2025-11-19,09:20,entree,demarre_relance
OBS,402,Michel,Agathe,,,,2025-11-19,09:13,tutorat,donne_reponse_directe
OBS,402,Michel,Agathe,,,,2025-11-19,09:15,participation,ne_participe_pas
OBS,402,Michel,Agathe,,,,2025-11-19,09:17,finalisation,activite_incomplete
OBS,402,Michel,Agathe,,,,2025-11-19,09:19,ressources,attend_professeur
OBS,402,Michel,Agathe,,,,2025-11-19,09:21,entree,attend_sans_commencer
OBS,402,Perrin,Ines,,,,2025-11-19,09:01,tutorat,donne_reponse_directe
OBS,402,Perrin,Ines,,,,2025-11-19,09:03,participation,repond_si_sollicite
OBS,402,Perrin,Ines,,,,2025-11-19,09:05,attention,bavarde_travail
OBS,402,Perrin,Ines,,,,2025-11-19,09:07,ressources,sollicite_immediat
OBS,402,Perrin,Ines,,,,2025-11-19,09:09,entree,demarre_relance
OBS,402,Sanchez,Iris,,,,2025-11-19,09:01,tutorat,aide_si_sollicite
OBS,402,Sanchez,Iris,,,,2025-11-19,09:03,participation,repond_si_sollicite
OBS,402,Sanchez,Iris,,,,2025-11-19,09:05,ressources,echange_camarade
OBS,402,Sanchez,Iris,,,,2025-11-19,09:07,finalisation,activite_incomplete
OBS,402,Girard,Rafael,,,,2025-11-19,09:09,tutorat,aide_si_sollicite
OBS,402,Girard,Rafael,,,,2025-11-19,09:11,participation,repond_si_sollicite
OBS,402,Girard,Rafael,,,,2025-11-19,09:13,attention,reconcentre_seul
OBS,402,Girard,Rafael,,,,2025-11-19,09:15,finalisation,activite_incomplete
OBS,402,Lemoine,Louis,,,,2025-11-19,09:27,tutorat,donne_reponse_directe
OBS,402,Lemoine,Louis,,,,2025-11-19,09:29,participation,repond_si_sollicite
OBS,402,Lemoine,Louis,,,,2025-11-19,09:31,attention,distrait_momentanement
OBS,402,Lemoine,Louis,,,,2025-11-19,09:33,difficulte,observe_camarade
SESSION,402,demo_402_202511240900,1763971200000,1763974500000
OBS,402,Moreau,Ines,,,,2025-11-24,09:30,tutorat,donne_reponse_directe
OBS,402,Moreau,Ines,,,,2025-11-24,09:32,participation,ne_participe_pas
OBS,402,Moreau,Ines,,,,2025-11-24,09:34,finalisation,passe_autre_activite
OBS,402,Moreau,Ines,,,,2025-11-24,09:36,attention,bavarde_travail
OBS,402,Moreau,Ines,,,,2025-11-24,09:38,ressources,attend_professeur
OBS,402,Andre,Nolan,,,,2025-11-24,09:33,tutorat,refuse_aider
OBS,402,Andre,Nolan,,,,2025-11-24,09:35,participation,ne_participe_pas
OBS,402,Andre,Nolan,,,,2025-11-24,09:37,finalisation,recopie_correction
OBS,402,Andre,Nolan,,,,2025-11-24,09:39,ressources,attend_correction
OBS,402,Robert,Elsa,,,,2025-11-24,09:17,tutorat,aide_si_sollicite
OBS,402,Robert,Elsa,,,,2025-11-24,09:19,participation,participe_spontanement
OBS,402,Robert,Elsa,,,,2025-11-24,09:21,attention,concentre
OBS,402,Robert,Elsa,,,,2025-11-24,09:23,difficulte,utilise_document_d
OBS,402,Robert,Elsa,,,,2025-11-24,09:25,entree,demarre_relance
OBS,402,Renard,Milo,,,,2025-11-24,09:10,tutorat,refuse_aider
OBS,402,Renard,Milo,,,,2025-11-24,09:12,participation,repond_si_insiste
OBS,402,Renard,Milo,,,,2025-11-24,09:14,finalisation,activite_incomplete
OBS,402,Renard,Milo,,,,2025-11-24,09:16,entree,ne_demarre_pas
OBS,402,Denis,Emma,,,,2025-11-24,09:19,tutorat,donne_reponse_directe
OBS,402,Denis,Emma,,,,2025-11-24,09:21,participation,repond_si_sollicite
OBS,402,Denis,Emma,,,,2025-11-24,09:23,entree,demarre_relance
OBS,402,Denis,Emma,,,,2025-11-24,09:25,attention,distrait_momentanement
OBS,402,Denis,Emma,,,,2025-11-24,09:27,ressources,sollicite_immediat
OBS,402,Dupont,Chloe,,,,2025-11-24,09:44,tutorat,donne_reponse_directe
OBS,402,Dupont,Chloe,,,,2025-11-24,09:46,participation,repond_si_insiste
OBS,402,Dupont,Chloe,,,,2025-11-24,09:48,finalisation,activite_terminee
OBS,402,Dupont,Chloe,,,,2025-11-24,09:50,ressources,sollicite_immediat
OBS,402,Marchand,Adam,,,,2025-11-24,09:48,tutorat,aide_si_sollicite
OBS,402,Marchand,Adam,,,,2025-11-24,09:50,participation,repond_si_sollicite
OBS,402,Marchand,Adam,,,,2025-11-24,09:52,finalisation,corrige_erreur
OBS,402,Marchand,Adam,,,,2025-11-24,09:53,attention,reconcentre_seul
OBS,402,Lefebvre,Lea,,,,2025-11-24,09:31,tutorat,aide_si_sollicite
OBS,402,Lefebvre,Lea,,,,2025-11-24,09:33,participation,repond_si_insiste
OBS,402,Lefebvre,Lea,,,,2025-11-24,09:35,finalisation,passe_autre_activite
OBS,402,Lefebvre,Lea,,,,2025-11-24,09:37,difficulte,observe_camarade
OBS,402,Lefebvre,Lea,,,,2025-11-24,09:39,entree,attend_sans_commencer
OBS,402,Guerin,Malo,,,,2025-11-24,09:40,tutorat,refuse_aider
OBS,402,Guerin,Malo,,,,2025-11-24,09:42,participation,repond_si_insiste
OBS,402,Guerin,Malo,,,,2025-11-24,09:44,finalisation,recopie_correction
OBS,402,Guerin,Malo,,,,2025-11-24,09:46,difficulte,copie_camarade
OBS,402,Dumas,Yanis,,,,2025-11-24,09:35,tutorat,aide_si_sollicite
OBS,402,Dumas,Yanis,,,,2025-11-24,09:37,participation,repond_si_sollicite
OBS,402,Dumas,Yanis,,,,2025-11-24,09:39,ressources,sollicite_apres_cherche
OBS,402,Dumas,Yanis,,,,2025-11-24,09:41,entree,demarre_relance
OBS,402,Garcia,Enzo,,,,2025-11-24,09:25,tutorat,aide_si_sollicite
OBS,402,Garcia,Enzo,,,,2025-11-24,09:27,participation,repond_si_sollicite
OBS,402,Garcia,Enzo,,,,2025-11-24,09:29,ressources,attend_professeur
OBS,402,Garcia,Enzo,,,,2025-11-24,09:31,attention,bavarde_travail
OBS,402,Laurent,Lina,,,,2025-11-24,09:46,tutorat,donne_reponse_directe
OBS,402,Laurent,Lina,,,,2025-11-24,09:48,participation,repond_si_sollicite
OBS,402,Laurent,Lina,,,,2025-11-24,09:50,difficulte,observe_camarade
OBS,402,Laurent,Lina,,,,2025-11-24,09:52,attention,distrait_momentanement
OBS,402,Laurent,Lina,,,,2025-11-24,09:53,finalisation,activite_incomplete
OBS,402,Dubois,Timeo,,,,2025-11-24,09:30,tutorat,refuse_aider
OBS,402,Dubois,Timeo,,,,2025-11-24,09:32,participation,ne_participe_pas
OBS,402,Dubois,Timeo,,,,2025-11-24,09:34,ressources,sollicite_immediat
OBS,402,Dubois,Timeo,,,,2025-11-24,09:36,finalisation,recopie_correction
OBS,402,Vincent,Lucie,,,,2025-11-24,09:31,tutorat,explique_camarade
OBS,402,Vincent,Lucie,,,,2025-11-24,09:33,participation,participe_spontanement
OBS,402,Vincent,Lucie,,,,2025-11-24,09:35,finalisation,corrige_erreur
OBS,402,Vincent,Lucie,,,,2025-11-24,09:37,attention,concentre
OBS,402,Vincent,Lucie,,,,2025-11-24,09:39,ressources,utilise_document_r
OBS,402,Mercier,Chloe,,,,2025-11-24,09:11,tutorat,donne_reponse_directe
OBS,402,Mercier,Chloe,,,,2025-11-24,09:13,participation,repond_si_insiste
OBS,402,Mercier,Chloe,,,,2025-11-24,09:15,finalisation,activite_incomplete
OBS,402,Mercier,Chloe,,,,2025-11-24,09:17,attention,distrait_momentanement
OBS,402,Richard,Rayan,,,,2025-11-24,09:36,tutorat,aide_si_sollicite
OBS,402,Richard,Rayan,,,,2025-11-24,09:38,participation,participe_spontanement
OBS,402,Richard,Rayan,,,,2025-11-24,09:40,ressources,echange_camarade
OBS,402,Richard,Rayan,,,,2025-11-24,09:42,difficulte,utilise_document_d
OBS,402,Bernard,Timeo,,,,2025-11-24,09:08,tutorat,explique_camarade
OBS,402,Bernard,Timeo,,,,2025-11-24,09:10,participation,participe_spontanement
OBS,402,Bernard,Timeo,,,,2025-11-24,09:12,difficulte,attend_d
OBS,402,Bernard,Timeo,,,,2025-11-24,09:14,attention,concentre
OBS,402,Bernard,Timeo,,,,2025-11-24,09:16,entree,demarre_relance
OBS,402,Fournier,Milo,,,,2025-11-24,09:08,tutorat,refuse_aider
OBS,402,Fournier,Milo,,,,2025-11-24,09:10,participation,ne_participe_pas
OBS,402,Fournier,Milo,,,,2025-11-24,09:12,finalisation,recopie_correction
OBS,402,Fournier,Milo,,,,2025-11-24,09:14,difficulte,copie_correction
OBS,402,Fournier,Milo,,,,2025-11-24,09:16,attention,revasse
OBS,402,Roux,Nina,,,,2025-11-24,09:06,tutorat,aide_si_sollicite
OBS,402,Roux,Nina,,,,2025-11-24,09:08,participation,repond_si_insiste
OBS,402,Roux,Nina,,,,2025-11-24,09:10,entree,demarre_relance
OBS,402,Roux,Nina,,,,2025-11-24,09:12,ressources,attend_professeur
OBS,402,David,Adam,,,,2025-11-24,09:20,tutorat,donne_reponse_directe
OBS,402,David,Adam,,,,2025-11-24,09:22,participation,repond_si_insiste
OBS,402,David,Adam,,,,2025-11-24,09:24,ressources,attend_professeur
OBS,402,David,Adam,,,,2025-11-24,09:26,finalisation,corrige_erreur
OBS,402,Michel,Agathe,,,,2025-11-24,09:46,tutorat,aide_si_sollicite
OBS,402,Michel,Agathe,,,,2025-11-24,09:48,participation,repond_si_insiste
OBS,402,Michel,Agathe,,,,2025-11-24,09:50,finalisation,activite_incomplete
OBS,402,Michel,Agathe,,,,2025-11-24,09:52,difficulte,observe_camarade
OBS,402,Meunier,Axel,,,,2025-11-24,09:12,tutorat,aide_si_sollicite
OBS,402,Meunier,Axel,,,,2025-11-24,09:14,participation,repond_si_sollicite
OBS,402,Meunier,Axel,,,,2025-11-24,09:16,difficulte,observe_camarade
OBS,402,Perrin,Ines,,,,2025-11-24,09:48,tutorat,donne_reponse_directe
OBS,402,Perrin,Ines,,,,2025-11-24,09:50,participation,repond_si_insiste
OBS,402,Perrin,Ines,,,,2025-11-24,09:52,finalisation,activite_incomplete
OBS,402,Perrin,Ines,,,,2025-11-24,09:53,ressources,attend_correction
OBS,402,Sanchez,Iris,,,,2025-11-24,09:01,tutorat,explique_camarade
OBS,402,Sanchez,Iris,,,,2025-11-24,09:03,participation,participe_spontanement
OBS,402,Sanchez,Iris,,,,2025-11-24,09:05,difficulte,cherche_seul
OBS,402,Sanchez,Iris,,,,2025-11-24,09:07,attention,reconcentre_seul
OBS,402,Sanchez,Iris,,,,2025-11-24,09:09,finalisation,corrige_erreur
OBS,402,Lemoine,Louis,,,,2025-11-24,09:05,tutorat,refuse_aider
OBS,402,Lemoine,Louis,,,,2025-11-24,09:07,participation,repond_si_insiste
OBS,402,Lemoine,Louis,,,,2025-11-24,09:09,entree,attend_sans_commencer
OBS,402,Lemoine,Louis,,,,2025-11-24,09:11,finalisation,passe_autre_activite
OBS,402,Lemoine,Louis,,,,2025-11-24,09:13,attention,revasse
SESSION,402,demo_402_202511270900,1764230400000,1764233700000
OBS,402,Andre,Nolan,,,,2025-11-27,09:05,tutorat,refuse_aider
OBS,402,Andre,Nolan,,,,2025-11-27,09:07,participation,ne_participe_pas
OBS,402,Andre,Nolan,,,,2025-11-27,09:09,ressources,attend_correction
OBS,402,Andre,Nolan,,,,2025-11-27,09:11,attention,bavarde_hors_sujet
OBS,402,Robert,Elsa,,,,2025-11-27,09:05,tutorat,explique_camarade
OBS,402,Robert,Elsa,,,,2025-11-27,09:07,participation,repond_si_sollicite
OBS,402,Robert,Elsa,,,,2025-11-27,09:09,attention,reconcentre_seul
OBS,402,Robert,Elsa,,,,2025-11-27,09:11,difficulte,utilise_document_d
OBS,402,Denis,Emma,,,,2025-11-27,09:17,tutorat,aide_si_sollicite
OBS,402,Denis,Emma,,,,2025-11-27,09:19,participation,repond_si_insiste
OBS,402,Denis,Emma,,,,2025-11-27,09:21,attention,distrait_momentanement
OBS,402,Denis,Emma,,,,2025-11-27,09:23,finalisation,activite_incomplete
OBS,402,Marchand,Adam,,,,2025-11-27,09:32,tutorat,donne_reponse_directe
OBS,402,Marchand,Adam,,,,2025-11-27,09:34,participation,repond_si_sollicite
OBS,402,Marchand,Adam,,,,2025-11-27,09:36,entree,demarre_relance
OBS,402,Marchand,Adam,,,,2025-11-27,09:38,difficulte,observe_camarade
OBS,402,Marchand,Adam,,,,2025-11-27,09:40,ressources,sollicite_immediat
OBS,402,Lefebvre,Lea,,,,2025-11-27,09:05,tutorat,donne_reponse_directe
OBS,402,Lefebvre,Lea,,,,2025-11-27,09:07,participation,repond_si_insiste
OBS,402,Lefebvre,Lea,,,,2025-11-27,09:09,finalisation,activite_incomplete
OBS,402,Lefebvre,Lea,,,,2025-11-27,09:11,entree,demarre_relance
OBS,402,Guerin,Malo,,,,2025-11-27,09:21,tutorat,refuse_aider
OBS,402,Guerin,Malo,,,,2025-11-27,09:23,participation,ne_participe_pas
OBS,402,Guerin,Malo,,,,2025-11-27,09:25,finalisation,activite_incomplete
OBS,402,Guerin,Malo,,,,2025-11-27,09:27,attention,bavarde_travail
OBS,402,Dumas,Yanis,,,,2025-11-27,09:35,tutorat,aide_si_sollicite
OBS,402,Dumas,Yanis,,,,2025-11-27,09:37,participation,repond_si_sollicite
OBS,402,Dumas,Yanis,,,,2025-11-27,09:39,finalisation,activite_incomplete
OBS,402,Dumas,Yanis,,,,2025-11-27,09:41,ressources,utilise_aides_activite
OBS,402,Garcia,Enzo,,,,2025-11-27,09:30,tutorat,donne_reponse_directe
OBS,402,Garcia,Enzo,,,,2025-11-27,09:32,participation,repond_si_insiste
OBS,402,Garcia,Enzo,,,,2025-11-27,09:34,attention,distrait_momentanement
OBS,402,Garcia,Enzo,,,,2025-11-27,09:36,difficulte,attend_d
OBS,402,Laurent,Lina,,,,2025-11-27,09:07,tutorat,donne_reponse_directe
OBS,402,Laurent,Lina,,,,2025-11-27,09:09,participation,repond_si_insiste
OBS,402,Laurent,Lina,,,,2025-11-27,09:11,ressources,sollicite_immediat
OBS,402,Laurent,Lina,,,,2025-11-27,09:13,finalisation,activite_incomplete
OBS,402,Dubois,Timeo,,,,2025-11-27,09:13,tutorat,donne_reponse_directe
OBS,402,Dubois,Timeo,,,,2025-11-27,09:15,participation,ne_participe_pas
OBS,402,Dubois,Timeo,,,,2025-11-27,09:17,ressources,attend_correction
OBS,402,Dubois,Timeo,,,,2025-11-27,09:19,entree,ne_demarre_pas
OBS,402,Dubois,Timeo,,,,2025-11-27,09:21,difficulte,observe_camarade
OBS,402,Blanc,Rafael,,,,2025-11-27,09:15,tutorat,aide_si_sollicite
OBS,402,Blanc,Rafael,,,,2025-11-27,09:17,participation,repond_si_sollicite
OBS,402,Blanc,Rafael,,,,2025-11-27,09:19,attention,distrait_momentanement
OBS,402,Blanc,Rafael,,,,2025-11-27,09:21,finalisation,verifie_travail
OBS,402,Richard,Rayan,,,,2025-11-27,09:03,tutorat,aide_si_sollicite
OBS,402,Richard,Rayan,,,,2025-11-27,09:05,participation,repond_si_sollicite
OBS,402,Richard,Rayan,,,,2025-11-27,09:07,ressources,sollicite_immediat
OBS,402,Richard,Rayan,,,,2025-11-27,09:09,entree,demarre_relance
OBS,402,Richard,Rayan,,,,2025-11-27,09:11,attention,reconcentre_seul
OBS,402,Bernard,Timeo,,,,2025-11-27,09:13,tutorat,aide_si_sollicite
OBS,402,Bernard,Timeo,,,,2025-11-27,09:15,participation,repond_si_sollicite
OBS,402,Bernard,Timeo,,,,2025-11-27,09:17,attention,reconcentre_seul
OBS,402,Bernard,Timeo,,,,2025-11-27,09:19,difficulte,utilise_document_d
OBS,402,Roux,Nina,,,,2025-11-27,09:33,tutorat,donne_reponse_directe
OBS,402,Roux,Nina,,,,2025-11-27,09:35,participation,repond_si_sollicite
OBS,402,Roux,Nina,,,,2025-11-27,09:37,entree,demarre_relance
OBS,402,Roux,Nina,,,,2025-11-27,09:39,finalisation,activite_incomplete
OBS,402,Roux,Nina,,,,2025-11-27,09:41,attention,bavarde_travail
OBS,402,David,Adam,,,,2025-11-27,09:18,tutorat,aide_si_sollicite
OBS,402,David,Adam,,,,2025-11-27,09:20,participation,repond_si_sollicite
OBS,402,David,Adam,,,,2025-11-27,09:22,ressources,attend_professeur
OBS,402,David,Adam,,,,2025-11-27,09:24,finalisation,passe_autre_activite
OBS,402,Michel,Agathe,,,,2025-11-27,09:45,tutorat,donne_reponse_directe
OBS,402,Michel,Agathe,,,,2025-11-27,09:47,participation,ne_participe_pas
OBS,402,Michel,Agathe,,,,2025-11-27,09:49,finalisation,activite_incomplete
OBS,402,Michel,Agathe,,,,2025-11-27,09:51,entree,attend_sans_commencer
OBS,402,Michel,Agathe,,,,2025-11-27,09:53,difficulte,observe_camarade
OBS,402,Perrin,Ines,,,,2025-11-27,09:44,tutorat,donne_reponse_directe
OBS,402,Perrin,Ines,,,,2025-11-27,09:46,participation,repond_si_insiste
OBS,402,Perrin,Ines,,,,2025-11-27,09:48,ressources,attend_professeur
OBS,402,Perrin,Ines,,,,2025-11-27,09:50,finalisation,activite_incomplete
OBS,402,Bertrand,Agathe,,,,2025-11-27,09:18,tutorat,donne_reponse_directe
OBS,402,Bertrand,Agathe,,,,2025-11-27,09:20,participation,repond_si_insiste
OBS,402,Bertrand,Agathe,,,,2025-11-27,09:22,finalisation,recopie_correction
OBS,402,Sanchez,Iris,,,,2025-11-27,09:13,tutorat,aide_si_sollicite
OBS,402,Sanchez,Iris,,,,2025-11-27,09:15,participation,repond_si_sollicite
OBS,402,Sanchez,Iris,,,,2025-11-27,09:17,ressources,utilise_document_r
OBS,402,Sanchez,Iris,,,,2025-11-27,09:19,finalisation,corrige_erreur
OBS,402,Sanchez,Iris,,,,2025-11-27,09:21,attention,concentre
OBS,402,Girard,Rafael,,,,2025-11-27,09:19,tutorat,donne_reponse_directe
OBS,402,Girard,Rafael,,,,2025-11-27,09:21,participation,repond_si_insiste
OBS,402,Girard,Rafael,,,,2025-11-27,09:23,finalisation,passe_autre_activite
OBS,402,Girard,Rafael,,,,2025-11-27,09:25,attention,distrait_momentanement
OBS,402,Lemoine,Louis,,,,2025-11-27,09:02,tutorat,refuse_aider
OBS,402,Lemoine,Louis,,,,2025-11-27,09:04,participation,repond_si_insiste
OBS,402,Lemoine,Louis,,,,2025-11-27,09:06,difficulte,attend_d
OBS,402,Lemoine,Louis,,,,2025-11-27,09:08,finalisation,activite_incomplete
SESSION,402,demo_402_202512020900,1764662400000,1764665700000
OBS,402,Andre,Nolan,,,,2025-12-02,09:17,tutorat,donne_reponse_directe
OBS,402,Andre,Nolan,,,,2025-12-02,09:19,participation,ne_participe_pas
OBS,402,Andre,Nolan,,,,2025-12-02,09:21,difficulte,observe_camarade
OBS,402,Andre,Nolan,,,,2025-12-02,09:23,attention,bavarde_travail
OBS,402,Robert,Elsa,,,,2025-12-02,09:22,tutorat,aide_si_sollicite
OBS,402,Robert,Elsa,,,,2025-12-02,09:24,participation,participe_spontanement
OBS,402,Robert,Elsa,,,,2025-12-02,09:26,attention,reconcentre_seul
OBS,402,Robert,Elsa,,,,2025-12-02,09:28,ressources,utilise_document_r
OBS,402,Denis,Emma,,,,2025-12-02,09:37,tutorat,donne_reponse_directe
OBS,402,Denis,Emma,,,,2025-12-02,09:39,participation,repond_si_insiste
OBS,402,Denis,Emma,,,,2025-12-02,09:41,difficulte,attend_d
OBS,402,Denis,Emma,,,,2025-12-02,09:43,finalisation,passe_autre_activite
OBS,402,Dupont,Chloe,,,,2025-12-02,09:22,tutorat,aide_si_sollicite
OBS,402,Dupont,Chloe,,,,2025-12-02,09:24,participation,repond_si_sollicite
OBS,402,Dupont,Chloe,,,,2025-12-02,09:26,entree,attend_sans_commencer
OBS,402,Dupont,Chloe,,,,2025-12-02,09:28,attention,distrait_momentanement
OBS,402,Dupont,Chloe,,,,2025-12-02,09:30,finalisation,activite_incomplete
OBS,402,Marchand,Adam,,,,2025-12-02,09:29,tutorat,aide_si_sollicite
OBS,402,Marchand,Adam,,,,2025-12-02,09:31,participation,repond_si_insiste
OBS,402,Marchand,Adam,,,,2025-12-02,09:33,attention,bavarde_travail
OBS,402,Marchand,Adam,,,,2025-12-02,09:35,finalisation,activite_terminee
OBS,402,Lefebvre,Lea,,,,2025-12-02,09:26,tutorat,donne_reponse_directe
OBS,402,Lefebvre,Lea,,,,2025-12-02,09:28,participation,ne_participe_pas
OBS,402,Lefebvre,Lea,,,,2025-12-02,09:30,difficulte,copie_camarade
OBS,402,Lefebvre,Lea,,,,2025-12-02,09:32,attention,bavarde_travail
OBS,402,Lefebvre,Lea,,,,2025-12-02,09:34,entree,attend_sans_commencer
OBS,402,Guerin,Malo,,,,2025-12-02,09:47,tutorat,refuse_aider
OBS,402,Guerin,Malo,,,,2025-12-02,09:49,participation,repond_si_insiste
OBS,402,Guerin,Malo,,,,2025-12-02,09:51,finalisation,passe_autre_activite
OBS,402,Guerin,Malo,,,,2025-12-02,09:53,entree,attend_sans_commencer
OBS,402,Dumas,Yanis,,,,2025-12-02,09:32,tutorat,aide_si_sollicite
OBS,402,Dumas,Yanis,,,,2025-12-02,09:34,participation,repond_si_sollicite
OBS,402,Dumas,Yanis,,,,2025-12-02,09:36,finalisation,passe_autre_activite
OBS,402,Dumas,Yanis,,,,2025-12-02,09:38,difficulte,observe_camarade
OBS,402,Dumas,Yanis,,,,2025-12-02,09:40,ressources,sollicite_apres_cherche
OBS,402,Garcia,Enzo,,,,2025-12-02,09:12,tutorat,aide_si_sollicite
OBS,402,Garcia,Enzo,,,,2025-12-02,09:14,participation,participe_spontanement
OBS,402,Garcia,Enzo,,,,2025-12-02,09:16,difficulte,utilise_document_d
OBS,402,Garcia,Enzo,,,,2025-12-02,09:18,entree,demarre_relance
OBS,402,Laurent,Lina,,,,2025-12-02,09:43,tutorat,donne_reponse_directe
OBS,402,Laurent,Lina,,,,2025-12-02,09:45,participation,repond_si_insiste
OBS,402,Laurent,Lina,,,,2025-12-02,09:47,ressources,attend_correction
OBS,402,Laurent,Lina,,,,2025-12-02,09:49,attention,distrait_momentanement
OBS,402,Dubois,Timeo,,,,2025-12-02,09:43,tutorat,donne_reponse_directe
OBS,402,Dubois,Timeo,,,,2025-12-02,09:45,participation,ne_participe_pas
OBS,402,Dubois,Timeo,,,,2025-12-02,09:47,difficulte,copie_camarade
OBS,402,Dubois,Timeo,,,,2025-12-02,09:49,attention,revasse
OBS,402,Dubois,Timeo,,,,2025-12-02,09:51,finalisation,recopie_correction
OBS,402,Vincent,Lucie,,,,2025-12-02,09:31,tutorat,aide_si_sollicite
OBS,402,Vincent,Lucie,,,,2025-12-02,09:33,participation,participe_spontanement
OBS,402,Vincent,Lucie,,,,2025-12-02,09:35,entree,demarre_immediat
OBS,402,Vincent,Lucie,,,,2025-12-02,09:37,attention,reconcentre_seul
OBS,402,Vincent,Lucie,,,,2025-12-02,09:39,difficulte,utilise_coup_de_pouce
OBS,402,Blanc,Rafael,,,,2025-12-02,09:41,tutorat,explique_camarade
OBS,402,Blanc,Rafael,,,,2025-12-02,09:43,participation,participe_spontanement
OBS,402,Blanc,Rafael,,,,2025-12-02,09:45,finalisation,verifie_travail
OBS,402,Blanc,Rafael,,,,2025-12-02,09:47,ressources,echange_camarade
OBS,402,Blanc,Rafael,,,,2025-12-02,09:49,difficulte,utilise_coup_de_pouce
OBS,402,Richard,Rayan,,,,2025-12-02,09:33,tutorat,aide_si_sollicite
OBS,402,Richard,Rayan,,,,2025-12-02,09:35,participation,repond_si_sollicite
OBS,402,Richard,Rayan,,,,2025-12-02,09:37,difficulte,attend_d
OBS,402,Richard,Rayan,,,,2025-12-02,09:39,finalisation,activite_incomplete
OBS,402,Roux,Nina,,,,2025-12-02,09:30,tutorat,aide_si_sollicite
OBS,402,Roux,Nina,,,,2025-12-02,09:32,participation,repond_si_sollicite
OBS,402,Roux,Nina,,,,2025-12-02,09:34,entree,demarre_relance
OBS,402,Roux,Nina,,,,2025-12-02,09:36,ressources,sollicite_immediat
OBS,402,David,Adam,,,,2025-12-02,09:18,tutorat,donne_reponse_directe
OBS,402,David,Adam,,,,2025-12-02,09:20,participation,repond_si_insiste
OBS,402,David,Adam,,,,2025-12-02,09:22,ressources,attend_professeur
OBS,402,David,Adam,,,,2025-12-02,09:24,difficulte,attend_d
OBS,402,Sanchez,Iris,,,,2025-12-02,09:46,tutorat,aide_si_sollicite
OBS,402,Sanchez,Iris,,,,2025-12-02,09:48,participation,repond_si_sollicite
OBS,402,Sanchez,Iris,,,,2025-12-02,09:50,entree,demarre_relance
OBS,402,Sanchez,Iris,,,,2025-12-02,09:52,ressources,utilise_document_r
OBS,402,Girard,Rafael,,,,2025-12-02,09:14,tutorat,aide_si_sollicite
OBS,402,Girard,Rafael,,,,2025-12-02,09:16,participation,repond_si_insiste
OBS,402,Girard,Rafael,,,,2025-12-02,09:18,difficulte,attend_d
OBS,402,Girard,Rafael,,,,2025-12-02,09:20,entree,demarre_relance
SESSION,402,demo_402_202512040900,1764835200000,1764838500000
OBS,402,Moreau,Ines,,,,2025-12-04,09:38,tutorat,donne_reponse_directe
OBS,402,Moreau,Ines,,,,2025-12-04,09:40,participation,repond_si_sollicite
OBS,402,Moreau,Ines,,,,2025-12-04,09:42,entree,attend_sans_commencer
OBS,402,Moreau,Ines,,,,2025-12-04,09:44,attention,distrait_momentanement
OBS,402,Andre,Nolan,,,,2025-12-04,09:38,tutorat,donne_reponse_directe
OBS,402,Andre,Nolan,,,,2025-12-04,09:40,participation,ne_participe_pas
OBS,402,Andre,Nolan,,,,2025-12-04,09:42,ressources,attend_professeur
OBS,402,Andre,Nolan,,,,2025-12-04,09:44,finalisation,activite_incomplete
OBS,402,Andre,Nolan,,,,2025-12-04,09:46,difficulte,copie_correction
OBS,402,Robert,Elsa,,,,2025-12-04,09:14,tutorat,explique_camarade
OBS,402,Robert,Elsa,,,,2025-12-04,09:16,participation,participe_spontanement
OBS,402,Robert,Elsa,,,,2025-12-04,09:18,entree,demarre_immediat
OBS,402,Robert,Elsa,,,,2025-12-04,09:20,attention,reconcentre_seul
OBS,402,Renard,Milo,,,,2025-12-04,09:36,tutorat,refuse_aider
OBS,402,Renard,Milo,,,,2025-12-04,09:38,participation,ne_participe_pas
OBS,402,Renard,Milo,,,,2025-12-04,09:40,attention,revasse
OBS,402,Renard,Milo,,,,2025-12-04,09:42,difficulte,copie_correction
OBS,402,Renard,Milo,,,,2025-12-04,09:44,ressources,attend_correction
OBS,402,Denis,Emma,,,,2025-12-04,09:10,tutorat,refuse_aider
OBS,402,Denis,Emma,,,,2025-12-04,09:12,participation,ne_participe_pas
OBS,402,Denis,Emma,,,,2025-12-04,09:14,attention,revasse
OBS,402,Denis,Emma,,,,2025-12-04,09:16,entree,attend_sans_commencer
OBS,402,Dupont,Chloe,,,,2025-12-04,09:30,tutorat,aide_si_sollicite
OBS,402,Dupont,Chloe,,,,2025-12-04,09:32,participation,repond_si_insiste
OBS,402,Dupont,Chloe,,,,2025-12-04,09:34,finalisation,corrige_erreur
OBS,402,Dupont,Chloe,,,,2025-12-04,09:36,ressources,attend_professeur
OBS,402,Dupont,Chloe,,,,2025-12-04,09:38,difficulte,observe_camarade
OBS,402,Lefebvre,Lea,,,,2025-12-04,09:46,tutorat,aide_si_sollicite
OBS,402,Lefebvre,Lea,,,,2025-12-04,09:48,participation,participe_spontanement
OBS,402,Lefebvre,Lea,,,,2025-12-04,09:50,entree,demarre_relance
OBS,402,Lefebvre,Lea,,,,2025-12-04,09:52,difficulte,demande_aide_pertinente
OBS,402,Guerin,Malo,,,,2025-12-04,09:07,tutorat,aide_si_sollicite
OBS,402,Guerin,Malo,,,,2025-12-04,09:09,participation,repond_si_sollicite
OBS,402,Guerin,Malo,,,,2025-12-04,09:11,attention,reconcentre_seul
OBS,402,Guerin,Malo,,,,2025-12-04,09:13,finalisation,passe_autre_activite
OBS,402,Guerin,Malo,,,,2025-12-04,09:15,ressources,sollicite_immediat
OBS,402,Dumas,Yanis,,,,2025-12-04,09:06,tutorat,aide_si_sollicite
OBS,402,Dumas,Yanis,,,,2025-12-04,09:08,participation,repond_si_sollicite
OBS,402,Dumas,Yanis,,,,2025-12-04,09:10,finalisation,passe_autre_activite
OBS,402,Dumas,Yanis,,,,2025-12-04,09:12,attention,bavarde_travail
OBS,402,Dumas,Yanis,,,,2025-12-04,09:14,entree,demarre_relance
OBS,402,Garcia,Enzo,,,,2025-12-04,09:27,tutorat,aide_si_sollicite
OBS,402,Garcia,Enzo,,,,2025-12-04,09:29,participation,repond_si_sollicite
OBS,402,Garcia,Enzo,,,,2025-12-04,09:31,entree,demarre_relance
OBS,402,Garcia,Enzo,,,,2025-12-04,09:33,finalisation,corrige_erreur
OBS,402,Garcia,Enzo,,,,2025-12-04,09:35,difficulte,utilise_document_d
OBS,402,Laurent,Lina,,,,2025-12-04,09:09,tutorat,donne_reponse_directe
OBS,402,Laurent,Lina,,,,2025-12-04,09:11,participation,repond_si_sollicite
OBS,402,Laurent,Lina,,,,2025-12-04,09:13,finalisation,activite_incomplete
OBS,402,Laurent,Lina,,,,2025-12-04,09:15,attention,distrait_momentanement
OBS,402,Dubois,Timeo,,,,2025-12-04,09:20,tutorat,refuse_aider
OBS,402,Dubois,Timeo,,,,2025-12-04,09:22,participation,ne_participe_pas
OBS,402,Dubois,Timeo,,,,2025-12-04,09:24,attention,perturbe_camarade
OBS,402,Dubois,Timeo,,,,2025-12-04,09:26,entree,attend_sans_commencer
OBS,402,Dubois,Timeo,,,,2025-12-04,09:28,difficulte,copie_camarade
OBS,402,Vincent,Lucie,,,,2025-12-04,09:45,tutorat,aide_si_sollicite
OBS,402,Vincent,Lucie,,,,2025-12-04,09:47,participation,participe_spontanement
OBS,402,Vincent,Lucie,,,,2025-12-04,09:49,ressources,utilise_aides_activite
OBS,402,Vincent,Lucie,,,,2025-12-04,09:51,difficulte,utilise_coup_de_pouce
OBS,402,Mercier,Chloe,,,,2025-12-04,09:34,tutorat,aide_si_sollicite
OBS,402,Mercier,Chloe,,,,2025-12-04,09:36,participation,repond_si_sollicite
OBS,402,Mercier,Chloe,,,,2025-12-04,09:38,entree,attend_sans_commencer
OBS,402,Mercier,Chloe,,,,2025-12-04,09:40,attention,revasse
OBS,402,Richard,Rayan,,,,2025-12-04,09:46,tutorat,aide_si_sollicite
OBS,402,Richard,Rayan,,,,2025-12-04,09:48,participation,repond_si_insiste
OBS,402,Richard,Rayan,,,,2025-12-04,09:50,finalisation,passe_autre_activite
OBS,402,Richard,Rayan,,,,2025-12-04,09:52,ressources,attend_professeur
OBS,402,Bernard,Timeo,,,,2025-12-04,09:07,tutorat,aide_si_sollicite
OBS,402,Bernard,Timeo,,,,2025-12-04,09:09,participation,repond_si_sollicite
OBS,402,Bernard,Timeo,,,,2025-12-04,09:11,difficulte,observe_camarade
OBS,402,Bernard,Timeo,,,,2025-12-04,09:13,finalisation,activite_terminee
OBS,402,Fournier,Milo,,,,2025-12-04,09:48,tutorat,refuse_aider
OBS,402,Fournier,Milo,,,,2025-12-04,09:50,participation,ne_participe_pas
OBS,402,Fournier,Milo,,,,2025-12-04,09:52,difficulte,observe_camarade
OBS,402,Fournier,Milo,,,,2025-12-04,09:53,entree,ne_demarre_pas
OBS,402,Roux,Nina,,,,2025-12-04,09:16,tutorat,donne_reponse_directe
OBS,402,Roux,Nina,,,,2025-12-04,09:18,participation,repond_si_sollicite
OBS,402,Roux,Nina,,,,2025-12-04,09:20,ressources,sollicite_immediat
OBS,402,Roux,Nina,,,,2025-12-04,09:22,finalisation,activite_terminee
OBS,402,David,Adam,,,,2025-12-04,09:20,tutorat,refuse_aider
OBS,402,David,Adam,,,,2025-12-04,09:22,participation,repond_si_insiste
OBS,402,David,Adam,,,,2025-12-04,09:24,finalisation,activite_incomplete
OBS,402,David,Adam,,,,2025-12-04,09:26,entree,ne_demarre_pas
OBS,402,Michel,Agathe,,,,2025-12-04,09:01,tutorat,donne_reponse_directe
OBS,402,Michel,Agathe,,,,2025-12-04,09:03,participation,repond_si_insiste
OBS,402,Michel,Agathe,,,,2025-12-04,09:05,finalisation,passe_autre_activite
OBS,402,Michel,Agathe,,,,2025-12-04,09:07,entree,attend_sans_commencer
OBS,402,Meunier,Axel,,,,2025-12-04,09:47,tutorat,aide_si_sollicite
OBS,402,Meunier,Axel,,,,2025-12-04,09:49,participation,participe_spontanement
OBS,402,Meunier,Axel,,,,2025-12-04,09:51,difficulte,demande_aide_pertinente
OBS,402,Sanchez,Iris,,,,2025-12-04,09:12,tutorat,explique_camarade
OBS,402,Sanchez,Iris,,,,2025-12-04,09:14,participation,participe_spontanement
OBS,402,Sanchez,Iris,,,,2025-12-04,09:16,entree,demarre_relance
OBS,402,Sanchez,Iris,,,,2025-12-04,09:18,difficulte,cherche_seul
SESSION,402,demo_402_202512090900,1765267200000,1765270500000
OBS,402,Moreau,Ines,,,,2025-12-09,09:10,tutorat,donne_reponse_directe
OBS,402,Moreau,Ines,,,,2025-12-09,09:12,participation,repond_si_insiste
OBS,402,Moreau,Ines,,,,2025-12-09,09:14,finalisation,verifie_travail
OBS,402,Moreau,Ines,,,,2025-12-09,09:16,attention,bavarde_travail
OBS,402,Andre,Nolan,,,,2025-12-09,09:01,tutorat,refuse_aider
OBS,402,Andre,Nolan,,,,2025-12-09,09:03,participation,ne_participe_pas
OBS,402,Andre,Nolan,,,,2025-12-09,09:05,entree,ne_demarre_pas
OBS,402,Andre,Nolan,,,,2025-12-09,09:07,ressources,attend_correction
OBS,402,Andre,Nolan,,,,2025-12-09,09:09,attention,bavarde_hors_sujet
OBS,402,Robert,Elsa,,,,2025-12-09,09:14,tutorat,aide_si_sollicite
OBS,402,Robert,Elsa,,,,2025-12-09,09:16,participation,participe_spontanement
OBS,402,Robert,Elsa,,,,2025-12-09,09:18,ressources,utilise_document_r
OBS,402,Robert,Elsa,,,,2025-12-09,09:20,finalisation,activite_terminee
OBS,402,Robert,Elsa,,,,2025-12-09,09:22,entree,demarre_relance
OBS,402,Renard,Milo,,,,2025-12-09,09:37,tutorat,refuse_aider
OBS,402,Renard,Milo,,,,2025-12-09,09:39,participation,repond_si_insiste
OBS,402,Renard,Milo,,,,2025-12-09,09:41,entree,attend_sans_commencer
OBS,402,Renard,Milo,,,,2025-12-09,09:43,difficulte,copie_camarade
OBS,402,Renard,Milo,,,,2025-12-09,09:45,finalisation,recopie_correction
OBS,402,Denis,Emma,,,,2025-12-09,09:40,tutorat,donne_reponse_directe
OBS,402,Denis,Emma,,,,2025-12-09,09:42,participation,repond_si_insiste
OBS,402,Denis,Emma,,,,2025-12-09,09:44,ressources,attend_professeur
OBS,402,Denis,Emma,,,,2025-12-09,09:46,difficulte,observe_camarade
OBS,402,Denis,Emma,,,,2025-12-09,09:48,entree,attend_sans_commencer
OBS,402,Dupont,Chloe,,,,2025-12-09,09:02,tutorat,aide_si_sollicite
OBS,402,Dupont,Chloe,,,,2025-12-09,09:04,participation,repond_si_sollicite
OBS,402,Dupont,Chloe,,,,2025-12-09,09:06,attention,reconcentre_seul
OBS,402,Dupont,Chloe,,,,2025-12-09,09:08,finalisation,activite_incomplete
OBS,402,Dupont,Chloe,,,,2025-12-09,09:10,difficulte,observe_camarade
OBS,402,Marchand,Adam,,,,2025-12-09,09:27,tutorat,aide_si_sollicite
OBS,402,Marchand,Adam,,,,2025-12-09,09:29,participation,ne_participe_pas
OBS,402,Marchand,Adam,,,,2025-12-09,09:31,entree,attend_sans_commencer
OBS,402,Marchand,Adam,,,,2025-12-09,09:33,ressources,sollicite_immediat
OBS,402,Marchand,Adam,,,,2025-12-09,09:35,attention,distrait_momentanement
OBS,402,Lefebvre,Lea,,,,2025-12-09,09:36,tutorat,donne_reponse_directe
OBS,402,Lefebvre,Lea,,,,2025-12-09,09:38,participation,repond_si_sollicite
OBS,402,Lefebvre,Lea,,,,2025-12-09,09:40,difficulte,observe_camarade
OBS,402,Lefebvre,Lea,,,,2025-12-09,09:42,finalisation,activite_incomplete
OBS,402,Lefebvre,Lea,,,,2025-12-09,09:44,attention,distrait_momentanement
OBS,402,Dumas,Yanis,,,,2025-12-09,09:12,tutorat,donne_reponse_directe
OBS,402,Dumas,Yanis,,,,2025-12-09,09:14,participation,repond_si_insiste
OBS,402,Dumas,Yanis,,,,2025-12-09,09:16,attention,perturbe_camarade
OBS,402,Dumas,Yanis,,,,2025-12-09,09:18,ressources,attend_professeur
OBS,402,Garcia,Enzo,,,,2025-12-09,09:40,tutorat,donne_reponse_directe
OBS,402,Garcia,Enzo,,,,2025-12-09,09:42,participation,repond_si_sollicite
OBS,402,Garcia,Enzo,,,,2025-12-09,09:44,ressources,sollicite_apres_cherche
OBS,402,Garcia,Enzo,,,,2025-12-09,09:46,finalisation,activite_terminee
OBS,402,Laurent,Lina,,,,2025-12-09,09:29,tutorat,aide_si_sollicite
OBS,402,Laurent,Lina,,,,2025-12-09,09:31,participation,repond_si_insiste
OBS,402,Laurent,Lina,,,,2025-12-09,09:33,entree,attend_sans_commencer
OBS,402,Laurent,Lina,,,,2025-12-09,09:35,difficulte,observe_camarade
OBS,402,Dubois,Timeo,,,,2025-12-09,09:40,tutorat,refuse_aider
OBS,402,Dubois,Timeo,,,,2025-12-09,09:42,participation,ne_participe_pas
OBS,402,Dubois,Timeo,,,,2025-12-09,09:44,attention,revasse
OBS,402,Dubois,Timeo,,,,2025-12-09,09:46,finalisation,recopie_correction
OBS,402,Vincent,Lucie,,,,2025-12-09,09:12,tutorat,aide_si_sollicite
OBS,402,Vincent,Lucie,,,,2025-12-09,09:14,participation,repond_si_sollicite
OBS,402,Vincent,Lucie,,,,2025-12-09,09:16,attention,concentre
OBS,402,Vincent,Lucie,,,,2025-12-09,09:18,difficulte,utilise_document_d
OBS,402,Vincent,Lucie,,,,2025-12-09,09:20,finalisation,verifie_travail
OBS,402,Richard,Rayan,,,,2025-12-09,09:24,tutorat,aide_si_sollicite
OBS,402,Richard,Rayan,,,,2025-12-09,09:26,participation,repond_si_insiste
OBS,402,Richard,Rayan,,,,2025-12-09,09:28,entree,demarre_relance
OBS,402,Richard,Rayan,,,,2025-12-09,09:30,ressources,attend_professeur
OBS,402,Fournier,Milo,,,,2025-12-09,09:22,tutorat,refuse_aider
OBS,402,Fournier,Milo,,,,2025-12-09,09:24,participation,ne_participe_pas
OBS,402,Fournier,Milo,,,,2025-12-09,09:26,difficulte,observe_camarade
OBS,402,Fournier,Milo,,,,2025-12-09,09:28,entree,ne_demarre_pas
OBS,402,Roux,Nina,,,,2025-12-09,09:24,tutorat,donne_reponse_directe
OBS,402,Roux,Nina,,,,2025-12-09,09:26,participation,repond_si_sollicite
OBS,402,Roux,Nina,,,,2025-12-09,09:28,ressources,sollicite_apres_cherche
OBS,402,Roux,Nina,,,,2025-12-09,09:30,finalisation,activite_incomplete
OBS,402,Roux,Nina,,,,2025-12-09,09:32,attention,bavarde_travail
OBS,402,David,Adam,,,,2025-12-09,09:03,tutorat,donne_reponse_directe
OBS,402,David,Adam,,,,2025-12-09,09:05,participation,repond_si_sollicite
OBS,402,David,Adam,,,,2025-12-09,09:07,finalisation,activite_incomplete
OBS,402,David,Adam,,,,2025-12-09,09:09,attention,bavarde_travail
OBS,402,David,Adam,,,,2025-12-09,09:11,difficulte,observe_camarade
OBS,402,Perrin,Ines,,,,2025-12-09,09:47,tutorat,donne_reponse_directe
OBS,402,Perrin,Ines,,,,2025-12-09,09:49,participation,repond_si_sollicite
OBS,402,Perrin,Ines,,,,2025-12-09,09:51,entree,demarre_relance
OBS,402,Perrin,Ines,,,,2025-12-09,09:53,ressources,attend_professeur
OBS,402,Perrin,Ines,,,,2025-12-09,09:53,difficulte,observe_camarade
OBS,402,Sanchez,Iris,,,,2025-12-09,09:16,tutorat,explique_camarade
OBS,402,Sanchez,Iris,,,,2025-12-09,09:18,participation,participe_spontanement
OBS,402,Sanchez,Iris,,,,2025-12-09,09:20,attention,concentre
OBS,402,Sanchez,Iris,,,,2025-12-09,09:22,finalisation,verifie_travail
OBS,402,Muller,Louise,,,,2025-12-09,09:08,tutorat,refuse_aider
OBS,402,Muller,Louise,,,,2025-12-09,09:10,participation,repond_si_insiste
OBS,402,Muller,Louise,,,,2025-12-09,09:12,entree,ne_demarre_pas
OBS,402,Muller,Louise,,,,2025-12-09,09:14,attention,perturbe_camarade
OBS,402,Lemoine,Louis,,,,2025-12-09,09:06,tutorat,donne_reponse_directe
OBS,402,Lemoine,Louis,,,,2025-12-09,09:08,participation,ne_participe_pas
OBS,402,Lemoine,Louis,,,,2025-12-09,09:10,attention,distrait_momentanement
OBS,402,Lemoine,Louis,,,,2025-12-09,09:12,finalisation,passe_autre_activite
SESSION,402,demo_402_202512120900,1765526400000,1765529700000
OBS,402,Moreau,Ines,,,,2025-12-12,09:11,tutorat,donne_reponse_directe
OBS,402,Moreau,Ines,,,,2025-12-12,09:13,participation,repond_si_insiste
OBS,402,Moreau,Ines,,,,2025-12-12,09:15,entree,ne_demarre_pas
OBS,402,Moreau,Ines,,,,2025-12-12,09:17,attention,distrait_momentanement
OBS,402,Moreau,Ines,,,,2025-12-12,09:19,difficulte,copie_camarade
OBS,402,Andre,Nolan,,,,2025-12-12,09:07,tutorat,refuse_aider
OBS,402,Andre,Nolan,,,,2025-12-12,09:09,participation,ne_participe_pas
OBS,402,Andre,Nolan,,,,2025-12-12,09:11,ressources,attend_correction
OBS,402,Andre,Nolan,,,,2025-12-12,09:13,finalisation,passe_autre_activite
OBS,402,Robert,Elsa,,,,2025-12-12,09:02,tutorat,explique_camarade
OBS,402,Robert,Elsa,,,,2025-12-12,09:04,participation,participe_spontanement
OBS,402,Robert,Elsa,,,,2025-12-12,09:06,ressources,echange_camarade
OBS,402,Robert,Elsa,,,,2025-12-12,09:08,finalisation,activite_terminee
OBS,402,Robert,Elsa,,,,2025-12-12,09:10,entree,demarre_immediat
OBS,402,Renard,Milo,,,,2025-12-12,09:32,tutorat,refuse_aider
OBS,402,Renard,Milo,,,,2025-12-12,09:34,participation,ne_participe_pas
OBS,402,Renard,Milo,,,,2025-12-12,09:36,attention,perturbe_camarade
OBS,402,Renard,Milo,,,,2025-12-12,09:38,ressources,attend_correction
OBS,402,Denis,Emma,,,,2025-12-12,09:27,tutorat,donne_reponse_directe
OBS,402,Denis,Emma,,,,2025-12-12,09:29,participation,repond_si_sollicite
OBS,402,Denis,Emma,,,,2025-12-12,09:31,entree,attend_sans_commencer
OBS,402,Denis,Emma,,,,2025-12-12,09:33,difficulte,attend_d
OBS,402,Denis,Emma,,,,2025-12-12,09:35,finalisation,activite_incomplete
OBS,402,Dupont,Chloe,,,,2025-12-12,09:16,tutorat,aide_si_sollicite
OBS,402,Dupont,Chloe,,,,2025-12-12,09:18,participation,repond_si_sollicite
OBS,402,Dupont,Chloe,,,,2025-12-12,09:20,finalisation,corrige_erreur
OBS,402,Dupont,Chloe,,,,2025-12-12,09:22,attention,distrait_momentanement
OBS,402,Marchand,Adam,,,,2025-12-12,09:46,tutorat,aide_si_sollicite
OBS,402,Marchand,Adam,,,,2025-12-12,09:48,participation,repond_si_sollicite
OBS,402,Marchand,Adam,,,,2025-12-12,09:50,finalisation,corrige_erreur
OBS,402,Marchand,Adam,,,,2025-12-12,09:52,attention,concentre
OBS,402,Lefebvre,Lea,,,,2025-12-12,09:36,tutorat,donne_reponse_directe
OBS,402,Lefebvre,Lea,,,,2025-12-12,09:38,participation,repond_si_insiste
OBS,402,Lefebvre,Lea,,,,2025-12-12,09:40,ressources,sollicite_apres_cherche
OBS,402,Lefebvre,Lea,,,,2025-12-12,09:42,finalisation,passe_autre_activite
OBS,402,Guerin,Malo,,,,2025-12-12,09:14,tutorat,donne_reponse_directe
OBS,402,Guerin,Malo,,,,2025-12-12,09:16,participation,repond_si_insiste
OBS,402,Guerin,Malo,,,,2025-12-12,09:18,attention,bavarde_travail
OBS,402,Guerin,Malo,,,,2025-12-12,09:20,finalisation,activite_incomplete
OBS,402,Dumas,Yanis,,,,2025-12-12,09:05,tutorat,aide_si_sollicite
OBS,402,Dumas,Yanis,,,,2025-12-12,09:07,participation,participe_spontanement
OBS,402,Dumas,Yanis,,,,2025-12-12,09:09,entree,demarre_relance
OBS,402,Dumas,Yanis,,,,2025-12-12,09:11,ressources,utilise_aides_activite
OBS,402,Dumas,Yanis,,,,2025-12-12,09:13,finalisation,activite_terminee
OBS,402,Garcia,Enzo,,,,2025-12-12,09:44,tutorat,aide_si_sollicite
OBS,402,Garcia,Enzo,,,,2025-12-12,09:46,participation,repond_si_sollicite
OBS,402,Garcia,Enzo,,,,2025-12-12,09:48,ressources,utilise_document_r
OBS,402,Garcia,Enzo,,,,2025-12-12,09:50,attention,concentre
OBS,402,Garcia,Enzo,,,,2025-12-12,09:52,difficulte,demande_aide_pertinente
OBS,402,Laurent,Lina,,,,2025-12-12,09:07,tutorat,donne_reponse_directe
OBS,402,Laurent,Lina,,,,2025-12-12,09:09,participation,ne_participe_pas
OBS,402,Laurent,Lina,,,,2025-12-12,09:11,entree,attend_sans_commencer
OBS,402,Laurent,Lina,,,,2025-12-12,09:13,ressources,attend_correction
OBS,402,Laurent,Lina,,,,2025-12-12,09:15,attention,distrait_momentanement
OBS,402,Dubois,Timeo,,,,2025-12-12,09:41,tutorat,refuse_aider
OBS,402,Dubois,Timeo,,,,2025-12-12,09:43,participation,ne_participe_pas
OBS,402,Dubois,Timeo,,,,2025-12-12,09:45,entree,ne_demarre_pas
OBS,402,Dubois,Timeo,,,,2025-12-12,09:47,attention,bavarde_hors_sujet
OBS,402,Vincent,Lucie,,,,2025-12-12,09:02,tutorat,explique_camarade
OBS,402,Vincent,Lucie,,,,2025-12-12,09:04,participation,participe_spontanement
OBS,402,Vincent,Lucie,,,,2025-12-12,09:06,ressources,utilise_aides_activite
OBS,402,Vincent,Lucie,,,,2025-12-12,09:08,entree,demarre_immediat
OBS,402,Vincent,Lucie,,,,2025-12-12,09:10,attention,concentre
OBS,402,Blanc,Rafael,,,,2025-12-12,09:09,tutorat,aide_si_sollicite
OBS,402,Blanc,Rafael,,,,2025-12-12,09:11,participation,repond_si_sollicite
OBS,402,Blanc,Rafael,,,,2025-12-12,09:13,ressources,attend_professeur
OBS,402,Blanc,Rafael,,,,2025-12-12,09:15,difficulte,attend_d
OBS,402,Mercier,Chloe,,,,2025-12-12,09:47,tutorat,donne_reponse_directe
OBS,402,Mercier,Chloe,,,,2025-12-12,09:49,participation,repond_si_sollicite
OBS,402,Mercier,Chloe,,,,2025-12-12,09:51,attention,distrait_momentanement
OBS,402,Mercier,Chloe,,,,2025-12-12,09:53,entree,demarre_relance
OBS,402,Mercier,Chloe,,,,2025-12-12,09:53,difficulte,attend_d
OBS,402,Richard,Rayan,,,,2025-12-12,09:06,tutorat,explique_camarade
OBS,402,Richard,Rayan,,,,2025-12-12,09:08,participation,repond_si_insiste
OBS,402,Richard,Rayan,,,,2025-12-12,09:10,entree,demarre_relance
OBS,402,Richard,Rayan,,,,2025-12-12,09:12,difficulte,demande_aide_pertinente
OBS,402,Richard,Rayan,,,,2025-12-12,09:14,finalisation,activite_terminee
OBS,402,Bernard,Timeo,,,,2025-12-12,09:47,tutorat,donne_reponse_directe
OBS,402,Bernard,Timeo,,,,2025-12-12,09:49,participation,repond_si_insiste
OBS,402,Bernard,Timeo,,,,2025-12-12,09:51,finalisation,passe_autre_activite
OBS,402,Bernard,Timeo,,,,2025-12-12,09:53,ressources,attend_professeur
OBS,402,Bernard,Timeo,,,,2025-12-12,09:53,attention,bavarde_travail
OBS,402,Faure,Timeo,,,,2025-12-12,09:48,tutorat,donne_reponse_directe
OBS,402,Faure,Timeo,,,,2025-12-12,09:50,participation,repond_si_sollicite
OBS,402,Faure,Timeo,,,,2025-12-12,09:52,finalisation,activite_incomplete
OBS,402,Faure,Timeo,,,,2025-12-12,09:53,attention,bavarde_travail
OBS,402,Meunier,Axel,,,,2025-12-12,09:26,tutorat,aide_si_sollicite
OBS,402,Meunier,Axel,,,,2025-12-12,09:28,participation,repond_si_insiste
OBS,402,Meunier,Axel,,,,2025-12-12,09:30,attention,revasse
OBS,402,Meunier,Axel,,,,2025-12-12,09:32,entree,demarre_relance
OBS,402,Sanchez,Iris,,,,2025-12-12,09:40,tutorat,aide_si_sollicite
OBS,402,Sanchez,Iris,,,,2025-12-12,09:42,participation,participe_spontanement
OBS,402,Sanchez,Iris,,,,2025-12-12,09:44,finalisation,verifie_travail
OBS,402,Sanchez,Iris,,,,2025-12-12,09:46,attention,concentre
OBS,402,Sanchez,Iris,,,,2025-12-12,09:48,entree,demarre_immediat
OBS,402,Muller,Louise,,,,2025-12-12,09:34,tutorat,refuse_aider
OBS,402,Muller,Louise,,,,2025-12-12,09:36,participation,ne_participe_pas
OBS,402,Muller,Louise,,,,2025-12-12,09:38,attention,bavarde_hors_sujet
OBS,402,Muller,Louise,,,,2025-12-12,09:40,ressources,attend_correction
OBS,402,Muller,Louise,,,,2025-12-12,09:42,entree,ne_demarre_pas
SESSION,402,demo_402_202512170900,1765958400000,1765961700000
OBS,402,Moreau,Ines,,,,2025-12-17,09:48,tutorat,donne_reponse_directe
OBS,402,Moreau,Ines,,,,2025-12-17,09:50,participation,repond_si_insiste
OBS,402,Moreau,Ines,,,,2025-12-17,09:52,entree,attend_sans_commencer
OBS,402,Moreau,Ines,,,,2025-12-17,09:53,finalisation,activite_incomplete
OBS,402,Andre,Nolan,,,,2025-12-17,09:19,tutorat,refuse_aider
OBS,402,Andre,Nolan,,,,2025-12-17,09:21,participation,ne_participe_pas
OBS,402,Andre,Nolan,,,,2025-12-17,09:23,attention,perturbe_camarade
OBS,402,Andre,Nolan,,,,2025-12-17,09:25,difficulte,copie_camarade
OBS,402,Andre,Nolan,,,,2025-12-17,09:27,entree,ne_demarre_pas
OBS,402,Robert,Elsa,,,,2025-12-17,09:05,tutorat,aide_si_sollicite
OBS,402,Robert,Elsa,,,,2025-12-17,09:07,participation,repond_si_sollicite
OBS,402,Robert,Elsa,,,,2025-12-17,09:09,entree,demarre_immediat
OBS,402,Robert,Elsa,,,,2025-12-17,09:11,ressources,attend_professeur
OBS,402,Renard,Milo,,,,2025-12-17,09:19,tutorat,refuse_aider
OBS,402,Renard,Milo,,,,2025-12-17,09:21,participation,ne_participe_pas
OBS,402,Renard,Milo,,,,2025-12-17,09:23,ressources,attend_correction
OBS,402,Renard,Milo,,,,2025-12-17,09:25,entree,ne_demarre_pas
OBS,402,Denis,Emma,,,,2025-12-17,09:19,tutorat,aide_si_sollicite
OBS,402,Denis,Emma,,,,2025-12-17,09:21,participation,repond_si_insiste
OBS,402,Denis,Emma,,,,2025-12-17,09:23,entree,attend_sans_commencer
OBS,402,Denis,Emma,,,,2025-12-17,09:25,attention,distrait_momentanement
OBS,402,Denis,Emma,,,,2025-12-17,09:27,difficulte,observe_camarade
OBS,402,Dupont,Chloe,,,,2025-12-17,09:48,tutorat,aide_si_sollicite
OBS,402,Dupont,Chloe,,,,2025-12-17,09:50,participation,participe_spontanement
OBS,402,Dupont,Chloe,,,,2025-12-17,09:52,finalisation,activite_incomplete
OBS,402,Dupont,Chloe,,,,2025-12-17,09:53,attention,distrait_momentanement
OBS,402,Dupont,Chloe,,,,2025-12-17,09:53,difficulte,observe_camarade
OBS,402,Marchand,Adam,,,,2025-12-17,09:20,tutorat,aide_si_sollicite
OBS,402,Marchand,Adam,,,,2025-12-17,09:22,participation,repond_si_sollicite
OBS,402,Marchand,Adam,,,,2025-12-17,09:24,ressources,echange_camarade
OBS,402,Marchand,Adam,,,,2025-12-17,09:26,entree,demarre_immediat
OBS,402,Marchand,Adam,,,,2025-12-17,09:28,difficulte,demande_aide_pertinente
OBS,402,Lefebvre,Lea,,,,2025-12-17,09:17,tutorat,donne_reponse_directe
OBS,402,Lefebvre,Lea,,,,2025-12-17,09:19,participation,ne_participe_pas
OBS,402,Lefebvre,Lea,,,,2025-12-17,09:21,ressources,sollicite_immediat
OBS,402,Lefebvre,Lea,,,,2025-12-17,09:23,finalisation,activite_incomplete
OBS,402,Guerin,Malo,,,,2025-12-17,09:40,tutorat,refuse_aider
OBS,402,Guerin,Malo,,,,2025-12-17,09:42,participation,repond_si_insiste
OBS,402,Guerin,Malo,,,,2025-12-17,09:44,ressources,sollicite_immediat
OBS,402,Guerin,Malo,,,,2025-12-17,09:46,difficulte,observe_camarade
OBS,402,Guerin,Malo,,,,2025-12-17,09:48,finalisation,recopie_correction
OBS,402,Garcia,Enzo,,,,2025-12-17,09:46,tutorat,donne_reponse_directe
OBS,402,Garcia,Enzo,,,,2025-12-17,09:48,participation,repond_si_sollicite
OBS,402,Garcia,Enzo,,,,2025-12-17,09:50,finalisation,passe_autre_activite
OBS,402,Garcia,Enzo,,,,2025-12-17,09:52,difficulte,cherche_seul
OBS,402,Garcia,Enzo,,,,2025-12-17,09:53,attention,bavarde_travail
OBS,402,Laurent,Lina,,,,2025-12-17,09:34,tutorat,refuse_aider
OBS,402,Laurent,Lina,,,,2025-12-17,09:36,participation,repond_si_insiste
OBS,402,Laurent,Lina,,,,2025-12-17,09:38,attention,perturbe_camarade
OBS,402,Laurent,Lina,,,,2025-12-17,09:40,finalisation,recopie_correction
OBS,402,Vincent,Lucie,,,,2025-12-17,09:15,tutorat,aide_si_sollicite
OBS,402,Vincent,Lucie,,,,2025-12-17,09:17,participation,repond_si_sollicite
OBS,402,Vincent,Lucie,,,,2025-12-17,09:19,difficulte,utilise_coup_de_pouce
OBS,402,Vincent,Lucie,,,,2025-12-17,09:21,ressources,utilise_aides_activite
OBS,402,Mercier,Chloe,,,,2025-12-17,09:36,tutorat,donne_reponse_directe
OBS,402,Mercier,Chloe,,,,2025-12-17,09:38,participation,repond_si_sollicite
OBS,402,Mercier,Chloe,,,,2025-12-17,09:40,difficulte,attend_d
OBS,402,Mercier,Chloe,,,,2025-12-17,09:42,ressources,attend_professeur
OBS,402,Richard,Rayan,,,,2025-12-17,09:05,tutorat,aide_si_sollicite
OBS,402,Richard,Rayan,,,,2025-12-17,09:07,participation,repond_si_insiste
OBS,402,Richard,Rayan,,,,2025-12-17,09:09,attention,distrait_momentanement
OBS,402,Richard,Rayan,,,,2025-12-17,09:11,ressources,attend_professeur
OBS,402,Richard,Rayan,,,,2025-12-17,09:13,entree,attend_sans_commencer
OBS,402,Faure,Timeo,,,,2025-12-17,09:13,tutorat,refuse_aider
OBS,402,Faure,Timeo,,,,2025-12-17,09:15,participation,ne_participe_pas
OBS,402,Faure,Timeo,,,,2025-12-17,09:17,ressources,attend_correction
OBS,402,Faure,Timeo,,,,2025-12-17,09:19,finalisation,recopie_correction
OBS,402,Fournier,Milo,,,,2025-12-17,09:07,tutorat,refuse_aider
OBS,402,Fournier,Milo,,,,2025-12-17,09:09,participation,ne_participe_pas
OBS,402,Fournier,Milo,,,,2025-12-17,09:11,difficulte,copie_correction
OBS,402,Fournier,Milo,,,,2025-12-17,09:13,entree,ne_demarre_pas
OBS,402,Michel,Agathe,,,,2025-12-17,09:43,tutorat,donne_reponse_directe
OBS,402,Michel,Agathe,,,,2025-12-17,09:45,participation,ne_participe_pas
OBS,402,Michel,Agathe,,,,2025-12-17,09:47,ressources,attend_professeur
OBS,402,Michel,Agathe,,,,2025-12-17,09:49,finalisation,passe_autre_activite
OBS,402,Michel,Agathe,,,,2025-12-17,09:51,difficulte,observe_camarade
OBS,402,Meunier,Axel,,,,2025-12-17,09:17,tutorat,aide_si_sollicite
OBS,402,Meunier,Axel,,,,2025-12-17,09:19,participation,repond_si_sollicite
OBS,402,Meunier,Axel,,,,2025-12-17,09:21,ressources,attend_professeur
OBS,402,Meunier,Axel,,,,2025-12-17,09:23,finalisation,activite_terminee
OBS,402,Bertrand,Agathe,,,,2025-12-17,09:07,tutorat,refuse_aider
OBS,402,Bertrand,Agathe,,,,2025-12-17,09:09,participation,ne_participe_pas
OBS,402,Bertrand,Agathe,,,,2025-12-17,09:11,difficulte,copie_correction
OBS,402,Sanchez,Iris,,,,2025-12-17,09:15,tutorat,aide_si_sollicite
OBS,402,Sanchez,Iris,,,,2025-12-17,09:17,participation,repond_si_sollicite
OBS,402,Sanchez,Iris,,,,2025-12-17,09:19,ressources,utilise_aides_activite
OBS,402,Sanchez,Iris,,,,2025-12-17,09:21,entree,demarre_relance
OBS,402,Muller,Louise,,,,2025-12-17,09:01,tutorat,refuse_aider
OBS,402,Muller,Louise,,,,2025-12-17,09:03,participation,ne_participe_pas
OBS,402,Muller,Louise,,,,2025-12-17,09:05,difficulte,copie_camarade
OBS,402,Muller,Louise,,,,2025-12-17,09:07,entree,ne_demarre_pas
OBS,402,Muller,Louise,,,,2025-12-17,09:09,finalisation,recopie_correction
OBS,402,Girard,Rafael,,,,2025-12-17,09:46,tutorat,donne_reponse_directe
OBS,402,Girard,Rafael,,,,2025-12-17,09:48,participation,repond_si_insiste
OBS,402,Girard,Rafael,,,,2025-12-17,09:50,entree,ne_demarre_pas
OBS,402,Girard,Rafael,,,,2025-12-17,09:52,finalisation,passe_autre_activite
OBS,402,Girard,Rafael,,,,2025-12-17,09:53,ressources,attend_professeur
SESSION,402,demo_402_202601050900,1767600000000,1767603300000
OBS,402,Moreau,Ines,,,,2026-01-05,09:31,tutorat,donne_reponse_directe
OBS,402,Moreau,Ines,,,,2026-01-05,09:33,participation,repond_si_insiste
OBS,402,Moreau,Ines,,,,2026-01-05,09:35,entree,attend_sans_commencer
OBS,402,Moreau,Ines,,,,2026-01-05,09:37,difficulte,observe_camarade
OBS,402,Andre,Nolan,,,,2026-01-05,09:27,tutorat,refuse_aider
OBS,402,Andre,Nolan,,,,2026-01-05,09:29,participation,ne_participe_pas
OBS,402,Andre,Nolan,,,,2026-01-05,09:31,finalisation,recopie_correction
OBS,402,Andre,Nolan,,,,2026-01-05,09:33,difficulte,copie_camarade
OBS,402,Andre,Nolan,,,,2026-01-05,09:35,entree,ne_demarre_pas
OBS,402,Robert,Elsa,,,,2026-01-05,09:16,tutorat,explique_camarade
OBS,402,Robert,Elsa,,,,2026-01-05,09:18,participation,participe_spontanement
OBS,402,Robert,Elsa,,,,2026-01-05,09:20,attention,reconcentre_seul
OBS,402,Robert,Elsa,,,,2026-01-05,09:22,finalisation,activite_terminee
OBS,402,Renard,Milo,,,,2026-01-05,09:37,tutorat,refuse_aider
OBS,402,Renard,Milo,,,,2026-01-05,09:39,participation,repond_si_insiste
OBS,402,Renard,Milo,,,,2026-01-05,09:41,ressources,attend_correction
OBS,402,Renard,Milo,,,,2026-01-05,09:43,attention,bavarde_hors_sujet
OBS,402,Denis,Emma,,,,2026-01-05,09:02,tutorat,donne_reponse_directe
OBS,402,Denis,Emma,,,,2026-01-05,09:04,participation,repond_si_insiste
OBS,402,Denis,Emma,,,,2026-01-05,09:06,ressources,sollicite_immediat
OBS,402,Denis,Emma,,,,2026-01-05,09:08,difficulte,observe_camarade
OBS,402,Dupont,Chloe,,,,2026-01-05,09:05,tutorat,aide_si_sollicite
OBS,402,Dupont,Chloe,,,,2026-01-05,09:07,participation,repond_si_sollicite
OBS,402,Dupont,Chloe,,,,2026-01-05,09:09,ressources,utilise_aides_activite
OBS,402,Dupont,Chloe,,,,2026-01-05,09:11,finalisation,activite_incomplete
OBS,402,Marchand,Adam,,,,2026-01-05,09:07,tutorat,aide_si_sollicite
OBS,402,Marchand,Adam,,,,2026-01-05,09:09,participation,repond_si_sollicite
OBS,402,Marchand,Adam,,,,2026-01-05,09:11,finalisation,activite_terminee
OBS,402,Marchand,Adam,,,,2026-01-05,09:13,attention,bavarde_travail
OBS,402,Lefebvre,Lea,,,,2026-01-05,09:18,tutorat,donne_reponse_directe
OBS,402,Lefebvre,Lea,,,,2026-01-05,09:20,participation,repond_si_insiste
OBS,402,Lefebvre,Lea,,,,2026-01-05,09:22,ressources,sollicite_immediat
OBS,402,Lefebvre,Lea,,,,2026-01-05,09:24,attention,perturbe_camarade
OBS,402,Lefebvre,Lea,,,,2026-01-05,09:26,finalisation,activite_incomplete
OBS,402,Guerin,Malo,,,,2026-01-05,09:28,tutorat,aide_si_sollicite
OBS,402,Guerin,Malo,,,,2026-01-05,09:30,participation,repond_si_insiste
OBS,402,Guerin,Malo,,,,2026-01-05,09:32,difficulte,observe_camarade
OBS,402,Guerin,Malo,,,,2026-01-05,09:34,finalisation,passe_autre_activite
OBS,402,Garcia,Enzo,,,,2026-01-05,09:30,tutorat,aide_si_sollicite
OBS,402,Garcia,Enzo,,,,2026-01-05,09:32,participation,repond_si_insiste
OBS,402,Garcia,Enzo,,,,2026-01-05,09:34,attention,distrait_momentanement
OBS,402,Garcia,Enzo,,,,2026-01-05,09:36,finalisation,passe_autre_activite
OBS,402,Garcia,Enzo,,,,2026-01-05,09:38,difficulte,attend_d
OBS,402,Blanc,Rafael,,,,2026-01-05,09:27,tutorat,aide_si_sollicite
OBS,402,Blanc,Rafael,,,,2026-01-05,09:29,participation,repond_si_sollicite
OBS,402,Blanc,Rafael,,,,2026-01-05,09:31,attention,reconcentre_seul
OBS,402,Blanc,Rafael,,,,2026-01-05,09:33,ressources,echange_camarade
OBS,402,Mercier,Chloe,,,,2026-01-05,09:41,tutorat,donne_reponse_directe
OBS,402,Mercier,Chloe,,,,2026-01-05,09:43,participation,repond_si_insiste
OBS,402,Mercier,Chloe,,,,2026-01-05,09:45,difficulte,attend_d
OBS,402,Mercier,Chloe,,,,2026-01-05,09:47,ressources,sollicite_immediat
OBS,402,Mercier,Chloe,,,,2026-01-05,09:49,finalisation,activite_incomplete
OBS,402,Richard,Rayan,,,,2026-01-05,09:36,tutorat,aide_si_sollicite
OBS,402,Richard,Rayan,,,,2026-01-05,09:38,participation,repond_si_insiste
OBS,402,Richard,Rayan,,,,2026-01-05,09:40,attention,distrait_momentanement
OBS,402,Richard,Rayan,,,,2026-01-05,09:42,ressources,attend_professeur
OBS,402,Richard,Rayan,,,,2026-01-05,09:44,finalisation,activite_incomplete
OBS,402,Bernard,Timeo,,,,2026-01-05,09:42,tutorat,donne_reponse_directe
OBS,402,Bernard,Timeo,,,,2026-01-05,09:44,participation,repond_si_insiste
OBS,402,Bernard,Timeo,,,,2026-01-05,09:46,ressources,sollicite_immediat
OBS,402,Bernard,Timeo,,,,2026-01-05,09:48,difficulte,utilise_coup_de_pouce
OBS,402,Bernard,Timeo,,,,2026-01-05,09:50,attention,bavarde_travail
OBS,402,Faure,Timeo,,,,2026-01-05,09:05,tutorat,aide_si_sollicite
OBS,402,Faure,Timeo,,,,2026-01-05,09:07,participation,repond_si_sollicite
OBS,402,Faure,Timeo,,,,2026-01-05,09:09,entree,demarre_relance
OBS,402,Faure,Timeo,,,,2026-01-05,09:11,ressources,sollicite_apres_cherche
OBS,402,Roux,Nina,,,,2026-01-05,09:44,tutorat,aide_si_sollicite
OBS,402,Roux,Nina,,,,2026-01-05,09:46,participation,repond_si_sollicite
OBS,402,Roux,Nina,,,,2026-01-05,09:48,finalisation,passe_autre_activite
OBS,402,Roux,Nina,,,,2026-01-05,09:50,entree,demarre_relance
OBS,402,David,Adam,,,,2026-01-05,09:02,tutorat,aide_si_sollicite
OBS,402,David,Adam,,,,2026-01-05,09:04,participation,repond_si_insiste
OBS,402,David,Adam,,,,2026-01-05,09:06,ressources,attend_professeur
OBS,402,David,Adam,,,,2026-01-05,09:08,difficulte,observe_camarade
OBS,402,David,Adam,,,,2026-01-05,09:10,finalisation,activite_incomplete
OBS,402,Michel,Agathe,,,,2026-01-05,09:04,tutorat,donne_reponse_directe
OBS,402,Michel,Agathe,,,,2026-01-05,09:06,participation,repond_si_sollicite
OBS,402,Michel,Agathe,,,,2026-01-05,09:08,ressources,sollicite_immediat
OBS,402,Michel,Agathe,,,,2026-01-05,09:10,finalisation,activite_incomplete
OBS,402,Michel,Agathe,,,,2026-01-05,09:12,entree,demarre_relance
OBS,402,Meunier,Axel,,,,2026-01-05,09:46,tutorat,aide_si_sollicite
OBS,402,Meunier,Axel,,,,2026-01-05,09:48,participation,participe_spontanement
OBS,402,Meunier,Axel,,,,2026-01-05,09:50,attention,distrait_momentanement
OBS,402,Meunier,Axel,,,,2026-01-05,09:52,entree,demarre_immediat
OBS,402,Perrin,Ines,,,,2026-01-05,09:01,tutorat,donne_reponse_directe
OBS,402,Perrin,Ines,,,,2026-01-05,09:03,participation,repond_si_insiste
OBS,402,Perrin,Ines,,,,2026-01-05,09:05,finalisation,passe_autre_activite
OBS,402,Perrin,Ines,,,,2026-01-05,09:07,ressources,attend_professeur
OBS,402,Bertrand,Agathe,,,,2026-01-05,09:36,tutorat,aide_si_sollicite
OBS,402,Bertrand,Agathe,,,,2026-01-05,09:38,participation,repond_si_sollicite
OBS,402,Bertrand,Agathe,,,,2026-01-05,09:40,ressources,attend_professeur
OBS,402,Bertrand,Agathe,,,,2026-01-05,09:42,entree,demarre_relance
OBS,402,Sanchez,Iris,,,,2026-01-05,09:19,tutorat,explique_camarade
OBS,402,Sanchez,Iris,,,,2026-01-05,09:21,participation,participe_spontanement
OBS,402,Sanchez,Iris,,,,2026-01-05,09:23,attention,concentre
OBS,402,Sanchez,Iris,,,,2026-01-05,09:25,finalisation,corrige_erreur
OBS,402,Muller,Louise,,,,2026-01-05,09:05,tutorat,refuse_aider
OBS,402,Muller,Louise,,,,2026-01-05,09:07,participation,ne_participe_pas
OBS,402,Muller,Louise,,,,2026-01-05,09:09,ressources,attend_correction
OBS,402,Muller,Louise,,,,2026-01-05,09:11,attention,perturbe_camarade
OBS,402,Muller,Louise,,,,2026-01-05,09:13,entree,ne_demarre_pas
OBS,402,Girard,Rafael,,,,2026-01-05,09:21,tutorat,donne_reponse_directe
OBS,402,Girard,Rafael,,,,2026-01-05,09:23,participation,repond_si_insiste
OBS,402,Girard,Rafael,,,,2026-01-05,09:25,attention,bavarde_travail
OBS,402,Girard,Rafael,,,,2026-01-05,09:27,entree,attend_sans_commencer
OBS,402,Girard,Rafael,,,,2026-01-05,09:29,finalisation,recopie_correction
SESSION,402,demo_402_202601080900,1767859200000,1767862500000
OBS,402,Moreau,Ines,,,,2026-01-08,09:10,tutorat,donne_reponse_directe
OBS,402,Moreau,Ines,,,,2026-01-08,09:12,participation,repond_si_insiste
OBS,402,Moreau,Ines,,,,2026-01-08,09:14,difficulte,copie_camarade
OBS,402,Moreau,Ines,,,,2026-01-08,09:16,finalisation,recopie_correction
OBS,402,Moreau,Ines,,,,2026-01-08,09:18,ressources,sollicite_immediat
OBS,402,Andre,Nolan,,,,2026-01-08,09:45,tutorat,donne_reponse_directe
OBS,402,Andre,Nolan,,,,2026-01-08,09:47,participation,ne_participe_pas
OBS,402,Andre,Nolan,,,,2026-01-08,09:49,ressources,attend_correction
OBS,402,Andre,Nolan,,,,2026-01-08,09:51,attention,bavarde_hors_sujet
OBS,402,Andre,Nolan,,,,2026-01-08,09:53,finalisation,recopie_correction
OBS,402,Robert,Elsa,,,,2026-01-08,09:26,tutorat,explique_camarade
OBS,402,Robert,Elsa,,,,2026-01-08,09:28,participation,participe_spontanement
OBS,402,Robert,Elsa,,,,2026-01-08,09:30,attention,concentre
OBS,402,Robert,Elsa,,,,2026-01-08,09:32,ressources,utilise_document_r
OBS,402,Robert,Elsa,,,,2026-01-08,09:34,entree,demarre_relance
OBS,402,Renard,Milo,,,,2026-01-08,09:15,tutorat,refuse_aider
OBS,402,Renard,Milo,,,,2026-01-08,09:17,participation,ne_participe_pas
OBS,402,Renard,Milo,,,,2026-01-08,09:19,finalisation,recopie_correction
OBS,402,Renard,Milo,,,,2026-01-08,09:21,ressources,attend_correction
OBS,402,Denis,Emma,,,,2026-01-08,09:36,tutorat,aide_si_sollicite
OBS,402,Denis,Emma,,,,2026-01-08,09:38,participation,repond_si_sollicite
OBS,402,Denis,Emma,,,,2026-01-08,09:40,difficulte,observe_camarade
OBS,402,Denis,Emma,,,,2026-01-08,09:42,entree,demarre_immediat
OBS,402,Dupont,Chloe,,,,2026-01-08,09:15,tutorat,aide_si_sollicite
OBS,402,Dupont,Chloe,,,,2026-01-08,09:17,participation,repond_si_insiste
OBS,402,Dupont,Chloe,,,,2026-01-08,09:19,difficulte,attend_d
OBS,402,Dupont,Chloe,,,,2026-01-08,09:21,entree,demarre_relance
OBS,402,Dupont,Chloe,,,,2026-01-08,09:23,finalisation,activite_incomplete
OBS,402,Marchand,Adam,,,,2026-01-08,09:05,tutorat,aide_si_sollicite
OBS,402,Marchand,Adam,,,,2026-01-08,09:07,participation,repond_si_sollicite
OBS,402,Marchand,Adam,,,,2026-01-08,09:09,attention,concentre
OBS,402,Marchand,Adam,,,,2026-01-08,09:11,finalisation,activite_terminee
OBS,402,Marchand,Adam,,,,2026-01-08,09:13,ressources,sollicite_immediat
OBS,402,Lefebvre,Lea,,,,2026-01-08,09:17,tutorat,donne_reponse_directe
OBS,402,Lefebvre,Lea,,,,2026-01-08,09:19,participation,ne_participe_pas
OBS,402,Lefebvre,Lea,,,,2026-01-08,09:21,entree,attend_sans_commencer
OBS,402,Lefebvre,Lea,,,,2026-01-08,09:23,ressources,attend_professeur
OBS,402,Lefebvre,Lea,,,,2026-01-08,09:25,attention,distrait_momentanement
OBS,402,Guerin,Malo,,,,2026-01-08,09:12,tutorat,aide_si_sollicite
OBS,402,Guerin,Malo,,,,2026-01-08,09:14,participation,repond_si_insiste
OBS,402,Guerin,Malo,,,,2026-01-08,09:16,entree,demarre_relance
OBS,402,Guerin,Malo,,,,2026-01-08,09:18,attention,distrait_momentanement
OBS,402,Dumas,Yanis,,,,2026-01-08,09:38,tutorat,aide_si_sollicite
OBS,402,Dumas,Yanis,,,,2026-01-08,09:40,participation,repond_si_sollicite
OBS,402,Dumas,Yanis,,,,2026-01-08,09:42,finalisation,activite_incomplete
OBS,402,Dumas,Yanis,,,,2026-01-08,09:44,entree,demarre_relance
OBS,402,Laurent,Lina,,,,2026-01-08,09:17,tutorat,donne_reponse_directe
OBS,402,Laurent,Lina,,,,2026-01-08,09:19,participation,repond_si_insiste
OBS,402,Laurent,Lina,,,,2026-01-08,09:21,finalisation,activite_incomplete
OBS,402,Laurent,Lina,,,,2026-01-08,09:23,ressources,attend_professeur
OBS,402,Vincent,Lucie,,,,2026-01-08,09:13,tutorat,explique_camarade
OBS,402,Vincent,Lucie,,,,2026-01-08,09:15,participation,repond_si_sollicite
OBS,402,Vincent,Lucie,,,,2026-01-08,09:17,finalisation,corrige_erreur
OBS,402,Vincent,Lucie,,,,2026-01-08,09:19,ressources,utilise_aides_activite
OBS,402,Mercier,Chloe,,,,2026-01-08,09:24,tutorat,aide_si_sollicite
OBS,402,Mercier,Chloe,,,,2026-01-08,09:26,participation,repond_si_sollicite
OBS,402,Mercier,Chloe,,,,2026-01-08,09:28,difficulte,attend_d
OBS,402,Mercier,Chloe,,,,2026-01-08,09:30,attention,reconcentre_seul
OBS,402,Richard,Rayan,,,,2026-01-08,09:37,tutorat,donne_reponse_directe
OBS,402,Richard,Rayan,,,,2026-01-08,09:39,participation,repond_si_sollicite
OBS,402,Richard,Rayan,,,,2026-01-08,09:41,finalisation,activite_incomplete
OBS,402,Richard,Rayan,,,,2026-01-08,09:43,attention,bavarde_travail
OBS,402,Bernard,Timeo,,,,2026-01-08,09:04,tutorat,aide_si_sollicite
OBS,402,Bernard,Timeo,,,,2026-01-08,09:06,participation,repond_si_sollicite
OBS,402,Bernard,Timeo,,,,2026-01-08,09:08,difficulte,cherche_seul
OBS,402,Bernard,Timeo,,,,2026-01-08,09:10,ressources,echange_camarade
OBS,402,Fournier,Milo,,,,2026-01-08,09:32,tutorat,refuse_aider
OBS,402,Fournier,Milo,,,,2026-01-08,09:34,participation,ne_participe_pas
OBS,402,Fournier,Milo,,,,2026-01-08,09:36,finalisation,recopie_correction
OBS,402,Fournier,Milo,,,,2026-01-08,09:38,difficulte,copie_correction
OBS,402,Fournier,Milo,,,,2026-01-08,09:40,attention,distrait_momentanement
OBS,402,Roux,Nina,,,,2026-01-08,09:40,tutorat,donne_reponse_directe
OBS,402,Roux,Nina,,,,2026-01-08,09:42,participation,repond_si_sollicite
OBS,402,Roux,Nina,,,,2026-01-08,09:44,entree,attend_sans_commencer
OBS,402,Roux,Nina,,,,2026-01-08,09:46,attention,bavarde_travail
OBS,402,David,Adam,,,,2026-01-08,09:02,tutorat,donne_reponse_directe
OBS,402,David,Adam,,,,2026-01-08,09:04,participation,repond_si_insiste
OBS,402,David,Adam,,,,2026-01-08,09:06,entree,attend_sans_commencer
OBS,402,David,Adam,,,,2026-01-08,09:08,attention,bavarde_travail
OBS,402,Michel,Agathe,,,,2026-01-08,09:48,tutorat,aide_si_sollicite
OBS,402,Michel,Agathe,,,,2026-01-08,09:50,participation,participe_spontanement
OBS,402,Michel,Agathe,,,,2026-01-08,09:52,finalisation,passe_autre_activite
OBS,402,Michel,Agathe,,,,2026-01-08,09:53,entree,demarre_relance
OBS,402,Michel,Agathe,,,,2026-01-08,09:53,attention,bavarde_travail
OBS,402,Meunier,Axel,,,,2026-01-08,09:08,tutorat,donne_reponse_directe
OBS,402,Meunier,Axel,,,,2026-01-08,09:10,participation,repond_si_insiste
OBS,402,Meunier,Axel,,,,2026-01-08,09:12,difficulte,observe_camarade
OBS,402,Bertrand,Agathe,,,,2026-01-08,09:35,tutorat,donne_reponse_directe
OBS,402,Bertrand,Agathe,,,,2026-01-08,09:37,participation,participe_spontanement
OBS,402,Bertrand,Agathe,,,,2026-01-08,09:39,finalisation,activite_terminee
OBS,402,Sanchez,Iris,,,,2026-01-08,09:43,tutorat,aide_si_sollicite
OBS,402,Sanchez,Iris,,,,2026-01-08,09:45,participation,repond_si_sollicite
OBS,402,Sanchez,Iris,,,,2026-01-08,09:47,difficulte,cherche_seul
OBS,402,Sanchez,Iris,,,,2026-01-08,09:49,finalisation,activite_terminee
OBS,402,Muller,Louise,,,,2026-01-08,09:01,tutorat,refuse_aider
OBS,402,Muller,Louise,,,,2026-01-08,09:03,participation,ne_participe_pas
OBS,402,Muller,Louise,,,,2026-01-08,09:05,ressources,attend_correction
OBS,402,Muller,Louise,,,,2026-01-08,09:07,difficulte,copie_correction
OBS,402,Muller,Louise,,,,2026-01-08,09:09,finalisation,recopie_correction
OBS,402,Girard,Rafael,,,,2026-01-08,09:37,tutorat,donne_reponse_directe
OBS,402,Girard,Rafael,,,,2026-01-08,09:39,participation,repond_si_insiste
OBS,402,Girard,Rafael,,,,2026-01-08,09:41,attention,distrait_momentanement
OBS,402,Girard,Rafael,,,,2026-01-08,09:43,entree,demarre_relance
OBS,402,Lemoine,Louis,,,,2026-01-08,09:35,tutorat,aide_si_sollicite
OBS,402,Lemoine,Louis,,,,2026-01-08,09:37,participation,repond_si_insiste
OBS,402,Lemoine,Louis,,,,2026-01-08,09:39,entree,attend_sans_commencer
OBS,402,Lemoine,Louis,,,,2026-01-08,09:41,attention,bavarde_travail
SESSION,402,demo_402_202601120900,1768204800000,1768208100000
OBS,402,Moreau,Ines,,,,2026-01-12,09:43,tutorat,donne_reponse_directe
OBS,402,Moreau,Ines,,,,2026-01-12,09:45,participation,repond_si_sollicite
OBS,402,Moreau,Ines,,,,2026-01-12,09:47,entree,attend_sans_commencer
OBS,402,Moreau,Ines,,,,2026-01-12,09:49,finalisation,recopie_correction
OBS,402,Moreau,Ines,,,,2026-01-12,09:51,attention,distrait_momentanement
OBS,402,Andre,Nolan,,,,2026-01-12,09:03,tutorat,refuse_aider
OBS,402,Andre,Nolan,,,,2026-01-12,09:05,participation,ne_participe_pas
OBS,402,Andre,Nolan,,,,2026-01-12,09:07,ressources,attend_correction
OBS,402,Andre,Nolan,,,,2026-01-12,09:09,finalisation,recopie_correction
OBS,402,Robert,Elsa,,,,2026-01-12,09:45,tutorat,aide_si_sollicite
OBS,402,Robert,Elsa,,,,2026-01-12,09:47,participation,participe_spontanement
OBS,402,Robert,Elsa,,,,2026-01-12,09:49,difficulte,utilise_coup_de_pouce
OBS,402,Robert,Elsa,,,,2026-01-12,09:51,ressources,sollicite_apres_cherche
OBS,402,Robert,Elsa,,,,2026-01-12,09:53,entree,demarre_relance
OBS,402,Renard,Milo,,,,2026-01-12,09:17,tutorat,refuse_aider
OBS,402,Renard,Milo,,,,2026-01-12,09:19,participation,ne_participe_pas
OBS,402,Renard,Milo,,,,2026-01-12,09:21,finalisation,recopie_correction
OBS,402,Renard,Milo,,,,2026-01-12,09:23,difficulte,copie_correction
OBS,402,Dupont,Chloe,,,,2026-01-12,09:19,tutorat,aide_si_sollicite
OBS,402,Dupont,Chloe,,,,2026-01-12,09:21,participation,repond_si_sollicite
OBS,402,Dupont,Chloe,,,,2026-01-12,09:23,difficulte,observe_camarade
OBS,402,Dupont,Chloe,,,,2026-01-12,09:25,entree,demarre_relance
OBS,402,Dupont,Chloe,,,,2026-01-12,09:27,ressources,attend_professeur
OBS,402,Lefebvre,Lea,,,,2026-01-12,09:09,tutorat,donne_reponse_directe
OBS,402,Lefebvre,Lea,,,,2026-01-12,09:11,participation,repond_si_sollicite
OBS,402,Lefebvre,Lea,,,,2026-01-12,09:13,attention,distrait_momentanement
OBS,402,Lefebvre,Lea,,,,2026-01-12,09:15,entree,attend_sans_commencer
OBS,402,Guerin,Malo,,,,2026-01-12,09:34,tutorat,donne_reponse_directe
OBS,402,Guerin,Malo,,,,2026-01-12,09:36,participation,ne_participe_pas
OBS,402,Guerin,Malo,,,,2026-01-12,09:38,difficulte,observe_camarade
OBS,402,Guerin,Malo,,,,2026-01-12,09:40,finalisation,activite_incomplete
OBS,402,Dumas,Yanis,,,,2026-01-12,09:12,tutorat,aide_si_sollicite
OBS,402,Dumas,Yanis,,,,2026-01-12,09:14,participation,repond_si_sollicite
OBS,402,Dumas,Yanis,,,,2026-01-12,09:16,attention,concentre
OBS,402,Dumas,Yanis,,,,2026-01-12,09:18,ressources,echange_camarade
OBS,402,Dumas,Yanis,,,,2026-01-12,09:20,finalisation,verifie_travail
OBS,402,Garcia,Enzo,,,,2026-01-12,09:23,tutorat,explique_camarade
OBS,402,Garcia,Enzo,,,,2026-01-12,09:25,participation,participe_spontanement
OBS,402,Garcia,Enzo,,,,2026-01-12,09:27,ressources,echange_camarade
OBS,402,Garcia,Enzo,,,,2026-01-12,09:29,attention,reconcentre_seul
OBS,402,Garcia,Enzo,,,,2026-01-12,09:31,entree,demarre_immediat
OBS,402,Laurent,Lina,,,,2026-01-12,09:37,tutorat,refuse_aider
OBS,402,Laurent,Lina,,,,2026-01-12,09:39,participation,ne_participe_pas
OBS,402,Laurent,Lina,,,,2026-01-12,09:41,attention,distrait_momentanement
OBS,402,Laurent,Lina,,,,2026-01-12,09:43,entree,ne_demarre_pas
OBS,402,Laurent,Lina,,,,2026-01-12,09:45,difficulte,copie_correction
OBS,402,Dubois,Timeo,,,,2026-01-12,09:31,tutorat,donne_reponse_directe
OBS,402,Dubois,Timeo,,,,2026-01-12,09:33,participation,repond_si_insiste
OBS,402,Dubois,Timeo,,,,2026-01-12,09:35,finalisation,recopie_correction
OBS,402,Dubois,Timeo,,,,2026-01-12,09:37,entree,attend_sans_commencer
OBS,402,Vincent,Lucie,,,,2026-01-12,09:39,tutorat,explique_camarade
OBS,402,Vincent,Lucie,,,,2026-01-12,09:41,participation,participe_spontanement
OBS,402,Vincent,Lucie,,,,2026-01-12,09:43,finalisation,corrige_erreur
OBS,402,Vincent,Lucie,,,,2026-01-12,09:45,difficulte,cherche_seul
OBS,402,Vincent,Lucie,,,,2026-01-12,09:47,attention,reconcentre_seul
OBS,402,Blanc,Rafael,,,,2026-01-12,09:35,tutorat,aide_si_sollicite
OBS,402,Blanc,Rafael,,,,2026-01-12,09:37,participation,repond_si_sollicite
OBS,402,Blanc,Rafael,,,,2026-01-12,09:39,difficulte,demande_aide_pertinente
OBS,402,Blanc,Rafael,,,,2026-01-12,09:41,entree,demarre_relance
OBS,402,Blanc,Rafael,,,,2026-01-12,09:43,finalisation,verifie_travail
OBS,402,Mercier,Chloe,,,,2026-01-12,09:34,tutorat,donne_reponse_directe
OBS,402,Mercier,Chloe,,,,2026-01-12,09:36,participation,repond_si_insiste
OBS,402,Mercier,Chloe,,,,2026-01-12,09:38,entree,attend_sans_commencer
OBS,402,Mercier,Chloe,,,,2026-01-12,09:40,difficulte,observe_camarade
OBS,402,Richard,Rayan,,,,2026-01-12,09:43,tutorat,refuse_aider
OBS,402,Richard,Rayan,,,,2026-01-12,09:45,participation,ne_participe_pas
OBS,402,Richard,Rayan,,,,2026-01-12,09:47,difficulte,attend_d
OBS,402,Richard,Rayan,,,,2026-01-12,09:49,entree,attend_sans_commencer
OBS,402,Richard,Rayan,,,,2026-01-12,09:51,finalisation,activite_incomplete
OBS,402,Bernard,Timeo,,,,2026-01-12,09:25,tutorat,aide_si_sollicite
OBS,402,Bernard,Timeo,,,,2026-01-12,09:27,participation,repond_si_insiste
OBS,402,Bernard,Timeo,,,,2026-01-12,09:29,attention,bavarde_travail
OBS,402,Bernard,Timeo,,,,2026-01-12,09:31,finalisation,activite_incomplete
OBS,402,Bernard,Timeo,,,,2026-01-12,09:33,ressources,attend_professeur
OBS,402,Fournier,Milo,,,,2026-01-12,09:19,tutorat,refuse_aider
OBS,402,Fournier,Milo,,,,2026-01-12,09:21,participation,ne_participe_pas
OBS,402,Fournier,Milo,,,,2026-01-12,09:23,ressources,attend_correction
OBS,402,Fournier,Milo,,,,2026-01-12,09:25,finalisation,recopie_correction
OBS,402,Fournier,Milo,,,,2026-01-12,09:27,entree,ne_demarre_pas
OBS,402,Roux,Nina,,,,2026-01-12,09:37,tutorat,aide_si_sollicite
OBS,402,Roux,Nina,,,,2026-01-12,09:39,participation,repond_si_sollicite
OBS,402,Roux,Nina,,,,2026-01-12,09:41,finalisation,activite_incomplete
OBS,402,Roux,Nina,,,,2026-01-12,09:43,difficulte,cherche_seul
OBS,402,Roux,Nina,,,,2026-01-12,09:45,entree,demarre_immediat
OBS,402,David,Adam,,,,2026-01-12,09:07,tutorat,donne_reponse_directe
OBS,402,David,Adam,,,,2026-01-12,09:09,participation,repond_si_sollicite
OBS,402,David,Adam,,,,2026-01-12,09:11,finalisation,passe_autre_activite
OBS,402,David,Adam,,,,2026-01-12,09:13,entree,demarre_relance
OBS,402,Michel,Agathe,,,,2026-01-12,09:15,tutorat,aide_si_sollicite
OBS,402,Michel,Agathe,,,,2026-01-12,09:17,participation,repond_si_insiste
OBS,402,Michel,Agathe,,,,2026-01-12,09:19,attention,bavarde_travail
OBS,402,Michel,Agathe,,,,2026-01-12,09:21,difficulte,observe_camarade
OBS,402,Sanchez,Iris,,,,2026-01-12,09:07,tutorat,aide_si_sollicite
OBS,402,Sanchez,Iris,,,,2026-01-12,09:09,participation,participe_spontanement
OBS,402,Sanchez,Iris,,,,2026-01-12,09:11,ressources,utilise_document_r
OBS,402,Sanchez,Iris,,,,2026-01-12,09:13,entree,demarre_relance
OBS,402,Sanchez,Iris,,,,2026-01-12,09:15,attention,concentre
OBS,402,Muller,Louise,,,,2026-01-12,09:28,tutorat,refuse_aider
OBS,402,Muller,Louise,,,,2026-01-12,09:30,participation,ne_participe_pas
OBS,402,Muller,Louise,,,,2026-01-12,09:32,attention,perturbe_camarade
OBS,402,Muller,Louise,,,,2026-01-12,09:34,entree,ne_demarre_pas
OBS,402,Muller,Louise,,,,2026-01-12,09:36,ressources,attend_correction
SESSION,402,demo_402_202601150900,1768464000000,1768467300000
OBS,402,Andre,Nolan,,,,2026-01-15,09:27,tutorat,refuse_aider
OBS,402,Andre,Nolan,,,,2026-01-15,09:29,participation,ne_participe_pas
OBS,402,Andre,Nolan,,,,2026-01-15,09:31,difficulte,copie_camarade
OBS,402,Andre,Nolan,,,,2026-01-15,09:33,entree,ne_demarre_pas
OBS,402,Robert,Elsa,,,,2026-01-15,09:04,tutorat,aide_si_sollicite
OBS,402,Robert,Elsa,,,,2026-01-15,09:06,participation,participe_spontanement
OBS,402,Robert,Elsa,,,,2026-01-15,09:08,entree,demarre_immediat
OBS,402,Robert,Elsa,,,,2026-01-15,09:10,finalisation,corrige_erreur
OBS,402,Renard,Milo,,,,2026-01-15,09:30,tutorat,donne_reponse_directe
OBS,402,Renard,Milo,,,,2026-01-15,09:32,participation,ne_participe_pas
OBS,402,Renard,Milo,,,,2026-01-15,09:34,finalisation,passe_autre_activite
OBS,402,Renard,Milo,,,,2026-01-15,09:36,attention,perturbe_camarade
OBS,402,Renard,Milo,,,,2026-01-15,09:38,entree,attend_sans_commencer
OBS,402,Denis,Emma,,,,2026-01-15,09:12,tutorat,donne_reponse_directe
OBS,402,Denis,Emma,,,,2026-01-15,09:14,participation,repond_si_insiste
OBS,402,Denis,Emma,,,,2026-01-15,09:16,ressources,attend_professeur
OBS,402,Denis,Emma,,,,2026-01-15,09:18,finalisation,passe_autre_activite
OBS,402,Dupont,Chloe,,,,2026-01-15,09:40,tutorat,aide_si_sollicite
OBS,402,Dupont,Chloe,,,,2026-01-15,09:42,participation,repond_si_sollicite
OBS,402,Dupont,Chloe,,,,2026-01-15,09:44,attention,reconcentre_seul
OBS,402,Dupont,Chloe,,,,2026-01-15,09:46,ressources,utilise_aides_activite
OBS,402,Dupont,Chloe,,,,2026-01-15,09:48,difficulte,utilise_coup_de_pouce
OBS,402,Marchand,Adam,,,,2026-01-15,09:15,tutorat,donne_reponse_directe
OBS,402,Marchand,Adam,,,,2026-01-15,09:17,participation,participe_spontanement
OBS,402,Marchand,Adam,,,,2026-01-15,09:19,ressources,sollicite_apres_cherche
OBS,402,Marchand,Adam,,,,2026-01-15,09:21,entree,demarre_relance
OBS,402,Marchand,Adam,,,,2026-01-15,09:23,attention,bavarde_travail
OBS,402,Lefebvre,Lea,,,,2026-01-15,09:46,tutorat,refuse_aider
OBS,402,Lefebvre,Lea,,,,2026-01-15,09:48,participation,repond_si_insiste
OBS,402,Lefebvre,Lea,,,,2026-01-15,09:50,difficulte,observe_camarade
OBS,402,Lefebvre,Lea,,,,2026-01-15,09:52,attention,distrait_momentanement
OBS,402,Lefebvre,Lea,,,,2026-01-15,09:53,finalisation,activite_incomplete
OBS,402,Guerin,Malo,,,,2026-01-15,09:27,tutorat,aide_si_sollicite
OBS,402,Guerin,Malo,,,,2026-01-15,09:29,participation,repond_si_sollicite
OBS,402,Guerin,Malo,,,,2026-01-15,09:31,difficulte,demande_aide_pertinente
OBS,402,Guerin,Malo,,,,2026-01-15,09:33,attention,bavarde_travail
OBS,402,Guerin,Malo,,,,2026-01-15,09:35,entree,attend_sans_commencer
OBS,402,Garcia,Enzo,,,,2026-01-15,09:46,tutorat,explique_camarade
OBS,402,Garcia,Enzo,,,,2026-01-15,09:48,participation,repond_si_sollicite
OBS,402,Garcia,Enzo,,,,2026-01-15,09:50,finalisation,activite_terminee
OBS,402,Garcia,Enzo,,,,2026-01-15,09:52,attention,reconcentre_seul
OBS,402,Garcia,Enzo,,,,2026-01-15,09:53,entree,demarre_relance
OBS,402,Dubois,Timeo,,,,2026-01-15,09:11,tutorat,donne_reponse_directe
OBS,402,Dubois,Timeo,,,,2026-01-15,09:13,participation,repond_si_insiste
OBS,402,Dubois,Timeo,,,,2026-01-15,09:15,entree,attend_sans_commencer
OBS,402,Dubois,Timeo,,,,2026-01-15,09:17,finalisation,passe_autre_activite
OBS,402,Blanc,Rafael,,,,2026-01-15,09:37,tutorat,aide_si_sollicite
OBS,402,Blanc,Rafael,,,,2026-01-15,09:39,participation,repond_si_sollicite
OBS,402,Blanc,Rafael,,,,2026-01-15,09:41,finalisation,activite_incomplete
OBS,402,Blanc,Rafael,,,,2026-01-15,09:43,attention,distrait_momentanement
OBS,402,Blanc,Rafael,,,,2026-01-15,09:45,ressources,utilise_aides_activite
OBS,402,Richard,Rayan,,,,2026-01-15,09:19,tutorat,aide_si_sollicite
OBS,402,Richard,Rayan,,,,2026-01-15,09:21,participation,repond_si_sollicite
OBS,402,Richard,Rayan,,,,2026-01-15,09:23,ressources,attend_professeur
OBS,402,Richard,Rayan,,,,2026-01-15,09:25,entree,demarre_relance
OBS,402,Richard,Rayan,,,,2026-01-15,09:27,finalisation,activite_incomplete
OBS,402,Bernard,Timeo,,,,2026-01-15,09:13,tutorat,aide_si_sollicite
OBS,402,Bernard,Timeo,,,,2026-01-15,09:15,participation,repond_si_insiste
OBS,402,Bernard,Timeo,,,,2026-01-15,09:17,difficulte,attend_d
OBS,402,Bernard,Timeo,,,,2026-01-15,09:19,finalisation,activite_incomplete
OBS,402,Bernard,Timeo,,,,2026-01-15,09:21,ressources,attend_professeur
OBS,402,Fournier,Milo,,,,2026-01-15,09:37,tutorat,refuse_aider
OBS,402,Fournier,Milo,,,,2026-01-15,09:39,participation,ne_participe_pas
OBS,402,Fournier,Milo,,,,2026-01-15,09:41,ressources,attend_correction
OBS,402,Fournier,Milo,,,,2026-01-15,09:43,attention,revasse
OBS,402,Roux,Nina,,,,2026-01-15,09:18,tutorat,donne_reponse_directe
OBS,402,Roux,Nina,,,,2026-01-15,09:20,participation,repond_si_sollicite
OBS,402,Roux,Nina,,,,2026-01-15,09:22,ressources,sollicite_immediat
OBS,402,Roux,Nina,,,,2026-01-15,09:24,difficulte,observe_camarade
OBS,402,Roux,Nina,,,,2026-01-15,09:26,entree,attend_sans_commencer
OBS,402,David,Adam,,,,2026-01-15,09:27,tutorat,aide_si_sollicite
OBS,402,David,Adam,,,,2026-01-15,09:29,participation,repond_si_sollicite
OBS,402,David,Adam,,,,2026-01-15,09:31,entree,attend_sans_commencer
OBS,402,David,Adam,,,,2026-01-15,09:33,attention,bavarde_travail
OBS,402,David,Adam,,,,2026-01-15,09:35,ressources,sollicite_immediat
OBS,402,Michel,Agathe,,,,2026-01-15,09:28,tutorat,aide_si_sollicite
OBS,402,Michel,Agathe,,,,2026-01-15,09:30,participation,repond_si_insiste
OBS,402,Michel,Agathe,,,,2026-01-15,09:32,ressources,sollicite_immediat
OBS,402,Michel,Agathe,,,,2026-01-15,09:34,finalisation,activite_incomplete
OBS,402,Meunier,Axel,,,,2026-01-15,09:05,tutorat,donne_reponse_directe
OBS,402,Meunier,Axel,,,,2026-01-15,09:07,participation,repond_si_insiste
OBS,402,Meunier,Axel,,,,2026-01-15,09:09,ressources,attend_professeur
OBS,402,Meunier,Axel,,,,2026-01-15,09:11,difficulte,observe_camarade
OBS,402,Perrin,Ines,,,,2026-01-15,09:24,tutorat,donne_reponse_directe
OBS,402,Perrin,Ines,,,,2026-01-15,09:26,participation,repond_si_insiste
OBS,402,Perrin,Ines,,,,2026-01-15,09:28,ressources,sollicite_immediat
OBS,402,Perrin,Ines,,,,2026-01-15,09:30,finalisation,passe_autre_activite
OBS,402,Perrin,Ines,,,,2026-01-15,09:32,entree,attend_sans_commencer
OBS,402,Sanchez,Iris,,,,2026-01-15,09:25,tutorat,explique_camarade
OBS,402,Sanchez,Iris,,,,2026-01-15,09:27,participation,participe_spontanement
OBS,402,Sanchez,Iris,,,,2026-01-15,09:29,finalisation,corrige_erreur
OBS,402,Sanchez,Iris,,,,2026-01-15,09:31,entree,demarre_immediat
OBS,402,Sanchez,Iris,,,,2026-01-15,09:33,difficulte,demande_aide_pertinente
OBS,402,Muller,Louise,,,,2026-01-15,09:37,tutorat,refuse_aider
OBS,402,Muller,Louise,,,,2026-01-15,09:39,participation,ne_participe_pas
OBS,402,Muller,Louise,,,,2026-01-15,09:41,entree,ne_demarre_pas
OBS,402,Muller,Louise,,,,2026-01-15,09:43,attention,perturbe_camarade
OBS,402,Muller,Louise,,,,2026-01-15,09:45,ressources,attend_correction
SESSION,402,demo_402_202601200900,1768896000000,1768899300000
OBS,402,Moreau,Ines,,,,2026-01-20,09:16,tutorat,donne_reponse_directe
OBS,402,Moreau,Ines,,,,2026-01-20,09:18,participation,repond_si_insiste
OBS,402,Moreau,Ines,,,,2026-01-20,09:20,ressources,sollicite_immediat
OBS,402,Moreau,Ines,,,,2026-01-20,09:22,difficulte,observe_camarade
OBS,402,Moreau,Ines,,,,2026-01-20,09:24,finalisation,activite_incomplete
OBS,402,Andre,Nolan,,,,2026-01-20,09:29,tutorat,refuse_aider
OBS,402,Andre,Nolan,,,,2026-01-20,09:31,participation,ne_participe_pas
OBS,402,Andre,Nolan,,,,2026-01-20,09:33,finalisation,recopie_correction
OBS,402,Andre,Nolan,,,,2026-01-20,09:35,attention,perturbe_camarade
OBS,402,Robert,Elsa,,,,2026-01-20,09:38,tutorat,aide_si_sollicite
OBS,402,Robert,Elsa,,,,2026-01-20,09:40,participation,participe_spontanement
OBS,402,Robert,Elsa,,,,2026-01-20,09:42,difficulte,utilise_coup_de_pouce
OBS,402,Robert,Elsa,,,,2026-01-20,09:44,entree,demarre_immediat
OBS,402,Robert,Elsa,,,,2026-01-20,09:46,ressources,utilise_document_r
OBS,402,Renard,Milo,,,,2026-01-20,09:12,tutorat,refuse_aider
OBS,402,Renard,Milo,,,,2026-01-20,09:14,participation,ne_participe_pas
OBS,402,Renard,Milo,,,,2026-01-20,09:16,finalisation,recopie_correction
OBS,402,Renard,Milo,,,,2026-01-20,09:18,difficulte,copie_correction
OBS,402,Renard,Milo,,,,2026-01-20,09:20,ressources,attend_correction
OBS,402,Denis,Emma,,,,2026-01-20,09:21,tutorat,donne_reponse_directe
OBS,402,Denis,Emma,,,,2026-01-20,09:23,participation,ne_participe_pas
OBS,402,Denis,Emma,,,,2026-01-20,09:25,difficulte,observe_camarade
OBS,402,Denis,Emma,,,,2026-01-20,09:27,finalisation,passe_autre_activite
OBS,402,Dupont,Chloe,,,,2026-01-20,09:38,tutorat,explique_camarade
OBS,402,Dupont,Chloe,,,,2026-01-20,09:40,participation,repond_si_sollicite
OBS,402,Dupont,Chloe,,,,2026-01-20,09:42,finalisation,activite_terminee
OBS,402,Dupont,Chloe,,,,2026-01-20,09:44,entree,demarre_relance
OBS,402,Dupont,Chloe,,,,2026-01-20,09:46,attention,reconcentre_seul
OBS,402,Marchand,Adam,,,,2026-01-20,09:42,tutorat,aide_si_sollicite
OBS,402,Marchand,Adam,,,,2026-01-20,09:44,participation,repond_si_sollicite
OBS,402,Marchand,Adam,,,,2026-01-20,09:46,entree,demarre_relance
OBS,402,Marchand,Adam,,,,2026-01-20,09:48,finalisation,corrige_erreur
OBS,402,Marchand,Adam,,,,2026-01-20,09:50,ressources,sollicite_apres_cherche
OBS,402,Lefebvre,Lea,,,,2026-01-20,09:34,tutorat,refuse_aider
OBS,402,Lefebvre,Lea,,,,2026-01-20,09:36,participation,ne_participe_pas
OBS,402,Lefebvre,Lea,,,,2026-01-20,09:38,difficulte,copie_correction
OBS,402,Lefebvre,Lea,,,,2026-01-20,09:40,entree,ne_demarre_pas
OBS,402,Guerin,Malo,,,,2026-01-20,09:41,tutorat,donne_reponse_directe
OBS,402,Guerin,Malo,,,,2026-01-20,09:43,participation,repond_si_insiste
OBS,402,Guerin,Malo,,,,2026-01-20,09:45,entree,demarre_relance
OBS,402,Guerin,Malo,,,,2026-01-20,09:47,finalisation,passe_autre_activite
OBS,402,Garcia,Enzo,,,,2026-01-20,09:19,tutorat,aide_si_sollicite
OBS,402,Garcia,Enzo,,,,2026-01-20,09:21,participation,repond_si_sollicite
OBS,402,Garcia,Enzo,,,,2026-01-20,09:23,entree,demarre_relance
OBS,402,Garcia,Enzo,,,,2026-01-20,09:25,ressources,echange_camarade
OBS,402,Laurent,Lina,,,,2026-01-20,09:23,tutorat,donne_reponse_directe
OBS,402,Laurent,Lina,,,,2026-01-20,09:25,participation,repond_si_sollicite
OBS,402,Laurent,Lina,,,,2026-01-20,09:27,attention,bavarde_travail
OBS,402,Laurent,Lina,,,,2026-01-20,09:29,difficulte,observe_camarade
OBS,402,Dubois,Timeo,,,,2026-01-20,09:20,tutorat,donne_reponse_directe
OBS,402,Dubois,Timeo,,,,2026-01-20,09:22,participation,ne_participe_pas
OBS,402,Dubois,Timeo,,,,2026-01-20,09:24,ressources,attend_correction
OBS,402,Dubois,Timeo,,,,2026-01-20,09:26,difficulte,observe_camarade
OBS,402,Dubois,Timeo,,,,2026-01-20,09:28,finalisation,passe_autre_activite
OBS,402,Vincent,Lucie,,,,2026-01-20,09:40,tutorat,aide_si_sollicite
OBS,402,Vincent,Lucie,,,,2026-01-20,09:42,participation,participe_spontanement
OBS,402,Vincent,Lucie,,,,2026-01-20,09:44,difficulte,demande_aide_pertinente
OBS,402,Vincent,Lucie,,,,2026-01-20,09:46,entree,demarre_immediat
OBS,402,Vincent,Lucie,,,,2026-01-20,09:48,ressources,sollicite_apres_cherche
OBS,402,Blanc,Rafael,,,,2026-01-20,09:42,tutorat,explique_camarade
OBS,402,Blanc,Rafael,,,,2026-01-20,09:44,participation,participe_spontanement
OBS,402,Blanc,Rafael,,,,2026-01-20,09:46,entree,demarre_immediat
OBS,402,Blanc,Rafael,,,,2026-01-20,09:48,ressources,echange_camarade
OBS,402,Mercier,Chloe,,,,2026-01-20,09:07,tutorat,donne_reponse_directe
OBS,402,Mercier,Chloe,,,,2026-01-20,09:09,participation,repond_si_insiste
OBS,402,Mercier,Chloe,,,,2026-01-20,09:11,finalisation,activite_incomplete
OBS,402,Mercier,Chloe,,,,2026-01-20,09:13,attention,bavarde_travail
OBS,402,Richard,Rayan,,,,2026-01-20,09:15,tutorat,aide_si_sollicite
OBS,402,Richard,Rayan,,,,2026-01-20,09:17,participation,repond_si_sollicite
OBS,402,Richard,Rayan,,,,2026-01-20,09:19,finalisation,activite_incomplete
OBS,402,Richard,Rayan,,,,2026-01-20,09:21,ressources,sollicite_immediat
OBS,402,Richard,Rayan,,,,2026-01-20,09:23,difficulte,attend_d
OBS,402,Bernard,Timeo,,,,2026-01-20,09:22,tutorat,explique_camarade
OBS,402,Bernard,Timeo,,,,2026-01-20,09:24,participation,participe_spontanement
OBS,402,Bernard,Timeo,,,,2026-01-20,09:26,finalisation,corrige_erreur
OBS,402,Bernard,Timeo,,,,2026-01-20,09:28,attention,concentre
OBS,402,Fournier,Milo,,,,2026-01-20,09:13,tutorat,refuse_aider
OBS,402,Fournier,Milo,,,,2026-01-20,09:15,participation,ne_participe_pas
OBS,402,Fournier,Milo,,,,2026-01-20,09:17,entree,ne_demarre_pas
OBS,402,Fournier,Milo,,,,2026-01-20,09:19,ressources,attend_correction
OBS,402,Roux,Nina,,,,2026-01-20,09:31,tutorat,explique_camarade
OBS,402,Roux,Nina,,,,2026-01-20,09:33,participation,participe_spontanement
OBS,402,Roux,Nina,,,,2026-01-20,09:35,difficulte,cherche_seul
OBS,402,Roux,Nina,,,,2026-01-20,09:37,attention,reconcentre_seul
OBS,402,David,Adam,,,,2026-01-20,09:48,tutorat,aide_si_sollicite
OBS,402,David,Adam,,,,2026-01-20,09:50,participation,participe_spontanement
OBS,402,David,Adam,,,,2026-01-20,09:52,difficulte,demande_aide_pertinente
OBS,402,David,Adam,,,,2026-01-20,09:53,ressources,utilise_aides_activite
OBS,402,Michel,Agathe,,,,2026-01-20,09:28,tutorat,donne_reponse_directe
OBS,402,Michel,Agathe,,,,2026-01-20,09:30,participation,repond_si_insiste
OBS,402,Michel,Agathe,,,,2026-01-20,09:32,ressources,sollicite_apres_cherche
OBS,402,Michel,Agathe,,,,2026-01-20,09:34,difficulte,attend_d
OBS,402,Michel,Agathe,,,,2026-01-20,09:36,attention,distrait_momentanement
OBS,402,Perrin,Ines,,,,2026-01-20,09:40,tutorat,refuse_aider
OBS,402,Perrin,Ines,,,,2026-01-20,09:42,participation,ne_participe_pas
OBS,402,Perrin,Ines,,,,2026-01-20,09:44,entree,attend_sans_commencer
OBS,402,Perrin,Ines,,,,2026-01-20,09:46,finalisation,passe_autre_activite
OBS,402,Sanchez,Iris,,,,2026-01-20,09:20,tutorat,aide_si_sollicite
OBS,402,Sanchez,Iris,,,,2026-01-20,09:22,participation,participe_spontanement
OBS,402,Sanchez,Iris,,,,2026-01-20,09:24,difficulte,cherche_seul
OBS,402,Sanchez,Iris,,,,2026-01-20,09:26,entree,demarre_immediat
OBS,402,Muller,Louise,,,,2026-01-20,09:24,tutorat,refuse_aider
OBS,402,Muller,Louise,,,,2026-01-20,09:26,participation,ne_participe_pas
OBS,402,Muller,Louise,,,,2026-01-20,09:28,attention,bavarde_hors_sujet
OBS,402,Muller,Louise,,,,2026-01-20,09:30,entree,ne_demarre_pas
OBS,402,Girard,Rafael,,,,2026-01-20,09:33,tutorat,refuse_aider
OBS,402,Girard,Rafael,,,,2026-01-20,09:35,participation,ne_participe_pas
OBS,402,Girard,Rafael,,,,2026-01-20,09:37,difficulte,observe_camarade
OBS,402,Girard,Rafael,,,,2026-01-20,09:39,entree,ne_demarre_pas
OBS,402,Lemoine,Louis,,,,2026-01-20,09:07,tutorat,donne_reponse_directe
OBS,402,Lemoine,Louis,,,,2026-01-20,09:09,participation,repond_si_insiste
OBS,402,Lemoine,Louis,,,,2026-01-20,09:11,difficulte,observe_camarade
OBS,402,Lemoine,Louis,,,,2026-01-20,09:13,attention,bavarde_travail
SESSION,402,demo_402_202601230900,1769155200000,1769158500000
OBS,402,Moreau,Ines,,,,2026-01-23,09:43,tutorat,explique_camarade
OBS,402,Moreau,Ines,,,,2026-01-23,09:45,participation,repond_si_insiste
OBS,402,Moreau,Ines,,,,2026-01-23,09:47,finalisation,activite_incomplete
OBS,402,Moreau,Ines,,,,2026-01-23,09:49,entree,attend_sans_commencer
OBS,402,Andre,Nolan,,,,2026-01-23,09:21,tutorat,donne_reponse_directe
OBS,402,Andre,Nolan,,,,2026-01-23,09:23,participation,ne_participe_pas
OBS,402,Andre,Nolan,,,,2026-01-23,09:25,attention,perturbe_camarade
OBS,402,Andre,Nolan,,,,2026-01-23,09:27,ressources,attend_correction
OBS,402,Andre,Nolan,,,,2026-01-23,09:29,finalisation,passe_autre_activite
OBS,402,Dupont,Chloe,,,,2026-01-23,09:34,tutorat,aide_si_sollicite
OBS,402,Dupont,Chloe,,,,2026-01-23,09:36,participation,repond_si_insiste
OBS,402,Dupont,Chloe,,,,2026-01-23,09:38,entree,demarre_relance
OBS,402,Dupont,Chloe,,,,2026-01-23,09:40,attention,reconcentre_seul
OBS,402,Marchand,Adam,,,,2026-01-23,09:09,tutorat,aide_si_sollicite
OBS,402,Marchand,Adam,,,,2026-01-23,09:11,participation,repond_si_sollicite
OBS,402,Marchand,Adam,,,,2026-01-23,09:13,finalisation,passe_autre_activite
OBS,402,Marchand,Adam,,,,2026-01-23,09:15,difficulte,observe_camarade
OBS,402,Marchand,Adam,,,,2026-01-23,09:17,ressources,sollicite_immediat
OBS,402,Lefebvre,Lea,,,,2026-01-23,09:08,tutorat,aide_si_sollicite
OBS,402,Lefebvre,Lea,,,,2026-01-23,09:10,participation,repond_si_sollicite
OBS,402,Lefebvre,Lea,,,,2026-01-23,09:12,entree,attend_sans_commencer
OBS,402,Lefebvre,Lea,,,,2026-01-23,09:14,finalisation,activite_incomplete
OBS,402,Lefebvre,Lea,,,,2026-01-23,09:16,difficulte,attend_d
OBS,402,Guerin,Malo,,,,2026-01-23,09:33,tutorat,donne_reponse_directe
OBS,402,Guerin,Malo,,,,2026-01-23,09:35,participation,repond_si_insiste
OBS,402,Guerin,Malo,,,,2026-01-23,09:37,entree,attend_sans_commencer
OBS,402,Guerin,Malo,,,,2026-01-23,09:39,ressources,sollicite_immediat
OBS,402,Guerin,Malo,,,,2026-01-23,09:41,attention,distrait_momentanement
OBS,402,Dumas,Yanis,,,,2026-01-23,09:32,tutorat,explique_camarade
OBS,402,Dumas,Yanis,,,,2026-01-23,09:34,participation,repond_si_insiste
OBS,402,Dumas,Yanis,,,,2026-01-23,09:36,ressources,sollicite_immediat
OBS,402,Dumas,Yanis,,,,2026-01-23,09:38,attention,concentre
OBS,402,Dumas,Yanis,,,,2026-01-23,09:40,finalisation,corrige_erreur
OBS,402,Garcia,Enzo,,,,2026-01-23,09:32,tutorat,donne_reponse_directe
OBS,402,Garcia,Enzo,,,,2026-01-23,09:34,participation,repond_si_sollicite
OBS,402,Garcia,Enzo,,,,2026-01-23,09:36,ressources,sollicite_apres_cherche
OBS,402,Garcia,Enzo,,,,2026-01-23,09:38,attention,bavarde_travail
OBS,402,Garcia,Enzo,,,,2026-01-23,09:40,entree,attend_sans_commencer
OBS,402,Dubois,Timeo,,,,2026-01-23,09:45,tutorat,refuse_aider
OBS,402,Dubois,Timeo,,,,2026-01-23,09:47,participation,ne_participe_pas
OBS,402,Dubois,Timeo,,,,2026-01-23,09:49,attention,revasse
OBS,402,Dubois,Timeo,,,,2026-01-23,09:51,difficulte,copie_correction
OBS,402,Vincent,Lucie,,,,2026-01-23,09:23,tutorat,explique_camarade
OBS,402,Vincent,Lucie,,,,2026-01-23,09:25,participation,participe_spontanement
OBS,402,Vincent,Lucie,,,,2026-01-23,09:27,attention,concentre
OBS,402,Vincent,Lucie,,,,2026-01-23,09:29,ressources,sollicite_apres_cherche
OBS,402,Vincent,Lucie,,,,2026-01-23,09:31,difficulte,cherche_seul
OBS,402,Blanc,Rafael,,,,2026-01-23,09:07,tutorat,explique_camarade
OBS,402,Blanc,Rafael,,,,2026-01-23,09:09,participation,participe_spontanement
OBS,402,Blanc,Rafael,,,,2026-01-23,09:11,entree,demarre_relance
OBS,402,Blanc,Rafael,,,,2026-01-23,09:13,finalisation,passe_autre_activite
OBS,402,Mercier,Chloe,,,,2026-01-23,09:05,tutorat,aide_si_sollicite
OBS,402,Mercier,Chloe,,,,2026-01-23,09:07,participation,repond_si_insiste
OBS,402,Mercier,Chloe,,,,2026-01-23,09:09,difficulte,attend_d
OBS,402,Mercier,Chloe,,,,2026-01-23,09:11,ressources,attend_professeur
OBS,402,Richard,Rayan,,,,2026-01-23,09:40,tutorat,aide_si_sollicite
OBS,402,Richard,Rayan,,,,2026-01-23,09:42,participation,repond_si_sollicite
OBS,402,Richard,Rayan,,,,2026-01-23,09:44,difficulte,observe_camarade
OBS,402,Richard,Rayan,,,,2026-01-23,09:46,entree,demarre_relance
OBS,402,Richard,Rayan,,,,2026-01-23,09:48,finalisation,activite_incomplete
OBS,402,Bernard,Timeo,,,,2026-01-23,09:47,tutorat,donne_reponse_directe
OBS,402,Bernard,Timeo,,,,2026-01-23,09:49,participation,repond_si_sollicite
OBS,402,Bernard,Timeo,,,,2026-01-23,09:51,entree,attend_sans_commencer
OBS,402,Bernard,Timeo,,,,2026-01-23,09:53,finalisation,activite_incomplete
OBS,402,Bernard,Timeo,,,,2026-01-23,09:53,attention,bavarde_travail
OBS,402,Fournier,Milo,,,,2026-01-23,09:13,tutorat,refuse_aider
OBS,402,Fournier,Milo,,,,2026-01-23,09:15,participation,ne_participe_pas
OBS,402,Fournier,Milo,,,,2026-01-23,09:17,ressources,attend_correction
OBS,402,Fournier,Milo,,,,2026-01-23,09:19,attention,revasse
OBS,402,Roux,Nina,,,,2026-01-23,09:43,tutorat,donne_reponse_directe
OBS,402,Roux,Nina,,,,2026-01-23,09:45,participation,repond_si_insiste
OBS,402,Roux,Nina,,,,2026-01-23,09:47,ressources,sollicite_immediat
OBS,402,Roux,Nina,,,,2026-01-23,09:49,entree,demarre_relance
OBS,402,Roux,Nina,,,,2026-01-23,09:51,attention,concentre
OBS,402,David,Adam,,,,2026-01-23,09:16,tutorat,donne_reponse_directe
OBS,402,David,Adam,,,,2026-01-23,09:18,participation,repond_si_insiste
OBS,402,David,Adam,,,,2026-01-23,09:20,difficulte,observe_camarade
OBS,402,David,Adam,,,,2026-01-23,09:22,entree,demarre_relance
OBS,402,David,Adam,,,,2026-01-23,09:24,ressources,sollicite_immediat
OBS,402,Michel,Agathe,,,,2026-01-23,09:02,tutorat,donne_reponse_directe
OBS,402,Michel,Agathe,,,,2026-01-23,09:04,participation,repond_si_insiste
OBS,402,Michel,Agathe,,,,2026-01-23,09:06,attention,distrait_momentanement
OBS,402,Michel,Agathe,,,,2026-01-23,09:08,ressources,attend_correction
OBS,402,Perrin,Ines,,,,2026-01-23,09:17,tutorat,donne_reponse_directe
OBS,402,Perrin,Ines,,,,2026-01-23,09:19,participation,repond_si_insiste
OBS,402,Perrin,Ines,,,,2026-01-23,09:21,difficulte,observe_camarade
OBS,402,Perrin,Ines,,,,2026-01-23,09:23,ressources,attend_professeur
OBS,402,Sanchez,Iris,,,,2026-01-23,09:14,tutorat,explique_camarade
OBS,402,Sanchez,Iris,,,,2026-01-23,09:16,participation,repond_si_sollicite
OBS,402,Sanchez,Iris,,,,2026-01-23,09:18,ressources,sollicite_apres_cherche
OBS,402,Sanchez,Iris,,,,2026-01-23,09:20,difficulte,utilise_document_d
OBS,402,Sanchez,Iris,,,,2026-01-23,09:22,entree,demarre_relance
OBS,402,Muller,Louise,,,,2026-01-23,09:26,tutorat,refuse_aider
OBS,402,Muller,Louise,,,,2026-01-23,09:28,participation,ne_participe_pas
OBS,402,Muller,Louise,,,,2026-01-23,09:30,attention,revasse
OBS,402,Muller,Louise,,,,2026-01-23,09:32,finalisation,recopie_correction
OBS,402,Girard,Rafael,,,,2026-01-23,09:48,tutorat,donne_reponse_directe
OBS,402,Girard,Rafael,,,,2026-01-23,09:50,participation,repond_si_sollicite
OBS,402,Girard,Rafael,,,,2026-01-23,09:52,entree,attend_sans_commencer
OBS,402,Girard,Rafael,,,,2026-01-23,09:53,finalisation,activite_incomplete
OBS,402,Lemoine,Louis,,,,2026-01-23,09:34,tutorat,aide_si_sollicite
OBS,402,Lemoine,Louis,,,,2026-01-23,09:36,participation,repond_si_insiste
OBS,402,Lemoine,Louis,,,,2026-01-23,09:38,finalisation,passe_autre_activite
OBS,402,Lemoine,Louis,,,,2026-01-23,09:40,ressources,sollicite_immediat
SESSION,402,demo_402_202601280900,1769587200000,1769590500000
OBS,402,Moreau,Ines,,,,2026-01-28,09:19,tutorat,refuse_aider
OBS,402,Moreau,Ines,,,,2026-01-28,09:21,participation,ne_participe_pas
OBS,402,Moreau,Ines,,,,2026-01-28,09:23,difficulte,copie_camarade
OBS,402,Moreau,Ines,,,,2026-01-28,09:25,ressources,attend_correction
OBS,402,Moreau,Ines,,,,2026-01-28,09:27,finalisation,recopie_correction
OBS,402,Andre,Nolan,,,,2026-01-28,09:14,tutorat,donne_reponse_directe
OBS,402,Andre,Nolan,,,,2026-01-28,09:16,participation,ne_participe_pas
OBS,402,Andre,Nolan,,,,2026-01-28,09:18,ressources,attend_correction
OBS,402,Andre,Nolan,,,,2026-01-28,09:20,entree,ne_demarre_pas
OBS,402,Andre,Nolan,,,,2026-01-28,09:22,attention,perturbe_camarade
OBS,402,Robert,Elsa,,,,2026-01-28,09:19,tutorat,explique_camarade
OBS,402,Robert,Elsa,,,,2026-01-28,09:21,participation,participe_spontanement
OBS,402,Robert,Elsa,,,,2026-01-28,09:23,attention,reconcentre_seul
OBS,402,Robert,Elsa,,,,2026-01-28,09:25,difficulte,demande_aide_pertinente
OBS,402,Robert,Elsa,,,,2026-01-28,09:27,finalisation,activite_terminee
OBS,402,Renard,Milo,,,,2026-01-28,09:12,tutorat,donne_reponse_directe
OBS,402,Renard,Milo,,,,2026-01-28,09:14,participation,repond_si_insiste
OBS,402,Renard,Milo,,,,2026-01-28,09:16,attention,bavarde_travail
OBS,402,Renard,Milo,,,,2026-01-28,09:18,entree,attend_sans_commencer
OBS,402,Renard,Milo,,,,2026-01-28,09:20,finalisation,activite_incomplete
OBS,402,Dupont,Chloe,,,,2026-01-28,09:06,tutorat,aide_si_sollicite
OBS,402,Dupont,Chloe,,,,2026-01-28,09:08,participation,repond_si_insiste
OBS,402,Dupont,Chloe,,,,2026-01-28,09:10,ressources,attend_professeur
OBS,402,Dupont,Chloe,,,,2026-01-28,09:12,difficulte,attend_d
OBS,402,Dupont,Chloe,,,,2026-01-28,09:14,attention,bavarde_travail
OBS,402,Marchand,Adam,,,,2026-01-28,09:15,tutorat,donne_reponse_directe
OBS,402,Marchand,Adam,,,,2026-01-28,09:17,participation,repond_si_sollicite
OBS,402,Marchand,Adam,,,,2026-01-28,09:19,difficulte,observe_camarade
OBS,402,Marchand,Adam,,,,2026-01-28,09:21,attention,bavarde_travail
OBS,402,Lefebvre,Lea,,,,2026-01-28,09:11,tutorat,donne_reponse_directe
OBS,402,Lefebvre,Lea,,,,2026-01-28,09:13,participation,ne_participe_pas
OBS,402,Lefebvre,Lea,,,,2026-01-28,09:15,entree,attend_sans_commencer
OBS,402,Lefebvre,Lea,,,,2026-01-28,09:17,attention,distrait_momentanement
OBS,402,Lefebvre,Lea,,,,2026-01-28,09:19,ressources,attend_correction
OBS,402,Guerin,Malo,,,,2026-01-28,09:12,tutorat,explique_camarade
OBS,402,Guerin,Malo,,,,2026-01-28,09:14,participation,participe_spontanement
OBS,402,Guerin,Malo,,,,2026-01-28,09:16,attention,reconcentre_seul
OBS,402,Guerin,Malo,,,,2026-01-28,09:18,entree,demarre_relance
OBS,402,Dumas,Yanis,,,,2026-01-28,09:18,tutorat,aide_si_sollicite
OBS,402,Dumas,Yanis,,,,2026-01-28,09:20,participation,repond_si_insiste
OBS,402,Dumas,Yanis,,,,2026-01-28,09:22,difficulte,utilise_coup_de_pouce
OBS,402,Dumas,Yanis,,,,2026-01-28,09:24,attention,distrait_momentanement
OBS,402,Garcia,Enzo,,,,2026-01-28,09:10,tutorat,explique_camarade
OBS,402,Garcia,Enzo,,,,2026-01-28,09:12,participation,participe_spontanement
OBS,402,Garcia,Enzo,,,,2026-01-28,09:14,difficulte,demande_aide_pertinente
OBS,402,Garcia,Enzo,,,,2026-01-28,09:16,finalisation,verifie_travail
OBS,402,Garcia,Enzo,,,,2026-01-28,09:18,ressources,sollicite_apres_cherche
OBS,402,Laurent,Lina,,,,2026-01-28,09:35,tutorat,donne_reponse_directe
OBS,402,Laurent,Lina,,,,2026-01-28,09:37,participation,repond_si_sollicite
OBS,402,Laurent,Lina,,,,2026-01-28,09:39,ressources,attend_professeur
OBS,402,Laurent,Lina,,,,2026-01-28,09:41,finalisation,activite_incomplete
OBS,402,Laurent,Lina,,,,2026-01-28,09:43,attention,distrait_momentanement
OBS,402,Dubois,Timeo,,,,2026-01-28,09:14,tutorat,refuse_aider
OBS,402,Dubois,Timeo,,,,2026-01-28,09:16,participation,ne_participe_pas
OBS,402,Dubois,Timeo,,,,2026-01-28,09:18,entree,ne_demarre_pas
OBS,402,Dubois,Timeo,,,,2026-01-28,09:20,finalisation,recopie_correction
OBS,402,Dubois,Timeo,,,,2026-01-28,09:22,difficulte,copie_camarade
OBS,402,Vincent,Lucie,,,,2026-01-28,09:14,tutorat,explique_camarade
OBS,402,Vincent,Lucie,,,,2026-01-28,09:16,participation,participe_spontanement
OBS,402,Vincent,Lucie,,,,2026-01-28,09:18,entree,demarre_immediat
OBS,402,Vincent,Lucie,,,,2026-01-28,09:20,difficulte,demande_aide_pertinente
OBS,402,Blanc,Rafael,,,,2026-01-28,09:10,tutorat,aide_si_sollicite
OBS,402,Blanc,Rafael,,,,2026-01-28,09:12,participation,repond_si_sollicite
OBS,402,Blanc,Rafael,,,,2026-01-28,09:14,difficulte,cherche_seul
OBS,402,Blanc,Rafael,,,,2026-01-28,09:16,attention,concentre
OBS,402,Blanc,Rafael,,,,2026-01-28,09:18,finalisation,passe_autre_activite
OBS,402,Mercier,Chloe,,,,2026-01-28,09:28,tutorat,donne_reponse_directe
OBS,402,Mercier,Chloe,,,,2026-01-28,09:30,participation,repond_si_sollicite
OBS,402,Mercier,Chloe,,,,2026-01-28,09:32,difficulte,observe_camarade
OBS,402,Mercier,Chloe,,,,2026-01-28,09:34,attention,concentre
OBS,402,Mercier,Chloe,,,,2026-01-28,09:36,finalisation,passe_autre_activite
OBS,402,Richard,Rayan,,,,2026-01-28,09:09,tutorat,aide_si_sollicite
OBS,402,Richard,Rayan,,,,2026-01-28,09:11,participation,participe_spontanement
OBS,402,Richard,Rayan,,,,2026-01-28,09:13,ressources,utilise_document_r
OBS,402,Richard,Rayan,,,,2026-01-28,09:15,finalisation,corrige_erreur
OBS,402,Bernard,Timeo,,,,2026-01-28,09:10,tutorat,explique_camarade
OBS,402,Bernard,Timeo,,,,2026-01-28,09:12,participation,participe_spontanement
OBS,402,Bernard,Timeo,,,,2026-01-28,09:14,entree,demarre_immediat
OBS,402,Bernard,Timeo,,,,2026-01-28,09:16,finalisation,activite_terminee
OBS,402,Fournier,Milo,,,,2026-01-28,09:33,tutorat,refuse_aider
OBS,402,Fournier,Milo,,,,2026-01-28,09:35,participation,ne_participe_pas
OBS,402,Fournier,Milo,,,,2026-01-28,09:37,attention,perturbe_camarade
OBS,402,Fournier,Milo,,,,2026-01-28,09:39,entree,attend_sans_commencer
OBS,402,Fournier,Milo,,,,2026-01-28,09:41,difficulte,copie_camarade
OBS,402,Roux,Nina,,,,2026-01-28,09:02,tutorat,explique_camarade
OBS,402,Roux,Nina,,,,2026-01-28,09:04,participation,repond_si_sollicite
OBS,402,Roux,Nina,,,,2026-01-28,09:06,difficulte,cherche_seul
OBS,402,Roux,Nina,,,,2026-01-28,09:08,finalisation,verifie_travail
OBS,402,Roux,Nina,,,,2026-01-28,09:10,attention,reconcentre_seul
OBS,402,David,Adam,,,,2026-01-28,09:06,tutorat,aide_si_sollicite
OBS,402,David,Adam,,,,2026-01-28,09:08,participation,repond_si_sollicite
OBS,402,David,Adam,,,,2026-01-28,09:10,entree,demarre_relance
OBS,402,David,Adam,,,,2026-01-28,09:12,difficulte,attend_d
OBS,402,David,Adam,,,,2026-01-28,09:14,ressources,sollicite_immediat
OBS,402,Michel,Agathe,,,,2026-01-28,09:26,tutorat,aide_si_sollicite
OBS,402,Michel,Agathe,,,,2026-01-28,09:28,participation,repond_si_sollicite
OBS,402,Michel,Agathe,,,,2026-01-28,09:30,attention,bavarde_travail
OBS,402,Michel,Agathe,,,,2026-01-28,09:32,ressources,echange_camarade
OBS,402,Michel,Agathe,,,,2026-01-28,09:34,entree,demarre_relance
OBS,402,Perrin,Ines,,,,2026-01-28,09:10,tutorat,donne_reponse_directe
OBS,402,Perrin,Ines,,,,2026-01-28,09:12,participation,repond_si_insiste
OBS,402,Perrin,Ines,,,,2026-01-28,09:14,attention,perturbe_camarade
OBS,402,Perrin,Ines,,,,2026-01-28,09:16,finalisation,passe_autre_activite
OBS,402,Sanchez,Iris,,,,2026-01-28,09:19,tutorat,explique_camarade
OBS,402,Sanchez,Iris,,,,2026-01-28,09:21,participation,participe_spontanement
OBS,402,Sanchez,Iris,,,,2026-01-28,09:23,finalisation,activite_terminee
OBS,402,Sanchez,Iris,,,,2026-01-28,09:25,entree,demarre_immediat
OBS,402,Muller,Louise,,,,2026-01-28,09:48,tutorat,refuse_aider
OBS,402,Muller,Louise,,,,2026-01-28,09:50,participation,repond_si_insiste
OBS,402,Muller,Louise,,,,2026-01-28,09:52,ressources,attend_correction
OBS,402,Muller,Louise,,,,2026-01-28,09:53,finalisation,recopie_correction
OBS,402,Girard,Rafael,,,,2026-01-28,09:28,tutorat,donne_reponse_directe
OBS,402,Girard,Rafael,,,,2026-01-28,09:30,participation,repond_si_insiste
OBS,402,Girard,Rafael,,,,2026-01-28,09:32,attention,distrait_momentanement
OBS,402,Girard,Rafael,,,,2026-01-28,09:34,ressources,attend_professeur
OBS,402,Girard,Rafael,,,,2026-01-28,09:36,difficulte,observe_camarade
OBS,402,Lemoine,Louis,,,,2026-01-28,09:26,tutorat,donne_reponse_directe
OBS,402,Lemoine,Louis,,,,2026-01-28,09:28,participation,repond_si_insiste
OBS,402,Lemoine,Louis,,,,2026-01-28,09:30,attention,bavarde_travail
OBS,402,Lemoine,Louis,,,,2026-01-28,09:32,finalisation,passe_autre_activite
SESSION,402,demo_402_202602020900,1770019200000,1770022500000
OBS,402,Moreau,Ines,,,,2026-02-02,09:08,tutorat,refuse_aider
OBS,402,Moreau,Ines,,,,2026-02-02,09:10,participation,ne_participe_pas
OBS,402,Moreau,Ines,,,,2026-02-02,09:12,attention,bavarde_travail
OBS,402,Moreau,Ines,,,,2026-02-02,09:14,ressources,sollicite_immediat
OBS,402,Robert,Elsa,,,,2026-02-02,09:27,tutorat,explique_camarade
OBS,402,Robert,Elsa,,,,2026-02-02,09:29,participation,participe_spontanement
OBS,402,Robert,Elsa,,,,2026-02-02,09:31,finalisation,activite_incomplete
OBS,402,Robert,Elsa,,,,2026-02-02,09:33,entree,demarre_immediat
OBS,402,Renard,Milo,,,,2026-02-02,09:22,tutorat,donne_reponse_directe
OBS,402,Renard,Milo,,,,2026-02-02,09:24,participation,ne_participe_pas
OBS,402,Renard,Milo,,,,2026-02-02,09:26,entree,ne_demarre_pas
OBS,402,Renard,Milo,,,,2026-02-02,09:28,attention,revasse
OBS,402,Renard,Milo,,,,2026-02-02,09:30,finalisation,activite_incomplete
OBS,402,Lefebvre,Lea,,,,2026-02-02,09:30,tutorat,aide_si_sollicite
OBS,402,Lefebvre,Lea,,,,2026-02-02,09:32,participation,repond_si_insiste
OBS,402,Lefebvre,Lea,,,,2026-02-02,09:34,attention,distrait_momentanement
OBS,402,Lefebvre,Lea,,,,2026-02-02,09:36,entree,demarre_relance
OBS,402,Lefebvre,Lea,,,,2026-02-02,09:38,finalisation,passe_autre_activite
OBS,402,Guerin,Malo,,,,2026-02-02,09:14,tutorat,aide_si_sollicite
OBS,402,Guerin,Malo,,,,2026-02-02,09:16,participation,repond_si_sollicite
OBS,402,Guerin,Malo,,,,2026-02-02,09:18,attention,bavarde_travail
OBS,402,Guerin,Malo,,,,2026-02-02,09:20,finalisation,passe_autre_activite
OBS,402,Guerin,Malo,,,,2026-02-02,09:22,ressources,echange_camarade
OBS,402,Dubois,Timeo,,,,2026-02-02,09:16,tutorat,donne_reponse_directe
OBS,402,Dubois,Timeo,,,,2026-02-02,09:18,participation,ne_participe_pas
OBS,402,Dubois,Timeo,,,,2026-02-02,09:20,difficulte,copie_camarade
OBS,402,Dubois,Timeo,,,,2026-02-02,09:22,entree,ne_demarre_pas
OBS,402,Dubois,Timeo,,,,2026-02-02,09:24,attention,distrait_momentanement
OBS,402,Vincent,Lucie,,,,2026-02-02,09:47,tutorat,explique_camarade
OBS,402,Vincent,Lucie,,,,2026-02-02,09:49,participation,repond_si_sollicite
OBS,402,Vincent,Lucie,,,,2026-02-02,09:51,difficulte,attend_d
OBS,402,Vincent,Lucie,,,,2026-02-02,09:53,finalisation,activite_incomplete
OBS,402,Blanc,Rafael,,,,2026-02-02,09:42,tutorat,aide_si_sollicite
OBS,402,Blanc,Rafael,,,,2026-02-02,09:44,participation,repond_si_sollicite
OBS,402,Blanc,Rafael,,,,2026-02-02,09:46,difficulte,observe_camarade
OBS,402,Blanc,Rafael,,,,2026-02-02,09:48,attention,bavarde_travail
OBS,402,Mercier,Chloe,,,,2026-02-02,09:14,tutorat,donne_reponse_directe
OBS,402,Mercier,Chloe,,,,2026-02-02,09:16,participation,repond_si_insiste
OBS,402,Mercier,Chloe,,,,2026-02-02,09:18,difficulte,observe_camarade
OBS,402,Mercier,Chloe,,,,2026-02-02,09:20,attention,revasse
OBS,402,Richard,Rayan,,,,2026-02-02,09:08,tutorat,explique_camarade
OBS,402,Richard,Rayan,,,,2026-02-02,09:10,participation,repond_si_sollicite
OBS,402,Richard,Rayan,,,,2026-02-02,09:12,difficulte,utilise_document_d
OBS,402,Richard,Rayan,,,,2026-02-02,09:14,finalisation,activite_incomplete
OBS,402,Fournier,Milo,,,,2026-02-02,09:33,tutorat,refuse_aider
OBS,402,Fournier,Milo,,,,2026-02-02,09:35,participation,ne_participe_pas
OBS,402,Fournier,Milo,,,,2026-02-02,09:37,difficulte,observe_camarade
OBS,402,Fournier,Milo,,,,2026-02-02,09:39,finalisation,recopie_correction
OBS,402,Roux,Nina,,,,2026-02-02,09:36,tutorat,aide_si_sollicite
OBS,402,Roux,Nina,,,,2026-02-02,09:38,participation,repond_si_sollicite
OBS,402,Roux,Nina,,,,2026-02-02,09:40,finalisation,activite_incomplete
OBS,402,Roux,Nina,,,,2026-02-02,09:42,difficulte,demande_aide_pertinente
OBS,402,David,Adam,,,,2026-02-02,09:41,tutorat,aide_si_sollicite
OBS,402,David,Adam,,,,2026-02-02,09:43,participation,repond_si_sollicite
OBS,402,David,Adam,,,,2026-02-02,09:45,entree,demarre_relance
OBS,402,David,Adam,,,,2026-02-02,09:47,difficulte,observe_camarade
OBS,402,David,Adam,,,,2026-02-02,09:49,attention,bavarde_travail
OBS,402,Michel,Agathe,,,,2026-02-02,09:29,tutorat,aide_si_sollicite
OBS,402,Michel,Agathe,,,,2026-02-02,09:31,participation,repond_si_sollicite
OBS,402,Michel,Agathe,,,,2026-02-02,09:33,attention,bavarde_travail
OBS,402,Michel,Agathe,,,,2026-02-02,09:35,finalisation,activite_incomplete
OBS,402,Michel,Agathe,,,,2026-02-02,09:37,difficulte,observe_camarade
OBS,402,Meunier,Axel,,,,2026-02-02,09:21,tutorat,refuse_aider
OBS,402,Meunier,Axel,,,,2026-02-02,09:23,participation,repond_si_insiste
OBS,402,Meunier,Axel,,,,2026-02-02,09:25,ressources,attend_professeur
OBS,402,Meunier,Axel,,,,2026-02-02,09:27,finalisation,activite_incomplete
OBS,402,Bertrand,Agathe,,,,2026-02-02,09:05,tutorat,aide_si_sollicite
OBS,402,Bertrand,Agathe,,,,2026-02-02,09:07,participation,repond_si_sollicite
OBS,402,Bertrand,Agathe,,,,2026-02-02,09:09,entree,attend_sans_commencer
OBS,402,Muller,Louise,,,,2026-02-02,09:11,tutorat,donne_reponse_directe
OBS,402,Muller,Louise,,,,2026-02-02,09:13,participation,repond_si_insiste
OBS,402,Muller,Louise,,,,2026-02-02,09:15,finalisation,recopie_correction
OBS,402,Muller,Louise,,,,2026-02-02,09:17,difficulte,copie_correction
OBS,402,Muller,Louise,,,,2026-02-02,09:19,entree,attend_sans_commencer
OBS,402,Girard,Rafael,,,,2026-02-02,09:48,tutorat,donne_reponse_directe
OBS,402,Girard,Rafael,,,,2026-02-02,09:50,participation,repond_si_insiste
OBS,402,Girard,Rafael,,,,2026-02-02,09:52,finalisation,passe_autre_activite
OBS,402,Girard,Rafael,,,,2026-02-02,09:53,difficulte,attend_d
OBS,402,Girard,Rafael,,,,2026-02-02,09:53,ressources,attend_professeur
OBS,402,Lemoine,Louis,,,,2026-02-02,09:13,tutorat,explique_camarade
OBS,402,Lemoine,Louis,,,,2026-02-02,09:15,participation,repond_si_sollicite
OBS,402,Lemoine,Louis,,,,2026-02-02,09:17,finalisation,activite_incomplete
OBS,402,Lemoine,Louis,,,,2026-02-02,09:19,entree,demarre_relance
OBS,402,Lemoine,Louis,,,,2026-02-02,09:21,difficulte,attend_d
SESSION,402,demo_402_202602050900,1770278400000,1770281700000
OBS,402,Moreau,Ines,,,,2026-02-05,09:36,tutorat,donne_reponse_directe
OBS,402,Moreau,Ines,,,,2026-02-05,09:38,participation,repond_si_insiste
OBS,402,Moreau,Ines,,,,2026-02-05,09:40,finalisation,activite_incomplete
OBS,402,Moreau,Ines,,,,2026-02-05,09:42,entree,ne_demarre_pas
OBS,402,Moreau,Ines,,,,2026-02-05,09:44,difficulte,attend_d
OBS,402,Andre,Nolan,,,,2026-02-05,09:25,tutorat,refuse_aider
OBS,402,Andre,Nolan,,,,2026-02-05,09:27,participation,repond_si_insiste
OBS,402,Andre,Nolan,,,,2026-02-05,09:29,finalisation,recopie_correction
OBS,402,Andre,Nolan,,,,2026-02-05,09:31,ressources,attend_correction
OBS,402,Andre,Nolan,,,,2026-02-05,09:33,entree,attend_sans_commencer
OBS,402,Robert,Elsa,,,,2026-02-05,09:24,tutorat,explique_camarade
OBS,402,Robert,Elsa,,,,2026-02-05,09:26,participation,repond_si_sollicite
OBS,402,Robert,Elsa,,,,2026-02-05,09:28,entree,demarre_immediat
OBS,402,Robert,Elsa,,,,2026-02-05,09:30,finalisation,activite_terminee
OBS,402,Robert,Elsa,,,,2026-02-05,09:32,attention,reconcentre_seul
OBS,402,Renard,Milo,,,,2026-02-05,09:27,tutorat,donne_reponse_directe
OBS,402,Renard,Milo,,,,2026-02-05,09:29,participation,ne_participe_pas
OBS,402,Renard,Milo,,,,2026-02-05,09:31,difficulte,observe_camarade
OBS,402,Renard,Milo,,,,2026-02-05,09:33,ressources,attend_correction
OBS,402,Renard,Milo,,,,2026-02-05,09:35,attention,perturbe_camarade
OBS,402,Denis,Emma,,,,2026-02-05,09:45,tutorat,donne_reponse_directe
OBS,402,Denis,Emma,,,,2026-02-05,09:47,participation,repond_si_insiste
OBS,402,Denis,Emma,,,,2026-02-05,09:49,ressources,sollicite_immediat
OBS,402,Denis,Emma,,,,2026-02-05,09:51,attention,distrait_momentanement
OBS,402,Denis,Emma,,,,2026-02-05,09:53,difficulte,attend_d
OBS,402,Lefebvre,Lea,,,,2026-02-05,09:03,tutorat,donne_reponse_directe
OBS,402,Lefebvre,Lea,,,,2026-02-05,09:05,participation,repond_si_insiste
OBS,402,Lefebvre,Lea,,,,2026-02-05,09:07,ressources,attend_correction
OBS,402,Lefebvre,Lea,,,,2026-02-05,09:09,attention,perturbe_camarade
OBS,402,Guerin,Malo,,,,2026-02-05,09:36,tutorat,donne_reponse_directe
OBS,402,Guerin,Malo,,,,2026-02-05,09:38,participation,repond_si_insiste
OBS,402,Guerin,Malo,,,,2026-02-05,09:40,entree,demarre_relance
OBS,402,Guerin,Malo,,,,2026-02-05,09:42,finalisation,passe_autre_activite
OBS,402,Guerin,Malo,,,,2026-02-05,09:44,ressources,attend_professeur
OBS,402,Garcia,Enzo,,,,2026-02-05,09:35,tutorat,donne_reponse_directe
OBS,402,Garcia,Enzo,,,,2026-02-05,09:37,participation,repond_si_insiste
OBS,402,Garcia,Enzo,,,,2026-02-05,09:39,entree,demarre_relance
OBS,402,Garcia,Enzo,,,,2026-02-05,09:41,attention,reconcentre_seul
OBS,402,Laurent,Lina,,,,2026-02-05,09:23,tutorat,donne_reponse_directe
OBS,402,Laurent,Lina,,,,2026-02-05,09:25,participation,ne_participe_pas
OBS,402,Laurent,Lina,,,,2026-02-05,09:27,ressources,attend_professeur
OBS,402,Laurent,Lina,,,,2026-02-05,09:29,entree,ne_demarre_pas
OBS,402,Dubois,Timeo,,,,2026-02-05,09:19,tutorat,refuse_aider
OBS,402,Dubois,Timeo,,,,2026-02-05,09:21,participation,ne_participe_pas
OBS,402,Dubois,Timeo,,,,2026-02-05,09:23,entree,ne_demarre_pas
OBS,402,Dubois,Timeo,,,,2026-02-05,09:25,attention,perturbe_camarade
OBS,402,Vincent,Lucie,,,,2026-02-05,09:01,tutorat,aide_si_sollicite
OBS,402,Vincent,Lucie,,,,2026-02-05,09:03,participation,participe_spontanement
OBS,402,Vincent,Lucie,,,,2026-02-05,09:05,difficulte,utilise_coup_de_pouce
OBS,402,Vincent,Lucie,,,,2026-02-05,09:07,ressources,echange_camarade
OBS,402,Mercier,Chloe,,,,2026-02-05,09:46,tutorat,donne_reponse_directe
OBS,402,Mercier,Chloe,,,,2026-02-05,09:48,participation,repond_si_insiste
OBS,402,Mercier,Chloe,,,,2026-02-05,09:50,attention,distrait_momentanement
OBS,402,Mercier,Chloe,,,,2026-02-05,09:52,finalisation,passe_autre_activite
OBS,402,Richard,Rayan,,,,2026-02-05,09:01,tutorat,aide_si_sollicite
OBS,402,Richard,Rayan,,,,2026-02-05,09:03,participation,repond_si_sollicite
OBS,402,Richard,Rayan,,,,2026-02-05,09:05,ressources,sollicite_immediat
OBS,402,Richard,Rayan,,,,2026-02-05,09:07,entree,attend_sans_commencer
OBS,402,Fournier,Milo,,,,2026-02-05,09:12,tutorat,refuse_aider
OBS,402,Fournier,Milo,,,,2026-02-05,09:14,participation,ne_participe_pas
OBS,402,Fournier,Milo,,,,2026-02-05,09:16,entree,ne_demarre_pas
OBS,402,Fournier,Milo,,,,2026-02-05,09:18,ressources,attend_correction
OBS,402,Roux,Nina,,,,2026-02-05,09:09,tutorat,aide_si_sollicite
OBS,402,Roux,Nina,,,,2026-02-05,09:11,participation,repond_si_sollicite
OBS,402,Roux,Nina,,,,2026-02-05,09:13,attention,bavarde_travail
OBS,402,Roux,Nina,,,,2026-02-05,09:15,finalisation,passe_autre_activite
OBS,402,Roux,Nina,,,,2026-02-05,09:17,difficulte,attend_d
OBS,402,David,Adam,,,,2026-02-05,09:10,tutorat,donne_reponse_directe
OBS,402,David,Adam,,,,2026-02-05,09:12,participation,repond_si_sollicite
OBS,402,David,Adam,,,,2026-02-05,09:14,attention,bavarde_travail
OBS,402,David,Adam,,,,2026-02-05,09:16,entree,demarre_relance
OBS,402,Michel,Agathe,,,,2026-02-05,09:48,tutorat,aide_si_sollicite
OBS,402,Michel,Agathe,,,,2026-02-05,09:50,participation,repond_si_sollicite
OBS,402,Michel,Agathe,,,,2026-02-05,09:52,ressources,echange_camarade
OBS,402,Michel,Agathe,,,,2026-02-05,09:53,difficulte,observe_camarade
OBS,402,Perrin,Ines,,,,2026-02-05,09:48,tutorat,refuse_aider
OBS,402,Perrin,Ines,,,,2026-02-05,09:50,participation,ne_participe_pas
OBS,402,Perrin,Ines,,,,2026-02-05,09:52,ressources,attend_correction
OBS,402,Perrin,Ines,,,,2026-02-05,09:53,entree,attend_sans_commencer
OBS,402,Bertrand,Agathe,,,,2026-02-05,09:23,tutorat,donne_reponse_directe
OBS,402,Bertrand,Agathe,,,,2026-02-05,09:25,participation,repond_si_insiste
OBS,402,Bertrand,Agathe,,,,2026-02-05,09:27,entree,attend_sans_commencer
OBS,402,Sanchez,Iris,,,,2026-02-05,09:13,tutorat,aide_si_sollicite
OBS,402,Sanchez,Iris,,,,2026-02-05,09:15,participation,participe_spontanement
OBS,402,Sanchez,Iris,,,,2026-02-05,09:17,entree,demarre_immediat
OBS,402,Sanchez,Iris,,,,2026-02-05,09:19,attention,concentre
OBS,402,Muller,Louise,,,,2026-02-05,09:45,tutorat,refuse_aider
OBS,402,Muller,Louise,,,,2026-02-05,09:47,participation,ne_participe_pas
OBS,402,Muller,Louise,,,,2026-02-05,09:49,entree,ne_demarre_pas
OBS,402,Muller,Louise,,,,2026-02-05,09:51,ressources,attend_correction
OBS,402,Lemoine,Louis,,,,2026-02-05,09:03,tutorat,donne_reponse_directe
OBS,402,Lemoine,Louis,,,,2026-02-05,09:05,participation,repond_si_insiste
OBS,402,Lemoine,Louis,,,,2026-02-05,09:07,attention,bavarde_travail
OBS,402,Lemoine,Louis,,,,2026-02-05,09:09,difficulte,observe_camarade
OBS,402,Lemoine,Louis,,,,2026-02-05,09:11,entree,attend_sans_commencer
SESSION,402,demo_402_202602110900,1770796800000,1770800100000
OBS,402,Moreau,Ines,,,,2026-02-11,09:07,tutorat,donne_reponse_directe
OBS,402,Moreau,Ines,,,,2026-02-11,09:09,participation,repond_si_insiste
OBS,402,Moreau,Ines,,,,2026-02-11,09:11,finalisation,passe_autre_activite
OBS,402,Moreau,Ines,,,,2026-02-11,09:13,ressources,sollicite_immediat
OBS,402,Andre,Nolan,,,,2026-02-11,09:12,tutorat,donne_reponse_directe
OBS,402,Andre,Nolan,,,,2026-02-11,09:14,participation,ne_participe_pas
OBS,402,Andre,Nolan,,,,2026-02-11,09:16,ressources,attend_correction
OBS,402,Andre,Nolan,,,,2026-02-11,09:18,attention,bavarde_travail
OBS,402,Andre,Nolan,,,,2026-02-11,09:20,finalisation,passe_autre_activite
OBS,402,Robert,Elsa,,,,2026-02-11,09:29,tutorat,explique_camarade
OBS,402,Robert,Elsa,,,,2026-02-11,09:31,participation,participe_spontanement
OBS,402,Robert,Elsa,,,,2026-02-11,09:33,ressources,utilise_document_r
OBS,402,Robert,Elsa,,,,2026-02-11,09:35,difficulte,utilise_document_d
OBS,402,Renard,Milo,,,,2026-02-11,09:25,tutorat,refuse_aider
OBS,402,Renard,Milo,,,,2026-02-11,09:27,participation,ne_participe_pas
OBS,402,Renard,Milo,,,,2026-02-11,09:29,attention,bavarde_hors_sujet
OBS,402,Renard,Milo,,,,2026-02-11,09:31,finalisation,activite_incomplete
OBS,402,Renard,Milo,,,,2026-02-11,09:33,difficulte,copie_correction
OBS,402,Denis,Emma,,,,2026-02-11,09:21,tutorat,aide_si_sollicite
OBS,402,Denis,Emma,,,,2026-02-11,09:23,participation,repond_si_sollicite
OBS,402,Denis,Emma,,,,2026-02-11,09:25,ressources,sollicite_immediat
OBS,402,Denis,Emma,,,,2026-02-11,09:27,entree,demarre_relance
OBS,402,Denis,Emma,,,,2026-02-11,09:29,attention,bavarde_travail
OBS,402,Lefebvre,Lea,,,,2026-02-11,09:06,tutorat,refuse_aider
OBS,402,Lefebvre,Lea,,,,2026-02-11,09:08,participation,ne_participe_pas
OBS,402,Lefebvre,Lea,,,,2026-02-11,09:10,ressources,attend_correction
OBS,402,Lefebvre,Lea,,,,2026-02-11,09:12,attention,revasse
OBS,402,Guerin,Malo,,,,2026-02-11,09:15,tutorat,aide_si_sollicite
OBS,402,Guerin,Malo,,,,2026-02-11,09:17,participation,repond_si_insiste
OBS,402,Guerin,Malo,,,,2026-02-11,09:19,difficulte,observe_camarade
OBS,402,Guerin,Malo,,,,2026-02-11,09:21,entree,attend_sans_commencer
OBS,402,Garcia,Enzo,,,,2026-02-11,09:31,tutorat,aide_si_sollicite
OBS,402,Garcia,Enzo,,,,2026-02-11,09:33,participation,repond_si_sollicite
OBS,402,Garcia,Enzo,,,,2026-02-11,09:35,difficulte,demande_aide_pertinente
OBS,402,Garcia,Enzo,,,,2026-02-11,09:37,ressources,sollicite_apres_cherche
OBS,402,Laurent,Lina,,,,2026-02-11,09:44,tutorat,refuse_aider
OBS,402,Laurent,Lina,,,,2026-02-11,09:46,participation,repond_si_insiste
OBS,402,Laurent,Lina,,,,2026-02-11,09:48,entree,attend_sans_commencer
OBS,402,Laurent,Lina,,,,2026-02-11,09:50,ressources,attend_professeur
OBS,402,Laurent,Lina,,,,2026-02-11,09:52,attention,revasse
OBS,402,Vincent,Lucie,,,,2026-02-11,09:39,tutorat,explique_camarade
OBS,402,Vincent,Lucie,,,,2026-02-11,09:41,participation,participe_spontanement
OBS,402,Vincent,Lucie,,,,2026-02-11,09:43,finalisation,corrige_erreur
OBS,402,Vincent,Lucie,,,,2026-02-11,09:45,difficulte,utilise_document_d
OBS,402,Vincent,Lucie,,,,2026-02-11,09:47,entree,demarre_relance
OBS,402,Blanc,Rafael,,,,2026-02-11,09:05,tutorat,aide_si_sollicite
OBS,402,Blanc,Rafael,,,,2026-02-11,09:07,participation,repond_si_sollicite
OBS,402,Blanc,Rafael,,,,2026-02-11,09:09,difficulte,cherche_seul
OBS,402,Blanc,Rafael,,,,2026-02-11,09:11,finalisation,corrige_erreur
OBS,402,Blanc,Rafael,,,,2026-02-11,09:13,entree,demarre_relance
OBS,402,Mercier,Chloe,,,,2026-02-11,09:01,tutorat,donne_reponse_directe
OBS,402,Mercier,Chloe,,,,2026-02-11,09:03,participation,repond_si_insiste
OBS,402,Mercier,Chloe,,,,2026-02-11,09:05,attention,bavarde_travail
OBS,402,Mercier,Chloe,,,,2026-02-11,09:07,finalisation,activite_incomplete
OBS,402,Richard,Rayan,,,,2026-02-11,09:06,tutorat,aide_si_sollicite
OBS,402,Richard,Rayan,,,,2026-02-11,09:08,participation,repond_si_sollicite
OBS,402,Richard,Rayan,,,,2026-02-11,09:10,difficulte,attend_d
OBS,402,Richard,Rayan,,,,2026-02-11,09:12,finalisation,activite_terminee
OBS,402,Richard,Rayan,,,,2026-02-11,09:14,attention,distrait_momentanement
OBS,402,Bernard,Timeo,,,,2026-02-11,09:05,tutorat,donne_reponse_directe
OBS,402,Bernard,Timeo,,,,2026-02-11,09:07,participation,repond_si_insiste
OBS,402,Bernard,Timeo,,,,2026-02-11,09:09,difficulte,attend_d
OBS,402,Bernard,Timeo,,,,2026-02-11,09:11,finalisation,activite_incomplete
OBS,402,Fournier,Milo,,,,2026-02-11,09:45,tutorat,refuse_aider
OBS,402,Fournier,Milo,,,,2026-02-11,09:47,participation,repond_si_insiste
OBS,402,Fournier,Milo,,,,2026-02-11,09:49,finalisation,passe_autre_activite
OBS,402,Fournier,Milo,,,,2026-02-11,09:51,difficulte,copie_correction
OBS,402,David,Adam,,,,2026-02-11,09:24,tutorat,donne_reponse_directe
OBS,402,David,Adam,,,,2026-02-11,09:26,participation,repond_si_insiste
OBS,402,David,Adam,,,,2026-02-11,09:28,difficulte,attend_d
OBS,402,David,Adam,,,,2026-02-11,09:30,finalisation,passe_autre_activite
OBS,402,Michel,Agathe,,,,2026-02-11,09:34,tutorat,aide_si_sollicite
OBS,402,Michel,Agathe,,,,2026-02-11,09:36,participation,repond_si_insiste
OBS,402,Michel,Agathe,,,,2026-02-11,09:38,attention,distrait_momentanement
OBS,402,Michel,Agathe,,,,2026-02-11,09:40,difficulte,observe_camarade
OBS,402,Perrin,Ines,,,,2026-02-11,09:10,tutorat,refuse_aider
OBS,402,Perrin,Ines,,,,2026-02-11,09:12,participation,ne_participe_pas
OBS,402,Perrin,Ines,,,,2026-02-11,09:14,finalisation,recopie_correction
OBS,402,Perrin,Ines,,,,2026-02-11,09:16,ressources,attend_correction
OBS,402,Perrin,Ines,,,,2026-02-11,09:18,entree,attend_sans_commencer
OBS,402,Sanchez,Iris,,,,2026-02-11,09:38,tutorat,explique_camarade
OBS,402,Sanchez,Iris,,,,2026-02-11,09:40,participation,participe_spontanement
OBS,402,Sanchez,Iris,,,,2026-02-11,09:42,difficulte,utilise_document_d
OBS,402,Sanchez,Iris,,,,2026-02-11,09:44,entree,demarre_immediat
OBS,402,Sanchez,Iris,,,,2026-02-11,09:46,ressources,echange_camarade
OBS,402,Lemoine,Louis,,,,2026-02-11,09:39,tutorat,aide_si_sollicite
OBS,402,Lemoine,Louis,,,,2026-02-11,09:41,participation,repond_si_sollicite
OBS,402,Lemoine,Louis,,,,2026-02-11,09:43,finalisation,passe_autre_activite
OBS,402,Lemoine,Louis,,,,2026-02-11,09:45,attention,distrait_momentanement
SESSION,402,demo_402_202602160900,1771228800000,1771232100000
OBS,402,Moreau,Ines,,,,2026-02-16,09:37,tutorat,donne_reponse_directe
OBS,402,Moreau,Ines,,,,2026-02-16,09:39,participation,repond_si_insiste
OBS,402,Moreau,Ines,,,,2026-02-16,09:41,attention,distrait_momentanement
OBS,402,Moreau,Ines,,,,2026-02-16,09:43,entree,attend_sans_commencer
OBS,402,Andre,Nolan,,,,2026-02-16,09:44,tutorat,refuse_aider
OBS,402,Andre,Nolan,,,,2026-02-16,09:46,participation,ne_participe_pas
OBS,402,Andre,Nolan,,,,2026-02-16,09:48,ressources,attend_correction
OBS,402,Andre,Nolan,,,,2026-02-16,09:50,entree,ne_demarre_pas
OBS,402,Andre,Nolan,,,,2026-02-16,09:52,attention,bavarde_hors_sujet
OBS,402,Robert,Elsa,,,,2026-02-16,09:08,tutorat,explique_camarade
OBS,402,Robert,Elsa,,,,2026-02-16,09:10,participation,participe_spontanement
OBS,402,Robert,Elsa,,,,2026-02-16,09:12,ressources,utilise_document_r
OBS,402,Robert,Elsa,,,,2026-02-16,09:14,entree,demarre_immediat
OBS,402,Robert,Elsa,,,,2026-02-16,09:16,finalisation,corrige_erreur
OBS,402,Renard,Milo,,,,2026-02-16,09:34,tutorat,refuse_aider
OBS,402,Renard,Milo,,,,2026-02-16,09:36,participation,ne_participe_pas
OBS,402,Renard,Milo,,,,2026-02-16,09:38,attention,revasse
OBS,402,Renard,Milo,,,,2026-02-16,09:40,difficulte,observe_camarade
OBS,402,Denis,Emma,,,,2026-02-16,09:24,tutorat,donne_reponse_directe
OBS,402,Denis,Emma,,,,2026-02-16,09:26,participation,repond_si_sollicite
OBS,402,Denis,Emma,,,,2026-02-16,09:28,entree,attend_sans_commencer
OBS,402,Denis,Emma,,,,2026-02-16,09:30,difficulte,attend_d
OBS,402,Denis,Emma,,,,2026-02-16,09:32,finalisation,passe_autre_activite
OBS,402,Lefebvre,Lea,,,,2026-02-16,09:33,tutorat,donne_reponse_directe
OBS,402,Lefebvre,Lea,,,,2026-02-16,09:35,participation,repond_si_insiste
OBS,402,Lefebvre,Lea,,,,2026-02-16,09:37,entree,attend_sans_commencer
OBS,402,Lefebvre,Lea,,,,2026-02-16,09:39,ressources,sollicite_immediat
OBS,402,Garcia,Enzo,,,,2026-02-16,09:13,tutorat,explique_camarade
OBS,402,Garcia,Enzo,,,,2026-02-16,09:15,participation,repond_si_sollicite
OBS,402,Garcia,Enzo,,,,2026-02-16,09:17,attention,distrait_momentanement
OBS,402,Garcia,Enzo,,,,2026-02-16,09:19,entree,demarre_relance
OBS,402,Dubois,Timeo,,,,2026-02-16,09:23,tutorat,donne_reponse_directe
OBS,402,Dubois,Timeo,,,,2026-02-16,09:25,participation,repond_si_insiste
OBS,402,Dubois,Timeo,,,,2026-02-16,09:27,ressources,attend_professeur
OBS,402,Dubois,Timeo,,,,2026-02-16,09:29,difficulte,attend_d
OBS,402,Dubois,Timeo,,,,2026-02-16,09:31,entree,ne_demarre_pas
OBS,402,Vincent,Lucie,,,,2026-02-16,09:42,tutorat,explique_camarade
OBS,402,Vincent,Lucie,,,,2026-02-16,09:44,participation,repond_si_sollicite
OBS,402,Vincent,Lucie,,,,2026-02-16,09:46,attention,reconcentre_seul
OBS,402,Vincent,Lucie,,,,2026-02-16,09:48,entree,demarre_immediat
OBS,402,Vincent,Lucie,,,,2026-02-16,09:50,ressources,echange_camarade
OBS,402,Blanc,Rafael,,,,2026-02-16,09:01,tutorat,explique_camarade
OBS,402,Blanc,Rafael,,,,2026-02-16,09:03,participation,repond_si_sollicite
OBS,402,Blanc,Rafael,,,,2026-02-16,09:05,finalisation,passe_autre_activite
OBS,402,Blanc,Rafael,,,,2026-02-16,09:07,ressources,utilise_aides_activite
OBS,402,Blanc,Rafael,,,,2026-02-16,09:09,attention,reconcentre_seul
OBS,402,Mercier,Chloe,,,,2026-02-16,09:23,tutorat,aide_si_sollicite
OBS,402,Mercier,Chloe,,,,2026-02-16,09:25,participation,repond_si_sollicite
OBS,402,Mercier,Chloe,,,,2026-02-16,09:27,ressources,sollicite_immediat
OBS,402,Mercier,Chloe,,,,2026-02-16,09:29,difficulte,attend_d
OBS,402,Mercier,Chloe,,,,2026-02-16,09:31,finalisation,activite_incomplete
OBS,402,Richard,Rayan,,,,2026-02-16,09:07,tutorat,aide_si_sollicite
OBS,402,Richard,Rayan,,,,2026-02-16,09:09,participation,repond_si_sollicite
OBS,402,Richard,Rayan,,,,2026-02-16,09:11,ressources,sollicite_immediat
OBS,402,Richard,Rayan,,,,2026-02-16,09:13,entree,demarre_relance
OBS,402,Bernard,Timeo,,,,2026-02-16,09:18,tutorat,donne_reponse_directe
OBS,402,Bernard,Timeo,,,,2026-02-16,09:20,participation,repond_si_sollicite
OBS,402,Bernard,Timeo,,,,2026-02-16,09:22,entree,demarre_immediat
OBS,402,Bernard,Timeo,,,,2026-02-16,09:24,difficulte,attend_d
OBS,402,Bernard,Timeo,,,,2026-02-16,09:26,attention,reconcentre_seul
OBS,402,Faure,Timeo,,,,2026-02-16,09:36,tutorat,aide_si_sollicite
OBS,402,Faure,Timeo,,,,2026-02-16,09:38,participation,repond_si_sollicite
OBS,402,Faure,Timeo,,,,2026-02-16,09:40,difficulte,utilise_document_d
OBS,402,Faure,Timeo,,,,2026-02-16,09:42,attention,revasse
OBS,402,Fournier,Milo,,,,2026-02-16,09:07,tutorat,donne_reponse_directe
OBS,402,Fournier,Milo,,,,2026-02-16,09:09,participation,ne_participe_pas
OBS,402,Fournier,Milo,,,,2026-02-16,09:11,difficulte,copie_camarade
OBS,402,Fournier,Milo,,,,2026-02-16,09:13,finalisation,activite_incomplete
OBS,402,Fournier,Milo,,,,2026-02-16,09:15,attention,distrait_momentanement
OBS,402,Roux,Nina,,,,2026-02-16,09:41,tutorat,aide_si_sollicite
OBS,402,Roux,Nina,,,,2026-02-16,09:43,participation,repond_si_insiste
OBS,402,Roux,Nina,,,,2026-02-16,09:45,difficulte,attend_d
OBS,402,Roux,Nina,,,,2026-02-16,09:47,ressources,sollicite_immediat
OBS,402,Roux,Nina,,,,2026-02-16,09:49,finalisation,passe_autre_activite
OBS,402,David,Adam,,,,2026-02-16,09:29,tutorat,aide_si_sollicite
OBS,402,David,Adam,,,,2026-02-16,09:31,participation,repond_si_sollicite
OBS,402,David,Adam,,,,2026-02-16,09:33,attention,bavarde_travail
OBS,402,David,Adam,,,,2026-02-16,09:35,ressources,utilise_document_r
OBS,402,Michel,Agathe,,,,2026-02-16,09:23,tutorat,donne_reponse_directe
OBS,402,Michel,Agathe,,,,2026-02-16,09:25,participation,ne_participe_pas
OBS,402,Michel,Agathe,,,,2026-02-16,09:27,entree,ne_demarre_pas
OBS,402,Michel,Agathe,,,,2026-02-16,09:29,difficulte,attend_d
OBS,402,Michel,Agathe,,,,2026-02-16,09:31,finalisation,activite_incomplete
OBS,402,Perrin,Ines,,,,2026-02-16,09:45,tutorat,refuse_aider
OBS,402,Perrin,Ines,,,,2026-02-16,09:47,participation,repond_si_insiste
OBS,402,Perrin,Ines,,,,2026-02-16,09:49,difficulte,copie_camarade
OBS,402,Perrin,Ines,,,,2026-02-16,09:51,entree,ne_demarre_pas
OBS,402,Sanchez,Iris,,,,2026-02-16,09:10,tutorat,aide_si_sollicite
OBS,402,Sanchez,Iris,,,,2026-02-16,09:12,participation,repond_si_sollicite
OBS,402,Sanchez,Iris,,,,2026-02-16,09:14,ressources,attend_professeur
OBS,402,Sanchez,Iris,,,,2026-02-16,09:16,attention,reconcentre_seul
OBS,402,Sanchez,Iris,,,,2026-02-16,09:18,finalisation,activite_terminee
OBS,402,Muller,Louise,,,,2026-02-16,09:15,tutorat,refuse_aider
OBS,402,Muller,Louise,,,,2026-02-16,09:17,participation,ne_participe_pas
OBS,402,Muller,Louise,,,,2026-02-16,09:19,attention,bavarde_hors_sujet
OBS,402,Muller,Louise,,,,2026-02-16,09:21,ressources,attend_correction
OBS,402,Muller,Louise,,,,2026-02-16,09:23,difficulte,copie_correction
OBS,402,Girard,Rafael,,,,2026-02-16,09:29,tutorat,donne_reponse_directe
OBS,402,Girard,Rafael,,,,2026-02-16,09:31,participation,repond_si_insiste
OBS,402,Girard,Rafael,,,,2026-02-16,09:33,ressources,attend_correction
OBS,402,Girard,Rafael,,,,2026-02-16,09:35,finalisation,activite_incomplete
SESSION,402,demo_402_202602200900,1771574400000,1771577700000
OBS,402,Moreau,Ines,,,,2026-02-20,09:33,tutorat,aide_si_sollicite
OBS,402,Moreau,Ines,,,,2026-02-20,09:35,participation,repond_si_insiste
OBS,402,Moreau,Ines,,,,2026-02-20,09:37,finalisation,passe_autre_activite
OBS,402,Moreau,Ines,,,,2026-02-20,09:39,entree,attend_sans_commencer
OBS,402,Andre,Nolan,,,,2026-02-20,09:39,tutorat,donne_reponse_directe
OBS,402,Andre,Nolan,,,,2026-02-20,09:41,participation,repond_si_insiste
OBS,402,Andre,Nolan,,,,2026-02-20,09:43,attention,bavarde_travail
OBS,402,Andre,Nolan,,,,2026-02-20,09:45,entree,attend_sans_commencer
OBS,402,Andre,Nolan,,,,2026-02-20,09:47,finalisation,passe_autre_activite
OBS,402,Robert,Elsa,,,,2026-02-20,09:01,tutorat,explique_camarade
OBS,402,Robert,Elsa,,,,2026-02-20,09:03,participation,repond_si_sollicite
OBS,402,Robert,Elsa,,,,2026-02-20,09:05,ressources,utilise_aides_activite
OBS,402,Robert,Elsa,,,,2026-02-20,09:07,difficulte,utilise_coup_de_pouce
OBS,402,Denis,Emma,,,,2026-02-20,09:04,tutorat,donne_reponse_directe
OBS,402,Denis,Emma,,,,2026-02-20,09:06,participation,repond_si_sollicite
OBS,402,Denis,Emma,,,,2026-02-20,09:08,ressources,sollicite_immediat
OBS,402,Denis,Emma,,,,2026-02-20,09:10,finalisation,activite_incomplete
OBS,402,Lefebvre,Lea,,,,2026-02-20,09:29,tutorat,donne_reponse_directe
OBS,402,Lefebvre,Lea,,,,2026-02-20,09:31,participation,repond_si_insiste
OBS,402,Lefebvre,Lea,,,,2026-02-20,09:33,entree,attend_sans_commencer
OBS,402,Lefebvre,Lea,,,,2026-02-20,09:35,finalisation,passe_autre_activite
OBS,402,Guerin,Malo,,,,2026-02-20,09:03,tutorat,aide_si_sollicite
OBS,402,Guerin,Malo,,,,2026-02-20,09:05,participation,participe_spontanement
OBS,402,Guerin,Malo,,,,2026-02-20,09:07,attention,concentre
OBS,402,Guerin,Malo,,,,2026-02-20,09:09,ressources,echange_camarade
OBS,402,Garcia,Enzo,,,,2026-02-20,09:15,tutorat,aide_si_sollicite
OBS,402,Garcia,Enzo,,,,2026-02-20,09:17,participation,repond_si_insiste
OBS,402,Garcia,Enzo,,,,2026-02-20,09:19,ressources,attend_professeur
OBS,402,Garcia,Enzo,,,,2026-02-20,09:21,finalisation,activite_incomplete
OBS,402,Garcia,Enzo,,,,2026-02-20,09:23,attention,concentre
OBS,402,Laurent,Lina,,,,2026-02-20,09:16,tutorat,donne_reponse_directe
OBS,402,Laurent,Lina,,,,2026-02-20,09:18,participation,ne_participe_pas
OBS,402,Laurent,Lina,,,,2026-02-20,09:20,attention,bavarde_travail
OBS,402,Laurent,Lina,,,,2026-02-20,09:22,ressources,attend_correction
OBS,402,Vincent,Lucie,,,,2026-02-20,09:28,tutorat,aide_si_sollicite
OBS,402,Vincent,Lucie,,,,2026-02-20,09:30,participation,participe_spontanement
OBS,402,Vincent,Lucie,,,,2026-02-20,09:32,entree,demarre_relance
OBS,402,Vincent,Lucie,,,,2026-02-20,09:34,ressources,sollicite_apres_cherche
OBS,402,Blanc,Rafael,,,,2026-02-20,09:16,tutorat,donne_reponse_directe
OBS,402,Blanc,Rafael,,,,2026-02-20,09:18,participation,repond_si_sollicite
OBS,402,Blanc,Rafael,,,,2026-02-20,09:20,ressources,attend_professeur
OBS,402,Blanc,Rafael,,,,2026-02-20,09:22,finalisation,corrige_erreur
OBS,402,Blanc,Rafael,,,,2026-02-20,09:24,difficulte,observe_camarade
OBS,402,Richard,Rayan,,,,2026-02-20,09:45,tutorat,aide_si_sollicite
OBS,402,Richard,Rayan,,,,2026-02-20,09:47,participation,repond_si_insiste
OBS,402,Richard,Rayan,,,,2026-02-20,09:49,entree,demarre_relance
OBS,402,Richard,Rayan,,,,2026-02-20,09:51,finalisation,activite_incomplete
OBS,402,Faure,Timeo,,,,2026-02-20,09:14,tutorat,donne_reponse_directe
OBS,402,Faure,Timeo,,,,2026-02-20,09:16,participation,repond_si_insiste
OBS,402,Faure,Timeo,,,,2026-02-20,09:18,difficulte,observe_camarade
OBS,402,Faure,Timeo,,,,2026-02-20,09:20,entree,ne_demarre_pas
OBS,402,Roux,Nina,,,,2026-02-20,09:23,tutorat,donne_reponse_directe
OBS,402,Roux,Nina,,,,2026-02-20,09:25,participation,repond_si_insiste
OBS,402,Roux,Nina,,,,2026-02-20,09:27,attention,bavarde_travail
OBS,402,Roux,Nina,,,,2026-02-20,09:29,difficulte,attend_d
OBS,402,Roux,Nina,,,,2026-02-20,09:31,entree,demarre_relance
OBS,402,David,Adam,,,,2026-02-20,09:42,tutorat,donne_reponse_directe
OBS,402,David,Adam,,,,2026-02-20,09:44,participation,repond_si_insiste
OBS,402,David,Adam,,,,2026-02-20,09:46,ressources,attend_professeur
OBS,402,David,Adam,,,,2026-02-20,09:48,finalisation,passe_autre_activite
OBS,402,Michel,Agathe,,,,2026-02-20,09:46,tutorat,aide_si_sollicite
OBS,402,Michel,Agathe,,,,2026-02-20,09:48,participation,repond_si_insiste
OBS,402,Michel,Agathe,,,,2026-02-20,09:50,entree,attend_sans_commencer
OBS,402,Michel,Agathe,,,,2026-02-20,09:52,attention,distrait_momentanement
OBS,402,Meunier,Axel,,,,2026-02-20,09:07,tutorat,donne_reponse_directe
OBS,402,Meunier,Axel,,,,2026-02-20,09:09,participation,repond_si_sollicite
OBS,402,Meunier,Axel,,,,2026-02-20,09:11,ressources,sollicite_immediat
OBS,402,Perrin,Ines,,,,2026-02-20,09:48,tutorat,refuse_aider
OBS,402,Perrin,Ines,,,,2026-02-20,09:50,participation,ne_participe_pas
OBS,402,Perrin,Ines,,,,2026-02-20,09:52,attention,perturbe_camarade
OBS,402,Perrin,Ines,,,,2026-02-20,09:53,entree,ne_demarre_pas
OBS,402,Sanchez,Iris,,,,2026-02-20,09:30,tutorat,explique_camarade
OBS,402,Sanchez,Iris,,,,2026-02-20,09:32,participation,participe_spontanement
OBS,402,Sanchez,Iris,,,,2026-02-20,09:34,difficulte,utilise_document_d
OBS,402,Sanchez,Iris,,,,2026-02-20,09:36,finalisation,corrige_erreur
OBS,402,Muller,Louise,,,,2026-02-20,09:16,tutorat,refuse_aider
OBS,402,Muller,Louise,,,,2026-02-20,09:18,participation,ne_participe_pas
OBS,402,Muller,Louise,,,,2026-02-20,09:20,attention,perturbe_camarade
OBS,402,Muller,Louise,,,,2026-02-20,09:22,ressources,attend_correction
OBS,402,Girard,Rafael,,,,2026-02-20,09:33,tutorat,donne_reponse_directe
OBS,402,Girard,Rafael,,,,2026-02-20,09:35,participation,repond_si_insiste
OBS,402,Girard,Rafael,,,,2026-02-20,09:37,difficulte,observe_camarade
OBS,402,Girard,Rafael,,,,2026-02-20,09:39,ressources,sollicite_immediat
OBS,402,Lemoine,Louis,,,,2026-02-20,09:47,tutorat,explique_camarade
OBS,402,Lemoine,Louis,,,,2026-02-20,09:49,participation,participe_spontanement
OBS,402,Lemoine,Louis,,,,2026-02-20,09:51,ressources,utilise_aides_activite
OBS,402,Lemoine,Louis,,,,2026-02-20,09:53,entree,demarre_immediat
SESSION,402,demo_402_202602250900,1772006400000,1772009700000
OBS,402,Moreau,Ines,,,,2026-02-25,09:29,tutorat,refuse_aider
OBS,402,Moreau,Ines,,,,2026-02-25,09:31,participation,ne_participe_pas
OBS,402,Moreau,Ines,,,,2026-02-25,09:33,entree,attend_sans_commencer
OBS,402,Moreau,Ines,,,,2026-02-25,09:35,attention,bavarde_travail
OBS,402,Moreau,Ines,,,,2026-02-25,09:37,difficulte,observe_camarade
OBS,402,Andre,Nolan,,,,2026-02-25,09:04,tutorat,refuse_aider
OBS,402,Andre,Nolan,,,,2026-02-25,09:06,participation,ne_participe_pas
OBS,402,Andre,Nolan,,,,2026-02-25,09:08,entree,ne_demarre_pas
OBS,402,Andre,Nolan,,,,2026-02-25,09:10,attention,perturbe_camarade
OBS,402,Andre,Nolan,,,,2026-02-25,09:12,difficulte,copie_correction
OBS,402,Robert,Elsa,,,,2026-02-25,09:32,tutorat,aide_si_sollicite
OBS,402,Robert,Elsa,,,,2026-02-25,09:34,participation,participe_spontanement
OBS,402,Robert,Elsa,,,,2026-02-25,09:36,finalisation,verifie_travail
OBS,402,Robert,Elsa,,,,2026-02-25,09:38,attention,concentre
OBS,402,Robert,Elsa,,,,2026-02-25,09:40,ressources,utilise_document_r
OBS,402,Renard,Milo,,,,2026-02-25,09:25,tutorat,refuse_aider
OBS,402,Renard,Milo,,,,2026-02-25,09:27,participation,ne_participe_pas
OBS,402,Renard,Milo,,,,2026-02-25,09:29,ressources,attend_correction
OBS,402,Renard,Milo,,,,2026-02-25,09:31,entree,ne_demarre_pas
OBS,402,Renard,Milo,,,,2026-02-25,09:33,finalisation,passe_autre_activite
OBS,402,Denis,Emma,,,,2026-02-25,09:28,tutorat,aide_si_sollicite
OBS,402,Denis,Emma,,,,2026-02-25,09:30,participation,repond_si_sollicite
OBS,402,Denis,Emma,,,,2026-02-25,09:32,attention,distrait_momentanement
OBS,402,Denis,Emma,,,,2026-02-25,09:34,entree,demarre_immediat
OBS,402,Denis,Emma,,,,2026-02-25,09:36,finalisation,activite_terminee
OBS,402,Lefebvre,Lea,,,,2026-02-25,09:19,tutorat,refuse_aider
OBS,402,Lefebvre,Lea,,,,2026-02-25,09:21,participation,repond_si_insiste
OBS,402,Lefebvre,Lea,,,,2026-02-25,09:23,attention,perturbe_camarade
OBS,402,Lefebvre,Lea,,,,2026-02-25,09:25,entree,attend_sans_commencer
OBS,402,Guerin,Malo,,,,2026-02-25,09:19,tutorat,donne_reponse_directe
OBS,402,Guerin,Malo,,,,2026-02-25,09:21,participation,repond_si_insiste
OBS,402,Guerin,Malo,,,,2026-02-25,09:23,entree,attend_sans_commencer
OBS,402,Guerin,Malo,,,,2026-02-25,09:25,difficulte,attend_d
OBS,402,Guerin,Malo,,,,2026-02-25,09:27,ressources,sollicite_immediat
OBS,402,Garcia,Enzo,,,,2026-02-25,09:16,tutorat,explique_camarade
OBS,402,Garcia,Enzo,,,,2026-02-25,09:18,participation,repond_si_sollicite
OBS,402,Garcia,Enzo,,,,2026-02-25,09:20,attention,concentre
OBS,402,Garcia,Enzo,,,,2026-02-25,09:22,finalisation,corrige_erreur
OBS,402,Garcia,Enzo,,,,2026-02-25,09:24,ressources,utilise_aides_activite
OBS,402,Dubois,Timeo,,,,2026-02-25,09:22,tutorat,donne_reponse_directe
OBS,402,Dubois,Timeo,,,,2026-02-25,09:24,participation,repond_si_insiste
OBS,402,Dubois,Timeo,,,,2026-02-25,09:26,finalisation,passe_autre_activite
OBS,402,Dubois,Timeo,,,,2026-02-25,09:28,entree,attend_sans_commencer
OBS,402,Dubois,Timeo,,,,2026-02-25,09:30,attention,bavarde_travail
OBS,402,Mercier,Chloe,,,,2026-02-25,09:13,tutorat,donne_reponse_directe
OBS,402,Mercier,Chloe,,,,2026-02-25,09:15,participation,repond_si_insiste
OBS,402,Mercier,Chloe,,,,2026-02-25,09:17,ressources,sollicite_immediat
OBS,402,Mercier,Chloe,,,,2026-02-25,09:19,entree,attend_sans_commencer
OBS,402,Richard,Rayan,,,,2026-02-25,09:19,tutorat,explique_camarade
OBS,402,Richard,Rayan,,,,2026-02-25,09:21,participation,participe_spontanement
OBS,402,Richard,Rayan,,,,2026-02-25,09:23,finalisation,verifie_travail
OBS,402,Richard,Rayan,,,,2026-02-25,09:25,attention,concentre
OBS,402,Bernard,Timeo,,,,2026-02-25,09:04,tutorat,aide_si_sollicite
OBS,402,Bernard,Timeo,,,,2026-02-25,09:06,participation,repond_si_sollicite
OBS,402,Bernard,Timeo,,,,2026-02-25,09:08,finalisation,corrige_erreur
OBS,402,Bernard,Timeo,,,,2026-02-25,09:10,ressources,utilise_document_r
OBS,402,Bernard,Timeo,,,,2026-02-25,09:12,entree,demarre_relance
OBS,402,Fournier,Milo,,,,2026-02-25,09:31,tutorat,refuse_aider
OBS,402,Fournier,Milo,,,,2026-02-25,09:33,participation,ne_participe_pas
OBS,402,Fournier,Milo,,,,2026-02-25,09:35,difficulte,copie_correction
OBS,402,Fournier,Milo,,,,2026-02-25,09:37,ressources,attend_professeur
OBS,402,Roux,Nina,,,,2026-02-25,09:21,tutorat,aide_si_sollicite
OBS,402,Roux,Nina,,,,2026-02-25,09:23,participation,repond_si_sollicite
OBS,402,Roux,Nina,,,,2026-02-25,09:25,attention,bavarde_travail
OBS,402,Roux,Nina,,,,2026-02-25,09:27,difficulte,observe_camarade
OBS,402,Roux,Nina,,,,2026-02-25,09:29,ressources,sollicite_immediat
OBS,402,David,Adam,,,,2026-02-25,09:37,tutorat,aide_si_sollicite
OBS,402,David,Adam,,,,2026-02-25,09:39,participation,repond_si_sollicite
OBS,402,David,Adam,,,,2026-02-25,09:41,entree,demarre_relance
OBS,402,David,Adam,,,,2026-02-25,09:43,attention,distrait_momentanement
OBS,402,Perrin,Ines,,,,2026-02-25,09:13,tutorat,donne_reponse_directe
OBS,402,Perrin,Ines,,,,2026-02-25,09:15,participation,ne_participe_pas
OBS,402,Perrin,Ines,,,,2026-02-25,09:17,difficulte,copie_correction
OBS,402,Perrin,Ines,,,,2026-02-25,09:19,attention,perturbe_camarade
OBS,402,Perrin,Ines,,,,2026-02-25,09:21,finalisation,recopie_correction
OBS,402,Sanchez,Iris,,,,2026-02-25,09:04,tutorat,explique_camarade
OBS,402,Sanchez,Iris,,,,2026-02-25,09:06,participation,participe_spontanement
OBS,402,Sanchez,Iris,,,,2026-02-25,09:08,finalisation,activite_terminee
OBS,402,Sanchez,Iris,,,,2026-02-25,09:10,attention,reconcentre_seul
OBS,402,Muller,Louise,,,,2026-02-25,09:44,tutorat,refuse_aider
OBS,402,Muller,Louise,,,,2026-02-25,09:46,participation,ne_participe_pas
OBS,402,Muller,Louise,,,,2026-02-25,09:48,entree,ne_demarre_pas
OBS,402,Muller,Louise,,,,2026-02-25,09:50,attention,bavarde_hors_sujet
OBS,402,Muller,Louise,,,,2026-02-25,09:52,ressources,attend_correction
SESSION,402,demo_402_202603030900,1772524800000,1772528100000
OBS,402,Robert,Elsa,,,,2026-03-03,09:46,tutorat,explique_camarade
OBS,402,Robert,Elsa,,,,2026-03-03,09:48,participation,participe_spontanement
OBS,402,Robert,Elsa,,,,2026-03-03,09:50,difficulte,cherche_seul
OBS,402,Robert,Elsa,,,,2026-03-03,09:52,finalisation,activite_terminee
OBS,402,Robert,Elsa,,,,2026-03-03,09:53,attention,concentre
OBS,402,Renard,Milo,,,,2026-03-03,09:22,tutorat,refuse_aider
OBS,402,Renard,Milo,,,,2026-03-03,09:24,participation,ne_participe_pas
OBS,402,Renard,Milo,,,,2026-03-03,09:26,difficulte,copie_correction
OBS,402,Renard,Milo,,,,2026-03-03,09:28,finalisation,passe_autre_activite
OBS,402,Denis,Emma,,,,2026-03-03,09:02,tutorat,aide_si_sollicite
OBS,402,Denis,Emma,,,,2026-03-03,09:04,participation,repond_si_sollicite
OBS,402,Denis,Emma,,,,2026-03-03,09:06,difficulte,observe_camarade
OBS,402,Denis,Emma,,,,2026-03-03,09:08,entree,demarre_relance
OBS,402,Denis,Emma,,,,2026-03-03,09:10,finalisation,activite_incomplete
OBS,402,Lefebvre,Lea,,,,2026-03-03,09:43,tutorat,donne_reponse_directe
OBS,402,Lefebvre,Lea,,,,2026-03-03,09:45,participation,repond_si_insiste
OBS,402,Lefebvre,Lea,,,,2026-03-03,09:47,finalisation,activite_incomplete
OBS,402,Lefebvre,Lea,,,,2026-03-03,09:49,attention,bavarde_hors_sujet
OBS,402,Guerin,Malo,,,,2026-03-03,09:15,tutorat,explique_camarade
OBS,402,Guerin,Malo,,,,2026-03-03,09:17,participation,participe_spontanement
OBS,402,Guerin,Malo,,,,2026-03-03,09:19,difficulte,attend_d
OBS,402,Guerin,Malo,,,,2026-03-03,09:21,ressources,attend_professeur
OBS,402,Guerin,Malo,,,,2026-03-03,09:23,entree,demarre_relance
OBS,402,Garcia,Enzo,,,,2026-03-03,09:17,tutorat,explique_camarade
OBS,402,Garcia,Enzo,,,,2026-03-03,09:19,participation,repond_si_sollicite
OBS,402,Garcia,Enzo,,,,2026-03-03,09:21,entree,demarre_relance
OBS,402,Garcia,Enzo,,,,2026-03-03,09:23,attention,distrait_momentanement
OBS,402,Garcia,Enzo,,,,2026-03-03,09:25,finalisation,activite_terminee
OBS,402,Dubois,Timeo,,,,2026-03-03,09:38,tutorat,refuse_aider
OBS,402,Dubois,Timeo,,,,2026-03-03,09:40,participation,ne_participe_pas
OBS,402,Dubois,Timeo,,,,2026-03-03,09:42,attention,bavarde_hors_sujet
OBS,402,Dubois,Timeo,,,,2026-03-03,09:44,entree,ne_demarre_pas
OBS,402,Vincent,Lucie,,,,2026-03-03,09:43,tutorat,explique_camarade
OBS,402,Vincent,Lucie,,,,2026-03-03,09:45,participation,repond_si_sollicite
OBS,402,Vincent,Lucie,,,,2026-03-03,09:47,ressources,echange_camarade
OBS,402,Vincent,Lucie,,,,2026-03-03,09:49,attention,reconcentre_seul
OBS,402,Vincent,Lucie,,,,2026-03-03,09:51,entree,demarre_immediat
OBS,402,Blanc,Rafael,,,,2026-03-03,09:08,tutorat,aide_si_sollicite
OBS,402,Blanc,Rafael,,,,2026-03-03,09:10,participation,repond_si_insiste
OBS,402,Blanc,Rafael,,,,2026-03-03,09:12,ressources,sollicite_immediat
OBS,402,Blanc,Rafael,,,,2026-03-03,09:14,difficulte,attend_d
OBS,402,Mercier,Chloe,,,,2026-03-03,09:19,tutorat,donne_reponse_directe
OBS,402,Mercier,Chloe,,,,2026-03-03,09:21,participation,ne_participe_pas
OBS,402,Mercier,Chloe,,,,2026-03-03,09:23,finalisation,recopie_correction
OBS,402,Mercier,Chloe,,,,2026-03-03,09:25,entree,ne_demarre_pas
OBS,402,Richard,Rayan,,,,2026-03-03,09:40,tutorat,aide_si_sollicite
OBS,402,Richard,Rayan,,,,2026-03-03,09:42,participation,repond_si_sollicite
OBS,402,Richard,Rayan,,,,2026-03-03,09:44,finalisation,corrige_erreur
OBS,402,Richard,Rayan,,,,2026-03-03,09:46,ressources,utilise_document_r
OBS,402,Richard,Rayan,,,,2026-03-03,09:48,difficulte,observe_camarade
OBS,402,Bernard,Timeo,,,,2026-03-03,09:43,tutorat,donne_reponse_directe
OBS,402,Bernard,Timeo,,,,2026-03-03,09:45,participation,repond_si_insiste
OBS,402,Bernard,Timeo,,,,2026-03-03,09:47,ressources,sollicite_immediat
OBS,402,Bernard,Timeo,,,,2026-03-03,09:49,difficulte,observe_camarade
OBS,402,Roux,Nina,,,,2026-03-03,09:39,tutorat,donne_reponse_directe
OBS,402,Roux,Nina,,,,2026-03-03,09:41,participation,repond_si_insiste
OBS,402,Roux,Nina,,,,2026-03-03,09:43,entree,ne_demarre_pas
OBS,402,Roux,Nina,,,,2026-03-03,09:45,ressources,attend_professeur
OBS,402,Roux,Nina,,,,2026-03-03,09:47,finalisation,activite_incomplete
OBS,402,David,Adam,,,,2026-03-03,09:42,tutorat,donne_reponse_directe
OBS,402,David,Adam,,,,2026-03-03,09:44,participation,repond_si_insiste
OBS,402,David,Adam,,,,2026-03-03,09:46,attention,perturbe_camarade
OBS,402,David,Adam,,,,2026-03-03,09:48,difficulte,attend_d
OBS,402,Michel,Agathe,,,,2026-03-03,09:13,tutorat,aide_si_sollicite
OBS,402,Michel,Agathe,,,,2026-03-03,09:15,participation,repond_si_sollicite
OBS,402,Michel,Agathe,,,,2026-03-03,09:17,finalisation,activite_incomplete
OBS,402,Michel,Agathe,,,,2026-03-03,09:19,ressources,attend_professeur
OBS,402,Michel,Agathe,,,,2026-03-03,09:21,entree,demarre_relance
OBS,402,Perrin,Ines,,,,2026-03-03,09:37,tutorat,donne_reponse_directe
OBS,402,Perrin,Ines,,,,2026-03-03,09:39,participation,ne_participe_pas
OBS,402,Perrin,Ines,,,,2026-03-03,09:41,finalisation,recopie_correction
OBS,402,Perrin,Ines,,,,2026-03-03,09:43,entree,ne_demarre_pas
OBS,402,Perrin,Ines,,,,2026-03-03,09:45,ressources,attend_correction
OBS,402,Bertrand,Agathe,,,,2026-03-03,09:13,tutorat,refuse_aider
OBS,402,Bertrand,Agathe,,,,2026-03-03,09:15,participation,ne_participe_pas
OBS,402,Bertrand,Agathe,,,,2026-03-03,09:17,attention,distrait_momentanement
OBS,402,Bertrand,Agathe,,,,2026-03-03,09:19,finalisation,activite_incomplete
OBS,402,Sanchez,Iris,,,,2026-03-03,09:43,tutorat,aide_si_sollicite
OBS,402,Sanchez,Iris,,,,2026-03-03,09:45,participation,repond_si_sollicite
OBS,402,Sanchez,Iris,,,,2026-03-03,09:47,difficulte,cherche_seul
OBS,402,Sanchez,Iris,,,,2026-03-03,09:49,entree,demarre_relance
OBS,402,Sanchez,Iris,,,,2026-03-03,09:51,ressources,echange_camarade
OBS,402,Muller,Louise,,,,2026-03-03,09:07,tutorat,refuse_aider
OBS,402,Muller,Louise,,,,2026-03-03,09:09,participation,ne_participe_pas
OBS,402,Muller,Louise,,,,2026-03-03,09:11,finalisation,activite_incomplete
OBS,402,Muller,Louise,,,,2026-03-03,09:13,attention,bavarde_hors_sujet
OBS,402,Muller,Louise,,,,2026-03-03,09:15,entree,ne_demarre_pas
OBS,402,Girard,Rafael,,,,2026-03-03,09:45,tutorat,refuse_aider
OBS,402,Girard,Rafael,,,,2026-03-03,09:47,participation,ne_participe_pas
OBS,402,Girard,Rafael,,,,2026-03-03,09:49,finalisation,activite_incomplete
OBS,402,Girard,Rafael,,,,2026-03-03,09:51,difficulte,copie_camarade
OBS,402,Lemoine,Louis,,,,2026-03-03,09:26,tutorat,aide_si_sollicite
OBS,402,Lemoine,Louis,,,,2026-03-03,09:28,participation,participe_spontanement
OBS,402,Lemoine,Louis,,,,2026-03-03,09:30,ressources,attend_professeur
OBS,402,Lemoine,Louis,,,,2026-03-03,09:32,difficulte,observe_camarade
SESSION,402,demo_402_202603060900,1772784000000,1772787300000
OBS,402,Moreau,Ines,,,,2026-03-06,09:11,tutorat,donne_reponse_directe
OBS,402,Moreau,Ines,,,,2026-03-06,09:13,participation,repond_si_insiste
OBS,402,Moreau,Ines,,,,2026-03-06,09:15,finalisation,activite_incomplete
OBS,402,Moreau,Ines,,,,2026-03-06,09:17,difficulte,attend_d
OBS,402,Andre,Nolan,,,,2026-03-06,09:19,tutorat,refuse_aider
OBS,402,Andre,Nolan,,,,2026-03-06,09:21,participation,ne_participe_pas
OBS,402,Andre,Nolan,,,,2026-03-06,09:23,entree,ne_demarre_pas
OBS,402,Andre,Nolan,,,,2026-03-06,09:25,finalisation,passe_autre_activite
OBS,402,Andre,Nolan,,,,2026-03-06,09:27,attention,distrait_momentanement
OBS,402,Robert,Elsa,,,,2026-03-06,09:38,tutorat,aide_si_sollicite
OBS,402,Robert,Elsa,,,,2026-03-06,09:40,participation,repond_si_sollicite
OBS,402,Robert,Elsa,,,,2026-03-06,09:42,ressources,utilise_aides_activite
OBS,402,Robert,Elsa,,,,2026-03-06,09:44,attention,reconcentre_seul
OBS,402,Renard,Milo,,,,2026-03-06,09:24,tutorat,refuse_aider
OBS,402,Renard,Milo,,,,2026-03-06,09:26,participation,ne_participe_pas
OBS,402,Renard,Milo,,,,2026-03-06,09:28,attention,bavarde_travail
OBS,402,Renard,Milo,,,,2026-03-06,09:30,finalisation,activite_incomplete
OBS,402,Renard,Milo,,,,2026-03-06,09:32,entree,ne_demarre_pas
OBS,402,Denis,Emma,,,,2026-03-06,09:44,tutorat,aide_si_sollicite
OBS,402,Denis,Emma,,,,2026-03-06,09:46,participation,repond_si_sollicite
OBS,402,Denis,Emma,,,,2026-03-06,09:48,ressources,sollicite_apres_cherche
OBS,402,Denis,Emma,,,,2026-03-06,09:50,attention,concentre
OBS,402,Lefebvre,Lea,,,,2026-03-06,09:46,tutorat,refuse_aider
OBS,402,Lefebvre,Lea,,,,2026-03-06,09:48,participation,repond_si_insiste
OBS,402,Lefebvre,Lea,,,,2026-03-06,09:50,ressources,attend_correction
OBS,402,Lefebvre,Lea,,,,2026-03-06,09:52,entree,ne_demarre_pas
OBS,402,Lefebvre,Lea,,,,2026-03-06,09:53,finalisation,activite_incomplete
OBS,402,Guerin,Malo,,,,2026-03-06,09:18,tutorat,explique_camarade
OBS,402,Guerin,Malo,,,,2026-03-06,09:20,participation,participe_spontanement
OBS,402,Guerin,Malo,,,,2026-03-06,09:22,entree,demarre_relance
OBS,402,Guerin,Malo,,,,2026-03-06,09:24,difficulte,utilise_document_d
OBS,402,Dumas,Yanis,,,,2026-03-06,09:07,tutorat,aide_si_sollicite
OBS,402,Dumas,Yanis,,,,2026-03-06,09:09,participation,repond_si_sollicite
OBS,402,Dumas,Yanis,,,,2026-03-06,09:11,ressources,attend_professeur
OBS,402,Dumas,Yanis,,,,2026-03-06,09:13,finalisation,activite_incomplete
OBS,402,Garcia,Enzo,,,,2026-03-06,09:02,tutorat,aide_si_sollicite
OBS,402,Garcia,Enzo,,,,2026-03-06,09:04,participation,repond_si_sollicite
OBS,402,Garcia,Enzo,,,,2026-03-06,09:06,finalisation,verifie_travail
OBS,402,Garcia,Enzo,,,,2026-03-06,09:08,difficulte,utilise_document_d
OBS,402,Laurent,Lina,,,,2026-03-06,09:41,tutorat,refuse_aider
OBS,402,Laurent,Lina,,,,2026-03-06,09:43,participation,ne_participe_pas
OBS,402,Laurent,Lina,,,,2026-03-06,09:45,attention,bavarde_travail
OBS,402,Laurent,Lina,,,,2026-03-06,09:47,ressources,sollicite_immediat
OBS,402,Laurent,Lina,,,,2026-03-06,09:49,finalisation,passe_autre_activite
OBS,402,Dubois,Timeo,,,,2026-03-06,09:33,tutorat,donne_reponse_directe
OBS,402,Dubois,Timeo,,,,2026-03-06,09:35,participation,ne_participe_pas
OBS,402,Dubois,Timeo,,,,2026-03-06,09:37,attention,revasse
OBS,402,Dubois,Timeo,,,,2026-03-06,09:39,ressources,attend_correction
OBS,402,Dubois,Timeo,,,,2026-03-06,09:41,entree,ne_demarre_pas
OBS,402,Blanc,Rafael,,,,2026-03-06,09:10,tutorat,explique_camarade
OBS,402,Blanc,Rafael,,,,2026-03-06,09:12,participation,repond_si_sollicite
OBS,402,Blanc,Rafael,,,,2026-03-06,09:14,entree,demarre_immediat
OBS,402,Blanc,Rafael,,,,2026-03-06,09:16,finalisation,verifie_travail
OBS,402,Blanc,Rafael,,,,2026-03-06,09:18,ressources,sollicite_immediat
OBS,402,Mercier,Chloe,,,,2026-03-06,09:01,tutorat,aide_si_sollicite
OBS,402,Mercier,Chloe,,,,2026-03-06,09:03,participation,ne_participe_pas
OBS,402,Mercier,Chloe,,,,2026-03-06,09:05,attention,bavarde_travail
OBS,402,Mercier,Chloe,,,,2026-03-06,09:07,difficulte,attend_d
OBS,402,Mercier,Chloe,,,,2026-03-06,09:09,finalisation,passe_autre_activite
OBS,402,Richard,Rayan,,,,2026-03-06,09:14,tutorat,aide_si_sollicite
OBS,402,Richard,Rayan,,,,2026-03-06,09:16,participation,repond_si_sollicite
OBS,402,Richard,Rayan,,,,2026-03-06,09:18,ressources,sollicite_apres_cherche
OBS,402,Richard,Rayan,,,,2026-03-06,09:20,difficulte,demande_aide_pertinente
OBS,402,Fournier,Milo,,,,2026-03-06,09:26,tutorat,refuse_aider
OBS,402,Fournier,Milo,,,,2026-03-06,09:28,participation,ne_participe_pas
OBS,402,Fournier,Milo,,,,2026-03-06,09:30,attention,revasse
OBS,402,Fournier,Milo,,,,2026-03-06,09:32,ressources,attend_correction
OBS,402,Fournier,Milo,,,,2026-03-06,09:34,finalisation,passe_autre_activite
OBS,402,Roux,Nina,,,,2026-03-06,09:33,tutorat,aide_si_sollicite
OBS,402,Roux,Nina,,,,2026-03-06,09:35,participation,repond_si_insiste
OBS,402,Roux,Nina,,,,2026-03-06,09:37,attention,distrait_momentanement
OBS,402,Roux,Nina,,,,2026-03-06,09:39,entree,attend_sans_commencer
OBS,402,Roux,Nina,,,,2026-03-06,09:41,finalisation,activite_incomplete
OBS,402,David,Adam,,,,2026-03-06,09:14,tutorat,donne_reponse_directe
OBS,402,David,Adam,,,,2026-03-06,09:16,participation,repond_si_insiste
OBS,402,David,Adam,,,,2026-03-06,09:18,ressources,sollicite_immediat
OBS,402,David,Adam,,,,2026-03-06,09:20,difficulte,observe_camarade
OBS,402,Michel,Agathe,,,,2026-03-06,09:25,tutorat,aide_si_sollicite
OBS,402,Michel,Agathe,,,,2026-03-06,09:27,participation,repond_si_sollicite
OBS,402,Michel,Agathe,,,,2026-03-06,09:29,difficulte,attend_d
OBS,402,Michel,Agathe,,,,2026-03-06,09:31,attention,distrait_momentanement
OBS,402,Perrin,Ines,,,,2026-03-06,09:39,tutorat,refuse_aider
OBS,402,Perrin,Ines,,,,2026-03-06,09:41,participation,ne_participe_pas
OBS,402,Perrin,Ines,,,,2026-03-06,09:43,entree,attend_sans_commencer
OBS,402,Perrin,Ines,,,,2026-03-06,09:45,attention,perturbe_camarade
OBS,402,Sanchez,Iris,,,,2026-03-06,09:23,tutorat,explique_camarade
OBS,402,Sanchez,Iris,,,,2026-03-06,09:25,participation,participe_spontanement
OBS,402,Sanchez,Iris,,,,2026-03-06,09:27,difficulte,cherche_seul
OBS,402,Sanchez,Iris,,,,2026-03-06,09:29,finalisation,corrige_erreur
OBS,402,Muller,Louise,,,,2026-03-06,09:27,tutorat,donne_reponse_directe
OBS,402,Muller,Louise,,,,2026-03-06,09:29,participation,repond_si_insiste
OBS,402,Muller,Louise,,,,2026-03-06,09:31,entree,ne_demarre_pas
OBS,402,Muller,Louise,,,,2026-03-06,09:33,difficulte,copie_camarade
SESSION,402,demo_402_202603120900,1773302400000,1773305700000
OBS,402,Moreau,Ines,,,,2026-03-12,09:24,tutorat,donne_reponse_directe
OBS,402,Moreau,Ines,,,,2026-03-12,09:26,participation,repond_si_insiste
OBS,402,Moreau,Ines,,,,2026-03-12,09:28,ressources,sollicite_immediat
OBS,402,Moreau,Ines,,,,2026-03-12,09:30,finalisation,activite_incomplete
OBS,402,Andre,Nolan,,,,2026-03-12,09:46,tutorat,donne_reponse_directe
OBS,402,Andre,Nolan,,,,2026-03-12,09:48,participation,repond_si_insiste
OBS,402,Andre,Nolan,,,,2026-03-12,09:50,finalisation,activite_incomplete
OBS,402,Andre,Nolan,,,,2026-03-12,09:52,attention,revasse
OBS,402,Robert,Elsa,,,,2026-03-12,09:16,tutorat,explique_camarade
OBS,402,Robert,Elsa,,,,2026-03-12,09:18,participation,repond_si_sollicite
OBS,402,Robert,Elsa,,,,2026-03-12,09:20,attention,reconcentre_seul
OBS,402,Robert,Elsa,,,,2026-03-12,09:22,entree,demarre_immediat
OBS,402,Robert,Elsa,,,,2026-03-12,09:24,difficulte,utilise_document_d
OBS,402,Guerin,Malo,,,,2026-03-12,09:01,tutorat,donne_reponse_directe
OBS,402,Guerin,Malo,,,,2026-03-12,09:03,participation,repond_si_insiste
OBS,402,Guerin,Malo,,,,2026-03-12,09:05,ressources,attend_professeur
OBS,402,Guerin,Malo,,,,2026-03-12,09:07,entree,demarre_relance
OBS,402,Garcia,Enzo,,,,2026-03-12,09:24,tutorat,aide_si_sollicite
OBS,402,Garcia,Enzo,,,,2026-03-12,09:26,participation,repond_si_sollicite
OBS,402,Garcia,Enzo,,,,2026-03-12,09:28,difficulte,observe_camarade
OBS,402,Garcia,Enzo,,,,2026-03-12,09:30,entree,demarre_relance
OBS,402,Laurent,Lina,,,,2026-03-12,09:43,tutorat,refuse_aider
OBS,402,Laurent,Lina,,,,2026-03-12,09:45,participation,repond_si_insiste
OBS,402,Laurent,Lina,,,,2026-03-12,09:47,ressources,attend_correction
OBS,402,Laurent,Lina,,,,2026-03-12,09:49,finalisation,recopie_correction
OBS,402,Dubois,Timeo,,,,2026-03-12,09:16,tutorat,refuse_aider
OBS,402,Dubois,Timeo,,,,2026-03-12,09:18,participation,ne_participe_pas
OBS,402,Dubois,Timeo,,,,2026-03-12,09:20,ressources,attend_correction
OBS,402,Dubois,Timeo,,,,2026-03-12,09:22,attention,bavarde_travail
OBS,402,Dubois,Timeo,,,,2026-03-12,09:24,entree,ne_demarre_pas
OBS,402,Vincent,Lucie,,,,2026-03-12,09:13,tutorat,explique_camarade
OBS,402,Vincent,Lucie,,,,2026-03-12,09:15,participation,repond_si_sollicite
OBS,402,Vincent,Lucie,,,,2026-03-12,09:17,finalisation,activite_terminee
OBS,402,Vincent,Lucie,,,,2026-03-12,09:19,entree,demarre_immediat
OBS,402,Blanc,Rafael,,,,2026-03-12,09:12,tutorat,aide_si_sollicite
OBS,402,Blanc,Rafael,,,,2026-03-12,09:14,participation,repond_si_sollicite
OBS,402,Blanc,Rafael,,,,2026-03-12,09:16,finalisation,activite_terminee
OBS,402,Blanc,Rafael,,,,2026-03-12,09:18,ressources,sollicite_immediat
OBS,402,Mercier,Chloe,,,,2026-03-12,09:36,tutorat,aide_si_sollicite
OBS,402,Mercier,Chloe,,,,2026-03-12,09:38,participation,repond_si_insiste
OBS,402,Mercier,Chloe,,,,2026-03-12,09:40,finalisation,activite_incomplete
OBS,402,Mercier,Chloe,,,,2026-03-12,09:42,ressources,attend_professeur
OBS,402,Mercier,Chloe,,,,2026-03-12,09:44,entree,attend_sans_commencer
OBS,402,Richard,Rayan,,,,2026-03-12,09:35,tutorat,donne_reponse_directe
OBS,402,Richard,Rayan,,,,2026-03-12,09:37,participation,repond_si_sollicite
OBS,402,Richard,Rayan,,,,2026-03-12,09:39,difficulte,utilise_document_d
OBS,402,Richard,Rayan,,,,2026-03-12,09:41,ressources,echange_camarade
OBS,402,Richard,Rayan,,,,2026-03-12,09:43,finalisation,activite_terminee
OBS,402,Bernard,Timeo,,,,2026-03-12,09:15,tutorat,aide_si_sollicite
OBS,402,Bernard,Timeo,,,,2026-03-12,09:17,participation,repond_si_sollicite
OBS,402,Bernard,Timeo,,,,2026-03-12,09:19,finalisation,activite_terminee
OBS,402,Bernard,Timeo,,,,2026-03-12,09:21,entree,demarre_relance
OBS,402,Bernard,Timeo,,,,2026-03-12,09:23,attention,reconcentre_seul
OBS,402,Faure,Timeo,,,,2026-03-12,09:20,tutorat,donne_reponse_directe
OBS,402,Faure,Timeo,,,,2026-03-12,09:22,participation,repond_si_sollicite
OBS,402,Faure,Timeo,,,,2026-03-12,09:24,finalisation,activite_terminee
OBS,402,Faure,Timeo,,,,2026-03-12,09:26,entree,attend_sans_commencer
OBS,402,Fournier,Milo,,,,2026-03-12,09:08,tutorat,donne_reponse_directe
OBS,402,Fournier,Milo,,,,2026-03-12,09:10,participation,repond_si_insiste
OBS,402,Fournier,Milo,,,,2026-03-12,09:12,difficulte,observe_camarade
OBS,402,Fournier,Milo,,,,2026-03-12,09:14,ressources,attend_professeur
OBS,402,Roux,Nina,,,,2026-03-12,09:13,tutorat,aide_si_sollicite
OBS,402,Roux,Nina,,,,2026-03-12,09:15,participation,repond_si_insiste
OBS,402,Roux,Nina,,,,2026-03-12,09:17,ressources,attend_professeur
OBS,402,Roux,Nina,,,,2026-03-12,09:19,difficulte,attend_d
OBS,402,Roux,Nina,,,,2026-03-12,09:21,entree,demarre_relance
OBS,402,David,Adam,,,,2026-03-12,09:03,tutorat,aide_si_sollicite
OBS,402,David,Adam,,,,2026-03-12,09:05,participation,repond_si_sollicite
OBS,402,David,Adam,,,,2026-03-12,09:07,entree,demarre_relance
OBS,402,David,Adam,,,,2026-03-12,09:09,ressources,sollicite_immediat
OBS,402,David,Adam,,,,2026-03-12,09:11,difficulte,attend_d
OBS,402,Michel,Agathe,,,,2026-03-12,09:17,tutorat,aide_si_sollicite
OBS,402,Michel,Agathe,,,,2026-03-12,09:19,participation,repond_si_sollicite
OBS,402,Michel,Agathe,,,,2026-03-12,09:21,ressources,echange_camarade
OBS,402,Michel,Agathe,,,,2026-03-12,09:23,difficulte,attend_d
OBS,402,Perrin,Ines,,,,2026-03-12,09:07,tutorat,refuse_aider
OBS,402,Perrin,Ines,,,,2026-03-12,09:09,participation,ne_participe_pas
OBS,402,Perrin,Ines,,,,2026-03-12,09:11,difficulte,attend_d
OBS,402,Perrin,Ines,,,,2026-03-12,09:13,entree,ne_demarre_pas
OBS,402,Perrin,Ines,,,,2026-03-12,09:15,finalisation,recopie_correction
OBS,402,Bertrand,Agathe,,,,2026-03-12,09:31,tutorat,donne_reponse_directe
OBS,402,Bertrand,Agathe,,,,2026-03-12,09:33,participation,repond_si_sollicite
OBS,402,Bertrand,Agathe,,,,2026-03-12,09:35,attention,concentre
OBS,402,Bertrand,Agathe,,,,2026-03-12,09:37,difficulte,utilise_coup_de_pouce
OBS,402,Sanchez,Iris,,,,2026-03-12,09:25,tutorat,explique_camarade
OBS,402,Sanchez,Iris,,,,2026-03-12,09:27,participation,participe_spontanement
OBS,402,Sanchez,Iris,,,,2026-03-12,09:29,ressources,echange_camarade
OBS,402,Sanchez,Iris,,,,2026-03-12,09:31,difficulte,utilise_document_d
OBS,402,Sanchez,Iris,,,,2026-03-12,09:33,entree,demarre_relance
OBS,402,Muller,Louise,,,,2026-03-12,09:15,tutorat,refuse_aider
OBS,402,Muller,Louise,,,,2026-03-12,09:17,participation,ne_participe_pas
OBS,402,Muller,Louise,,,,2026-03-12,09:19,entree,ne_demarre_pas
OBS,402,Muller,Louise,,,,2026-03-12,09:21,attention,perturbe_camarade
OBS,402,Girard,Rafael,,,,2026-03-12,09:42,tutorat,donne_reponse_directe
OBS,402,Girard,Rafael,,,,2026-03-12,09:44,participation,repond_si_insiste
OBS,402,Girard,Rafael,,,,2026-03-12,09:46,attention,revasse
OBS,402,Girard,Rafael,,,,2026-03-12,09:48,difficulte,attend_d
OBS,402,Lemoine,Louis,,,,2026-03-12,09:11,tutorat,donne_reponse_directe
OBS,402,Lemoine,Louis,,,,2026-03-12,09:13,participation,repond_si_sollicite
OBS,402,Lemoine,Louis,,,,2026-03-12,09:15,finalisation,verifie_travail
OBS,402,Lemoine,Louis,,,,2026-03-12,09:17,ressources,sollicite_immediat
OBS,402,Lemoine,Louis,,,,2026-03-12,09:19,difficulte,utilise_document_d
SESSION,402,demo_402_202603170900,1773734400000,1773737700000
OBS,402,Moreau,Ines,,,,2026-03-17,09:10,tutorat,refuse_aider
OBS,402,Moreau,Ines,,,,2026-03-17,09:12,participation,repond_si_insiste
OBS,402,Moreau,Ines,,,,2026-03-17,09:14,attention,bavarde_hors_sujet
OBS,402,Moreau,Ines,,,,2026-03-17,09:16,ressources,attend_correction
OBS,402,Andre,Nolan,,,,2026-03-17,09:47,tutorat,donne_reponse_directe
OBS,402,Andre,Nolan,,,,2026-03-17,09:49,participation,repond_si_insiste
OBS,402,Andre,Nolan,,,,2026-03-17,09:51,attention,bavarde_hors_sujet
OBS,402,Andre,Nolan,,,,2026-03-17,09:53,entree,attend_sans_commencer
OBS,402,Robert,Elsa,,,,2026-03-17,09:07,tutorat,explique_camarade
OBS,402,Robert,Elsa,,,,2026-03-17,09:09,participation,participe_spontanement
OBS,402,Robert,Elsa,,,,2026-03-17,09:11,attention,concentre
OBS,402,Robert,Elsa,,,,2026-03-17,09:13,finalisation,verifie_travail
OBS,402,Renard,Milo,,,,2026-03-17,09:33,tutorat,refuse_aider
OBS,402,Renard,Milo,,,,2026-03-17,09:35,participation,ne_participe_pas
OBS,402,Renard,Milo,,,,2026-03-17,09:37,difficulte,copie_correction
OBS,402,Renard,Milo,,,,2026-03-17,09:39,ressources,attend_correction
OBS,402,Renard,Milo,,,,2026-03-17,09:41,entree,ne_demarre_pas
OBS,402,Guerin,Malo,,,,2026-03-17,09:09,tutorat,aide_si_sollicite
OBS,402,Guerin,Malo,,,,2026-03-17,09:11,participation,participe_spontanement
OBS,402,Guerin,Malo,,,,2026-03-17,09:13,finalisation,verifie_travail
OBS,402,Guerin,Malo,,,,2026-03-17,09:15,ressources,utilise_document_r
OBS,402,Garcia,Enzo,,,,2026-03-17,09:39,tutorat,donne_reponse_directe
OBS,402,Garcia,Enzo,,,,2026-03-17,09:41,participation,repond_si_insiste
OBS,402,Garcia,Enzo,,,,2026-03-17,09:43,ressources,sollicite_immediat
OBS,402,Garcia,Enzo,,,,2026-03-17,09:45,entree,demarre_relance
OBS,402,Dubois,Timeo,,,,2026-03-17,09:39,tutorat,refuse_aider
OBS,402,Dubois,Timeo,,,,2026-03-17,09:41,participation,ne_participe_pas
OBS,402,Dubois,Timeo,,,,2026-03-17,09:43,finalisation,recopie_correction
OBS,402,Dubois,Timeo,,,,2026-03-17,09:45,difficulte,copie_correction
OBS,402,Vincent,Lucie,,,,2026-03-17,09:39,tutorat,aide_si_sollicite
OBS,402,Vincent,Lucie,,,,2026-03-17,09:41,participation,repond_si_sollicite
OBS,402,Vincent,Lucie,,,,2026-03-17,09:43,difficulte,observe_camarade
OBS,402,Vincent,Lucie,,,,2026-03-17,09:45,ressources,sollicite_apres_cherche
OBS,402,Blanc,Rafael,,,,2026-03-17,09:37,tutorat,aide_si_sollicite
OBS,402,Blanc,Rafael,,,,2026-03-17,09:39,participation,repond_si_sollicite
OBS,402,Blanc,Rafael,,,,2026-03-17,09:41,ressources,echange_camarade
OBS,402,Blanc,Rafael,,,,2026-03-17,09:43,entree,demarre_relance
OBS,402,Blanc,Rafael,,,,2026-03-17,09:45,difficulte,attend_d
OBS,402,Mercier,Chloe,,,,2026-03-17,09:28,tutorat,aide_si_sollicite
OBS,402,Mercier,Chloe,,,,2026-03-17,09:30,participation,repond_si_sollicite
OBS,402,Mercier,Chloe,,,,2026-03-17,09:32,ressources,sollicite_immediat
OBS,402,Mercier,Chloe,,,,2026-03-17,09:34,difficulte,observe_camarade
OBS,402,Richard,Rayan,,,,2026-03-17,09:44,tutorat,donne_reponse_directe
OBS,402,Richard,Rayan,,,,2026-03-17,09:46,participation,repond_si_sollicite
OBS,402,Richard,Rayan,,,,2026-03-17,09:48,attention,distrait_momentanement
OBS,402,Richard,Rayan,,,,2026-03-17,09:50,entree,demarre_relance
OBS,402,Richard,Rayan,,,,2026-03-17,09:52,finalisation,passe_autre_activite
OBS,402,Bernard,Timeo,,,,2026-03-17,09:13,tutorat,donne_reponse_directe
OBS,402,Bernard,Timeo,,,,2026-03-17,09:15,participation,repond_si_insiste
OBS,402,Bernard,Timeo,,,,2026-03-17,09:17,entree,demarre_relance
OBS,402,Bernard,Timeo,,,,2026-03-17,09:19,ressources,sollicite_immediat
OBS,402,Fournier,Milo,,,,2026-03-17,09:38,tutorat,refuse_aider
OBS,402,Fournier,Milo,,,,2026-03-17,09:40,participation,ne_participe_pas
OBS,402,Fournier,Milo,,,,2026-03-17,09:42,entree,ne_demarre_pas
OBS,402,Fournier,Milo,,,,2026-03-17,09:44,ressources,attend_correction
OBS,402,Roux,Nina,,,,2026-03-17,09:07,tutorat,refuse_aider
OBS,402,Roux,Nina,,,,2026-03-17,09:09,participation,repond_si_insiste
OBS,402,Roux,Nina,,,,2026-03-17,09:11,difficulte,observe_camarade
OBS,402,Roux,Nina,,,,2026-03-17,09:13,entree,ne_demarre_pas
OBS,402,David,Adam,,,,2026-03-17,09:15,tutorat,aide_si_sollicite
OBS,402,David,Adam,,,,2026-03-17,09:17,participation,repond_si_insiste
OBS,402,David,Adam,,,,2026-03-17,09:19,entree,attend_sans_commencer
OBS,402,David,Adam,,,,2026-03-17,09:21,ressources,sollicite_immediat
OBS,402,David,Adam,,,,2026-03-17,09:23,finalisation,activite_incomplete
OBS,402,Michel,Agathe,,,,2026-03-17,09:17,tutorat,aide_si_sollicite
OBS,402,Michel,Agathe,,,,2026-03-17,09:19,participation,repond_si_insiste
OBS,402,Michel,Agathe,,,,2026-03-17,09:21,finalisation,passe_autre_activite
OBS,402,Michel,Agathe,,,,2026-03-17,09:23,ressources,echange_camarade
OBS,402,Perrin,Ines,,,,2026-03-17,09:03,tutorat,refuse_aider
OBS,402,Perrin,Ines,,,,2026-03-17,09:05,participation,ne_participe_pas
OBS,402,Perrin,Ines,,,,2026-03-17,09:07,difficulte,copie_correction
OBS,402,Perrin,Ines,,,,2026-03-17,09:09,ressources,attend_correction
OBS,402,Bertrand,Agathe,,,,2026-03-17,09:28,tutorat,refuse_aider
OBS,402,Bertrand,Agathe,,,,2026-03-17,09:30,participation,ne_participe_pas
OBS,402,Bertrand,Agathe,,,,2026-03-17,09:32,ressources,attend_professeur
OBS,402,Sanchez,Iris,,,,2026-03-17,09:11,tutorat,explique_camarade
OBS,402,Sanchez,Iris,,,,2026-03-17,09:13,participation,participe_spontanement
OBS,402,Sanchez,Iris,,,,2026-03-17,09:15,difficulte,cherche_seul
OBS,402,Sanchez,Iris,,,,2026-03-17,09:17,finalisation,verifie_travail
OBS,402,Sanchez,Iris,,,,2026-03-17,09:19,attention,concentre
OBS,402,Muller,Louise,,,,2026-03-17,09:38,tutorat,donne_reponse_directe
OBS,402,Muller,Louise,,,,2026-03-17,09:40,participation,ne_participe_pas
OBS,402,Muller,Louise,,,,2026-03-17,09:42,attention,distrait_momentanement
OBS,402,Muller,Louise,,,,2026-03-17,09:44,finalisation,recopie_correction
ABSENCE,402,demo_402_202509080900,Laurent,Lina
ABSENCE,402,demo_402_202509100900,Denis,Emma
ABSENCE,402,demo_402_202509100900,Marchand,Adam
ABSENCE,402,demo_402_202509100900,Meunier,Axel
ABSENCE,402,demo_402_202509100900,Perrin,Ines
ABSENCE,402,demo_402_202509150900,Dumas,Yanis
ABSENCE,402,demo_402_202509150900,Garcia,Enzo
ABSENCE,402,demo_402_202509150900,Mercier,Chloe
ABSENCE,402,demo_402_202509180900,Laurent,Lina
ABSENCE,402,demo_402_202509180900,David,Adam
ABSENCE,402,demo_402_202509180900,Muller,Louise
ABSENCE,402,demo_402_202509230900,Moreau,Ines
ABSENCE,402,demo_402_202509230900,Blanc,Rafael
ABSENCE,402,demo_402_202509230900,Lemoine,Louis
ABSENCE,402,demo_402_202509260900,Renard,Milo
ABSENCE,402,demo_402_202509260900,Dubois,Timeo
ABSENCE,402,demo_402_202509260900,Meunier,Axel
ABSENCE,402,demo_402_202509260900,Girard,Rafael
ABSENCE,402,demo_402_202510010900,Moreau,Ines
ABSENCE,402,demo_402_202510010900,Marchand,Adam
ABSENCE,402,demo_402_202510010900,Garcia,Enzo
ABSENCE,402,demo_402_202510010900,Dubois,Timeo
ABSENCE,402,demo_402_202510030900,Robert,Elsa
ABSENCE,402,demo_402_202510030900,Blanc,Rafael
ABSENCE,402,demo_402_202510080900,Blanc,Rafael
ABSENCE,402,demo_402_202510080900,Bernard,Timeo
ABSENCE,402,demo_402_202510080900,Meunier,Axel
ABSENCE,402,demo_402_202510130900,David,Adam
ABSENCE,402,demo_402_202510130900,Lemoine,Louis
ABSENCE,402,demo_402_202510160900,Dupont,Chloe
ABSENCE,402,demo_402_202510160900,Dubois,Timeo
ABSENCE,402,demo_402_202510160900,Girard,Rafael
ABSENCE,402,demo_402_202510160900,Lemoine,Louis
ABSENCE,402,demo_402_202511070900,Guerin,Malo
ABSENCE,402,demo_402_202511140900,Moreau,Ines
ABSENCE,402,demo_402_202511190900,Denis,Emma
ABSENCE,402,demo_402_202511190900,Bertrand,Agathe
ABSENCE,402,demo_402_202511240900,Blanc,Rafael
ABSENCE,402,demo_402_202511270900,Renard,Milo
ABSENCE,402,demo_402_202511270900,Fournier,Milo
ABSENCE,402,demo_402_202512020900,Renard,Milo
ABSENCE,402,demo_402_202512020900,Bernard,Timeo
ABSENCE,402,demo_402_202512020900,Muller,Louise
ABSENCE,402,demo_402_202512020900,Lemoine,Louis
ABSENCE,402,demo_402_202512040900,Blanc,Rafael
ABSENCE,402,demo_402_202512040900,Lemoine,Louis
ABSENCE,402,demo_402_202512090900,Guerin,Malo
ABSENCE,402,demo_402_202512090900,Blanc,Rafael
ABSENCE,402,demo_402_202512090900,Mercier,Chloe
ABSENCE,402,demo_402_202512090900,Girard,Rafael
ABSENCE,402,demo_402_202512120900,Fournier,Milo
ABSENCE,402,demo_402_202512120900,Roux,Nina
ABSENCE,402,demo_402_202512120900,Girard,Rafael
ABSENCE,402,demo_402_202512170900,Dumas,Yanis
ABSENCE,402,demo_402_202512170900,Blanc,Rafael
ABSENCE,402,demo_402_202601050900,Dumas,Yanis
ABSENCE,402,demo_402_202601050900,Vincent,Lucie
ABSENCE,402,demo_402_202601050900,Fournier,Milo
ABSENCE,402,demo_402_202601050900,Lemoine,Louis
ABSENCE,402,demo_402_202601080900,Blanc,Rafael
ABSENCE,402,demo_402_202601120900,Marchand,Adam
ABSENCE,402,demo_402_202601120900,Meunier,Axel
ABSENCE,402,demo_402_202601120900,Girard,Rafael
ABSENCE,402,demo_402_202601120900,Lemoine,Louis
ABSENCE,402,demo_402_202601150900,Girard,Rafael
ABSENCE,402,demo_402_202601150900,Lemoine,Louis
ABSENCE,402,demo_402_202601200900,Bertrand,Agathe
ABSENCE,402,demo_402_202602020900,Denis,Emma
ABSENCE,402,demo_402_202602020900,Laurent,Lina
ABSENCE,402,demo_402_202602020900,Bernard,Timeo
ABSENCE,402,demo_402_202602020900,Perrin,Ines
ABSENCE,402,demo_402_202602050900,Blanc,Rafael
ABSENCE,402,demo_402_202602110900,Dubois,Timeo
ABSENCE,402,demo_402_202602110900,Faure,Timeo
ABSENCE,402,demo_402_202602110900,Roux,Nina
ABSENCE,402,demo_402_202602110900,Bertrand,Agathe
ABSENCE,402,demo_402_202602110900,Girard,Rafael
ABSENCE,402,demo_402_202602160900,Guerin,Malo
ABSENCE,402,demo_402_202602160900,Lemoine,Louis
ABSENCE,402,demo_402_202602200900,Renard,Milo
ABSENCE,402,demo_402_202602200900,Dubois,Timeo
ABSENCE,402,demo_402_202602250900,Marchand,Adam
ABSENCE,402,demo_402_202602250900,Vincent,Lucie
ABSENCE,402,demo_402_202602250900,Faure,Timeo
ABSENCE,402,demo_402_202602250900,Meunier,Axel
ABSENCE,402,demo_402_202602250900,Girard,Rafael
ABSENCE,402,demo_402_202602250900,Lemoine,Louis
ABSENCE,402,demo_402_202603030900,Moreau,Ines
ABSENCE,402,demo_402_202603030900,Dumas,Yanis
ABSENCE,402,demo_402_202603030900,Fournier,Milo
ABSENCE,402,demo_402_202603030900,Meunier,Axel
ABSENCE,402,demo_402_202603120900,Dupont,Chloe
ABSENCE,402,demo_402_202603120900,Meunier,Axel
ABSENCE,402,demo_402_202603170900,Dupont,Chloe
ABSENCE,402,demo_402_202603170900,Meunier,Axel
ABSENCE,402,demo_402_202603170900,Girard,Rafael
ABSENCE,402,demo_402_202603170900,Lemoine,Louis
OBJECTIF,402,Moreau,Ines,25,50,50,75,75,50,50
OBJECTIF,402,Andre,Nolan,25,25,25,25,25,50,25
OBJECTIF,402,Robert,Elsa,100,100,100,100,100,100,100
OBJECTIF,402,Renard,Milo,25,25,25,50,50,25,50
OBJECTIF,402,Denis,Emma,50,100,75,75,50,50,50
OBJECTIF,402,Dupont,Chloe,75,75,75,100,75,50,100
OBJECTIF,402,Marchand,Adam,100,75,75,50,100,50,75
OBJECTIF,402,Lefebvre,Lea,25,25,50,25,25,50,25
OBJECTIF,402,Guerin,Malo,75,50,75,50,75,75,75
OBJECTIF,402,Dumas,Yanis,100,100,100,75,100,75,100
OBJECTIF,402,Garcia,Enzo,100,50,75,50,75,100,100
OBJECTIF,402,Laurent,Lina,75,50,50,50,50,50,75
OBJECTIF,402,Dubois,Timeo,50,50,25,50,50,50,50
OBJECTIF,402,Vincent,Lucie,100,100,100,100,75,100,100
OBJECTIF,402,Blanc,Rafael,100,100,100,100,100,100,100
OBJECTIF,402,Mercier,Chloe,50,25,25,50,75,50,25
OBJECTIF,402,Richard,Rayan,100,100,75,75,50,75,75
OBJECTIF,402,Bernard,Timeo,75,75,75,75,100,100,75
OBJECTIF,402,Faure,Timeo,75,75,75,75,75,75,50
OBJECTIF,402,Fournier,Milo,25,25,25,25,25,25,25
OBJECTIF,402,Roux,Nina,75,75,100,75,100,100,75
OBJECTIF,402,David,Adam,50,50,25,50,50,50,50
OBJECTIF,402,Michel,Agathe,100,75,75,50,75,75,75
OBJECTIF,402,Meunier,Axel,100,75,100,75,75,75,100
OBJECTIF,402,Perrin,Ines,25,25,50,25,25,25,50
OBJECTIF,402,Bertrand,Agathe,50,50,25,50,25,50,75
OBJECTIF,402,Sanchez,Iris,100,75,100,75,100,100,75
OBJECTIF,402,Muller,Louise,50,75,50,50,25,50,50
OBJECTIF,402,Girard,Rafael,25,50,50,25,50,50,25
OBJECTIF,402,Lemoine,Louis,100,100,100,50,75,75,100
