type,classe,nom,prenom,naissance,sexe,statut,date,heure,categorie,fait
META,2025/2026,semestre,2025-09-01,2026-01-31,2026-02-01,2026-08-31,,
ELEVE,302,Faure,Simon,08/12/2011,Masculin,actif,,,,
ELEVE,302,Perrin,Simon,13/01/2012,Masculin,actif,,,,
ELEVE,302,Gauthier,Adam,17/08/2012,Masculin,actif,,,,
ELEVE,302,Rousseau,Jade,19/09/2012,Feminin,actif,,,,
ELEVE,302,Vincent,Lucie,22/09/2012,Feminin,actif,,,,
ELEVE,302,Fournier,Louise,22/09/2012,Feminin,actif,,,,
ELEVE,302,Muller,Lea,11/01/2012,Feminin,actif,,,,
ELEVE,302,Boyer,Iris,02/05/2011,Feminin,actif,,,,
ELEVE,302,Morel,Manon,14/04/2010,Feminin,actif,,,,
ELEVE,302,Bertrand,Liam,25/11/2010,Masculin,actif,,,,
ELEVE,302,Lambert,Maya,06/01/2011,Feminin,actif,,,,
ELEVE,302,Guerin,Lola,15/11/2011,Feminin,actif,,,,
ELEVE,302,Renard,Rose,28/07/2011,Feminin,actif,,,,
ELEVE,302,Robert,Ines,23/07/2010,Feminin,actif,,,,
ELEVE,302,Fontaine,Axel,03/08/2011,Masculin,actif,,,,
ELEVE,302,Sanchez,Rafael,11/12/2012,Masculin,actif,,,,
ELEVE,302,Blanc,Eliott,05/09/2010,Masculin,actif,,,,
ELEVE,302,Dubois,Nathan,11/11/2010,Masculin,actif,,,,
ELEVE,302,Mercier,Zoe,13/12/2011,Feminin,actif,,,,
ELEVE,302,Aubert,Ines,15/10/2012,Feminin,actif,,,,
ELEVE,302,Dupont,Victor,14/07/2010,Masculin,actif,,,,
ELEVE,302,Nicolas,Adam,11/09/2011,Masculin,actif,,,,
ELEVE,302,Girard,Lina,01/08/2010,Feminin,actif,,,,
ELEVE,302,Laurent,Nina,06/07/2012,Feminin,actif,,,,
ELEVE,302,Meunier,Jade,04/08/2011,Feminin,actif,,,,
ELEVE,302,Petit,Louis,22/02/2011,Masculin,actif,,,,
ELEVE,302,Marchand,Eliott,05/07/2010,Masculin,actif,,,,
ELEVE,302,Moreau,Louis,26/09/2010,Masculin,actif,,,,
ELEVE,302,Masson,Rayan,02/10/2011,Masculin,actif,,,,
ELEVE,302,Chevalier,Gabriel,02/01/2010,Masculin,actif,,,,
SESSION,302,demo_302_202509080900,1757314800000,1757318100000
OBS,302,Faure,Simon,,,,2025-09-08,09:23,tutorat,explique_camarade
OBS,302,Faure,Simon,,,,2025-09-08,09:25,participation,participe_spontanement
OBS,302,Faure,Simon,,,,2025-09-08,09:27,finalisation,corrige_erreur
OBS,302,Faure,Simon,,,,2025-09-08,09:29,ressources,echange_camarade
OBS,302,Perrin,Simon,,,,2025-09-08,09:25,tutorat,aide_si_sollicite
OBS,302,Perrin,Simon,,,,2025-09-08,09:27,participation,repond_si_sollicite
OBS,302,Perrin,Simon,,,,2025-09-08,09:29,attention,bavarde_travail
OBS,302,Perrin,Simon,,,,2025-09-08,09:31,entree,demarre_relance
OBS,302,Perrin,Simon,,,,2025-09-08,09:33,finalisation,corrige_erreur
OBS,302,Gauthier,Adam,,,,2025-09-08,09:29,tutorat,explique_camarade
OBS,302,Gauthier,Adam,,,,2025-09-08,09:31,participation,repond_si_sollicite
OBS,302,Gauthier,Adam,,,,2025-09-08,09:33,ressources,attend_professeur
OBS,302,Gauthier,Adam,,,,2025-09-08,09:35,finalisation,activite_incomplete
OBS,302,Gauthier,Adam,,,,2025-09-08,09:37,attention,distrait_momentanement
OBS,302,Vincent,Lucie,,,,2025-09-08,09:26,tutorat,donne_reponse_directe
OBS,302,Vincent,Lucie,,,,2025-09-08,09:28,participation,repond_si_sollicite
OBS,302,Vincent,Lucie,,,,2025-09-08,09:30,difficulte,attend_d
OBS,302,Vincent,Lucie,,,,2025-09-08,09:32,attention,bavarde_travail
OBS,302,Vincent,Lucie,,,,2025-09-08,09:34,ressources,attend_professeur
OBS,302,Fournier,Louise,,,,2025-09-08,09:31,tutorat,donne_reponse_directe
OBS,302,Fournier,Louise,,,,2025-09-08,09:33,participation,ne_participe_pas
OBS,302,Fournier,Louise,,,,2025-09-08,09:35,finalisation,recopie_correction
OBS,302,Fournier,Louise,,,,2025-09-08,09:37,entree,attend_sans_commencer
OBS,302,Fournier,Louise,,,,2025-09-08,09:39,difficulte,attend_d
OBS,302,Muller,Lea,,,,2025-09-08,09:19,tutorat,explique_camarade
OBS,302,Muller,Lea,,,,2025-09-08,09:21,participation,repond_si_sollicite
OBS,302,Muller,Lea,,,,2025-09-08,09:23,entree,demarre_immediat
OBS,302,Muller,Lea,,,,2025-09-08,09:25,attention,distrait_momentanement
OBS,302,Muller,Lea,,,,2025-09-08,09:27,finalisation,activite_terminee
OBS,302,Boyer,Iris,,,,2025-09-08,09:29,tutorat,donne_reponse_directe
OBS,302,Boyer,Iris,,,,2025-09-08,09:31,participation,repond_si_insiste
OBS,302,Boyer,Iris,,,,2025-09-08,09:33,attention,revasse
OBS,302,Boyer,Iris,,,,2025-09-08,09:35,finalisation,activite_incomplete
OBS,302,Boyer,Iris,,,,2025-09-08,09:37,ressources,attend_correction
OBS,302,Bertrand,Liam,,,,2025-09-08,09:43,tutorat,aide_si_sollicite
OBS,302,Bertrand,Liam,,,,2025-09-08,09:45,participation,repond_si_insiste
OBS,302,Bertrand,Liam,,,,2025-09-08,09:47,difficulte,attend_d
OBS,302,Bertrand,Liam,,,,2025-09-08,09:49,ressources,utilise_aides_activite
OBS,302,Renard,Rose,,,,2025-09-08,09:38,tutorat,donne_reponse_directe
OBS,302,Renard,Rose,,,,2025-09-08,09:40,participation,repond_si_sollicite
OBS,302,Renard,Rose,,,,2025-09-08,09:42,attention,bavarde_travail
OBS,302,Renard,Rose,,,,2025-09-08,09:44,entree,attend_sans_commencer
OBS,302,Robert,Ines,,,,2025-09-08,09:43,tutorat,donne_reponse_directe
OBS,302,Robert,Ines,,,,2025-09-08,09:45,participation,ne_participe_pas
OBS,302,Robert,Ines,,,,2025-09-08,09:47,finalisation,recopie_correction
OBS,302,Robert,Ines,,,,2025-09-08,09:49,entree,attend_sans_commencer
OBS,302,Robert,Ines,,,,2025-09-08,09:51,difficulte,attend_d
OBS,302,Fontaine,Axel,,,,2025-09-08,09:01,tutorat,refuse_aider
OBS,302,Fontaine,Axel,,,,2025-09-08,09:03,participation,ne_participe_pas
OBS,302,Fontaine,Axel,,,,2025-09-08,09:05,difficulte,copie_correction
OBS,302,Fontaine,Axel,,,,2025-09-08,09:07,ressources,attend_correction
OBS,302,Fontaine,Axel,,,,2025-09-08,09:09,finalisation,recopie_correction
OBS,302,Sanchez,Rafael,,,,2025-09-08,09:43,tutorat,refuse_aider
OBS,302,Sanchez,Rafael,,,,2025-09-08,09:45,participation,ne_participe_pas
OBS,302,Sanchez,Rafael,,,,2025-09-08,09:47,difficulte,copie_camarade
OBS,302,Sanchez,Rafael,,,,2025-09-08,09:49,ressources,attend_correction
OBS,302,Sanchez,Rafael,,,,2025-09-08,09:51,entree,ne_demarre_pas
OBS,302,Blanc,Eliott,,,,2025-09-08,09:09,tutorat,aide_si_sollicite
OBS,302,Blanc,Eliott,,,,2025-09-08,09:11,participation,repond_si_sollicite
OBS,302,Blanc,Eliott,,,,2025-09-08,09:13,difficulte,observe_camarade
OBS,302,Blanc,Eliott,,,,2025-09-08,09:15,attention,distrait_momentanement
OBS,302,Blanc,Eliott,,,,2025-09-08,09:17,entree,attend_sans_commencer
OBS,302,Aubert,Ines,,,,2025-09-08,09:44,tutorat,aide_si_sollicite
OBS,302,Aubert,Ines,,,,2025-09-08,09:46,participation,repond_si_sollicite
OBS,302,Aubert,Ines,,,,2025-09-08,09:48,attention,distrait_momentanement
OBS,302,Aubert,Ines,,,,2025-09-08,09:50,ressources,echange_camarade
OBS,302,Aubert,Ines,,,,2025-09-08,09:52,finalisation,corrige_erreur
OBS,302,Dupont,Victor,,,,2025-09-08,09:47,tutorat,aide_si_sollicite
OBS,302,Dupont,Victor,,,,2025-09-08,09:49,participation,repond_si_insiste
OBS,302,Dupont,Victor,,,,2025-09-08,09:51,difficulte,attend_d
OBS,302,Dupont,Victor,,,,2025-09-08,09:53,entree,demarre_relance
OBS,302,Dupont,Victor,,,,2025-09-08,09:53,finalisation,activite_incomplete
OBS,302,Laurent,Nina,,,,2025-09-08,09:38,tutorat,aide_si_sollicite
OBS,302,Laurent,Nina,,,,2025-09-08,09:40,participation,repond_si_insiste
OBS,302,Laurent,Nina,,,,2025-09-08,09:42,attention,bavarde_travail
OBS,302,Laurent,Nina,,,,2025-09-08,09:44,entree,attend_sans_commencer
OBS,302,Laurent,Nina,,,,2025-09-08,09:46,difficulte,attend_d
OBS,302,Meunier,Jade,,,,2025-09-08,09:04,tutorat,explique_camarade
OBS,302,Meunier,Jade,,,,2025-09-08,09:06,participation,participe_spontanement
OBS,302,Meunier,Jade,,,,2025-09-08,09:08,attention,reconcentre_seul
OBS,302,Meunier,Jade,,,,2025-09-08,09:10,ressources,sollicite_immediat
OBS,302,Meunier,Jade,,,,2025-09-08,09:12,difficulte,cherche_seul
OBS,302,Marchand,Eliott,,,,2025-09-08,09:10,tutorat,explique_camarade
OBS,302,Marchand,Eliott,,,,2025-09-08,09:12,participation,repond_si_sollicite
OBS,302,Marchand,Eliott,,,,2025-09-08,09:14,difficulte,cherche_seul
OBS,302,Marchand,Eliott,,,,2025-09-08,09:16,attention,reconcentre_seul
OBS,302,Moreau,Louis,,,,2025-09-08,09:48,tutorat,refuse_aider
OBS,302,Moreau,Louis,,,,2025-09-08,09:50,participation,ne_participe_pas
OBS,302,Moreau,Louis,,,,2025-09-08,09:52,difficulte,copie_correction
OBS,302,Moreau,Louis,,,,2025-09-08,09:53,finalisation,recopie_correction
OBS,302,Moreau,Louis,,,,2025-09-08,09:53,ressources,attend_correction
OBS,302,Masson,Rayan,,,,2025-09-08,09:07,tutorat,explique_camarade
OBS,302,Masson,Rayan,,,,2025-09-08,09:09,participation,repond_si_sollicite
OBS,302,Masson,Rayan,,,,2025-09-08,09:11,entree,demarre_relance
OBS,302,Masson,Rayan,,,,2025-09-08,09:13,difficulte,demande_aide_pertinente
SESSION,302,demo_302_202509110900,1757574000000,1757577300000
OBS,302,Faure,Simon,,,,2025-09-11,09:12,tutorat,explique_camarade
OBS,302,Faure,Simon,,,,2025-09-11,09:14,participation,repond_si_sollicite
OBS,302,Faure,Simon,,,,2025-09-11,09:16,ressources,echange_camarade
OBS,302,Faure,Simon,,,,2025-09-11,09:18,entree,demarre_immediat
OBS,302,Perrin,Simon,,,,2025-09-11,09:43,tutorat,aide_si_sollicite
OBS,302,Perrin,Simon,,,,2025-09-11,09:45,participation,repond_si_sollicite
OBS,302,Perrin,Simon,,,,2025-09-11,09:47,finalisation,passe_autre_activite
OBS,302,Perrin,Simon,,,,2025-09-11,09:49,difficulte,observe_camarade
OBS,302,Perrin,Simon,,,,2025-09-11,09:51,entree,demarre_immediat
OBS,302,Gauthier,Adam,,,,2025-09-11,09:34,tutorat,donne_reponse_directe
OBS,302,Gauthier,Adam,,,,2025-09-11,09:36,participation,repond_si_sollicite
OBS,302,Gauthier,Adam,,,,2025-09-11,09:38,difficulte,observe_camarade
OBS,302,Gauthier,Adam,,,,2025-09-11,09:40,entree,attend_sans_commencer
OBS,302,Vincent,Lucie,,,,2025-09-11,09:15,tutorat,explique_camarade
OBS,302,Vincent,Lucie,,,,2025-09-11,09:17,participation,participe_spontanement
OBS,302,Vincent,Lucie,,,,2025-09-11,09:19,entree,demarre_relance
OBS,302,Vincent,Lucie,,,,2025-09-11,09:21,finalisation,passe_autre_activite
OBS,302,Fournier,Louise,,,,2025-09-11,09:16,tutorat,refuse_aider
OBS,302,Fournier,Louise,,,,2025-09-11,09:18,participation,ne_participe_pas
OBS,302,Fournier,Louise,,,,2025-09-11,09:20,attention,perturbe_camarade
OBS,302,Fournier,Louise,,,,2025-09-11,09:22,ressources,attend_correction
OBS,302,Muller,Lea,,,,2025-09-11,09:10,tutorat,explique_camarade
OBS,302,Muller,Lea,,,,2025-09-11,09:12,participation,participe_spontanement
OBS,302,Muller,Lea,,,,2025-09-11,09:14,entree,demarre_relance
OBS,302,Muller,Lea,,,,2025-09-11,09:16,finalisation,activite_terminee
OBS,302,Boyer,Iris,,,,2025-09-11,09:26,tutorat,donne_reponse_directe
OBS,302,Boyer,Iris,,,,2025-09-11,09:28,participation,repond_si_insiste
OBS,302,Boyer,Iris,,,,2025-09-11,09:30,ressources,attend_correction
OBS,302,Boyer,Iris,,,,2025-09-11,09:32,entree,ne_demarre_pas
OBS,302,Boyer,Iris,,,,2025-09-11,09:34,attention,revasse
OBS,302,Morel,Manon,,,,2025-09-11,09:11,tutorat,aide_si_sollicite
OBS,302,Morel,Manon,,,,2025-09-11,09:13,participation,repond_si_insiste
OBS,302,Morel,Manon,,,,2025-09-11,09:15,difficulte,attend_d
OBS,302,Morel,Manon,,,,2025-09-11,09:17,finalisation,passe_autre_activite
OBS,302,Bertrand,Liam,,,,2025-09-11,09:32,tutorat,aide_si_sollicite
OBS,302,Bertrand,Liam,,,,2025-09-11,09:34,participation,repond_si_sollicite
OBS,302,Bertrand,Liam,,,,2025-09-11,09:36,entree,demarre_relance
OBS,302,Bertrand,Liam,,,,2025-09-11,09:38,difficulte,utilise_coup_de_pouce
OBS,302,Guerin,Lola,,,,2025-09-11,09:10,tutorat,donne_reponse_directe
OBS,302,Guerin,Lola,,,,2025-09-11,09:12,participation,repond_si_sollicite
OBS,302,Guerin,Lola,,,,2025-09-11,09:14,difficulte,observe_camarade
OBS,302,Guerin,Lola,,,,2025-09-11,09:16,entree,demarre_relance
OBS,302,Guerin,Lola,,,,2025-09-11,09:18,attention,distrait_momentanement
OBS,302,Renard,Rose,,,,2025-09-11,09:30,tutorat,aide_si_sollicite
OBS,302,Renard,Rose,,,,2025-09-11,09:32,participation,repond_si_insiste
OBS,302,Renard,Rose,,,,2025-09-11,09:34,ressources,attend_professeur
OBS,302,Renard,Rose,,,,2025-09-11,09:36,entree,demarre_relance
OBS,302,Renard,Rose,,,,2025-09-11,09:38,attention,distrait_momentanement
OBS,302,Robert,Ines,,,,2025-09-11,09:08,tutorat,donne_reponse_directe
OBS,302,Robert,Ines,,,,2025-09-11,09:10,participation,repond_si_insiste
OBS,302,Robert,Ines,,,,2025-09-11,09:12,attention,revasse
OBS,302,Robert,Ines,,,,2025-09-11,09:14,entree,ne_demarre_pas
OBS,302,Robert,Ines,,,,2025-09-11,09:16,ressources,attend_professeur
OBS,302,Fontaine,Axel,,,,2025-09-11,09:22,tutorat,refuse_aider
OBS,302,Fontaine,Axel,,,,2025-09-11,09:24,participation,ne_participe_pas
OBS,302,Fontaine,Axel,,,,2025-09-11,09:26,ressources,attend_correction
OBS,302,Fontaine,Axel,,,,2025-09-11,09:28,entree,ne_demarre_pas
OBS,302,Fontaine,Axel,,,,2025-09-11,09:30,finalisation,recopie_correction
OBS,302,Sanchez,Rafael,,,,2025-09-11,09:34,tutorat,refuse_aider
OBS,302,Sanchez,Rafael,,,,2025-09-11,09:36,participation,ne_participe_pas
OBS,302,Sanchez,Rafael,,,,2025-09-11,09:38,attention,distrait_momentanement
OBS,302,Sanchez,Rafael,,,,2025-09-11,09:40,entree,attend_sans_commencer
OBS,302,Mercier,Zoe,,,,2025-09-11,09:44,tutorat,donne_reponse_directe
OBS,302,Mercier,Zoe,,,,2025-09-11,09:46,participation,repond_si_sollicite
OBS,302,Mercier,Zoe,,,,2025-09-11,09:48,attention,distrait_momentanement
OBS,302,Mercier,Zoe,,,,2025-09-11,09:50,difficulte,observe_camarade
OBS,302,Mercier,Zoe,,,,2025-09-11,09:52,finalisation,passe_autre_activite
OBS,302,Aubert,Ines,,,,2025-09-11,09:39,tutorat,aide_si_sollicite
OBS,302,Aubert,Ines,,,,2025-09-11,09:41,participation,repond_si_sollicite
OBS,302,Aubert,Ines,,,,2025-09-11,09:43,difficulte,demande_aide_pertinente
OBS,302,Aubert,Ines,,,,2025-09-11,09:45,attention,distrait_momentanement
OBS,302,Aubert,Ines,,,,2025-09-11,09:47,ressources,attend_professeur
OBS,302,Dupont,Victor,,,,2025-09-11,09:46,tutorat,aide_si_sollicite
OBS,302,Dupont,Victor,,,,2025-09-11,09:48,participation,participe_spontanement
OBS,302,Dupont,Victor,,,,2025-09-11,09:50,attention,reconcentre_seul
OBS,302,Dupont,Victor,,,,2025-09-11,09:52,finalisation,verifie_travail
OBS,302,Dupont,Victor,,,,2025-09-11,09:53,difficulte,cherche_seul
OBS,302,Nicolas,Adam,,,,2025-09-11,09:29,tutorat,aide_si_sollicite
OBS,302,Nicolas,Adam,,,,2025-09-11,09:31,participation,repond_si_sollicite
OBS,302,Nicolas,Adam,,,,2025-09-11,09:33,ressources,sollicite_immediat
OBS,302,Nicolas,Adam,,,,2025-09-11,09:35,difficulte,observe_camarade
OBS,302,Nicolas,Adam,,,,2025-09-11,09:37,entree,demarre_immediat
OBS,302,Girard,Lina,,,,2025-09-11,09:08,tutorat,aide_si_sollicite
OBS,302,Girard,Lina,,,,2025-09-11,09:10,participation,participe_spontanement
OBS,302,Girard,Lina,,,,2025-09-11,09:12,finalisation,verifie_travail
OBS,302,Girard,Lina,,,,2025-09-11,09:14,difficulte,cherche_seul
OBS,302,Girard,Lina,,,,2025-09-11,09:16,attention,concentre
OBS,302,Laurent,Nina,,,,2025-09-11,09:47,tutorat,aide_si_sollicite
OBS,302,Laurent,Nina,,,,2025-09-11,09:49,participation,repond_si_sollicite
OBS,302,Laurent,Nina,,,,2025-09-11,09:51,ressources,echange_camarade
OBS,302,Laurent,Nina,,,,2025-09-11,09:53,attention,reconcentre_seul
OBS,302,Meunier,Jade,,,,2025-09-11,09:04,tutorat,aide_si_sollicite
OBS,302,Meunier,Jade,,,,2025-09-11,09:06,participation,repond_si_sollicite
OBS,302,Meunier,Jade,,,,2025-09-11,09:08,ressources,echange_camarade
OBS,302,Meunier,Jade,,,,2025-09-11,09:10,finalisation,verifie_travail
OBS,302,Marchand,Eliott,,,,2025-09-11,09:15,tutorat,aide_si_sollicite
OBS,302,Marchand,Eliott,,,,2025-09-11,09:17,participation,repond_si_sollicite
OBS,302,Marchand,Eliott,,,,2025-09-11,09:19,ressources,echange_camarade
OBS,302,Marchand,Eliott,,,,2025-09-11,09:21,attention,concentre
OBS,302,Moreau,Louis,,,,2025-09-11,09:05,tutorat,donne_reponse_directe
OBS,302,Moreau,Louis,,,,2025-09-11,09:07,participation,repond_si_insiste
OBS,302,Moreau,Louis,,,,2025-09-11,09:09,finalisation,recopie_correction
OBS,302,Moreau,Louis,,,,2025-09-11,09:11,difficulte,copie_camarade
OBS,302,Moreau,Louis,,,,2025-09-11,09:13,attention,perturbe_camarade
OBS,302,Masson,Rayan,,,,2025-09-11,09:04,tutorat,aide_si_sollicite
OBS,302,Masson,Rayan,,,,2025-09-11,09:06,participation,repond_si_sollicite
OBS,302,Masson,Rayan,,,,2025-09-11,09:08,attention,concentre
OBS,302,Masson,Rayan,,,,2025-09-11,09:10,ressources,utilise_document_r
OBS,302,Chevalier,Gabriel,,,,2025-09-11,09:29,tutorat,explique_camarade
OBS,302,Chevalier,Gabriel,,,,2025-09-11,09:31,participation,repond_si_sollicite
OBS,302,Chevalier,Gabriel,,,,2025-09-11,09:33,difficulte,utilise_document_d
OBS,302,Chevalier,Gabriel,,,,2025-09-11,09:35,attention,concentre
SESSION,302,demo_302_202509160900,1758006000000,1758009300000
OBS,302,Faure,Simon,,,,2025-09-16,09:11,tutorat,explique_camarade
OBS,302,Faure,Simon,,,,2025-09-16,09:13,participation,participe_spontanement
OBS,302,Faure,Simon,,,,2025-09-16,09:15,attention,concentre
OBS,302,Faure,Simon,,,,2025-09-16,09:17,entree,demarre_immediat
OBS,302,Perrin,Simon,,,,2025-09-16,09:08,tutorat,donne_reponse_directe
OBS,302,Perrin,Simon,,,,2025-09-16,09:10,participation,repond_si_insiste
OBS,302,Perrin,Simon,,,,2025-09-16,09:12,finalisation,activite_incomplete
OBS,302,Perrin,Simon,,,,2025-09-16,09:14,difficulte,observe_camarade
OBS,302,Perrin,Simon,,,,2025-09-16,09:16,attention,reconcentre_seul
OBS,302,Vincent,Lucie,,,,2025-09-16,09:11,tutorat,aide_si_sollicite
OBS,302,Vincent,Lucie,,,,2025-09-16,09:13,participation,repond_si_sollicite
OBS,302,Vincent,Lucie,,,,2025-09-16,09:15,difficulte,observe_camarade
OBS,302,Vincent,Lucie,,,,2025-09-16,09:17,attention,concentre
OBS,302,Fournier,Louise,,,,2025-09-16,09:08,tutorat,donne_reponse_directe
OBS,302,Fournier,Louise,,,,2025-09-16,09:10,participation,repond_si_insiste
OBS,302,Fournier,Louise,,,,2025-09-16,09:12,finalisation,recopie_correction
OBS,302,Fournier,Louise,,,,2025-09-16,09:14,ressources,attend_professeur
OBS,302,Fournier,Louise,,,,2025-09-16,09:16,attention,distrait_momentanement
OBS,302,Boyer,Iris,,,,2025-09-16,09:18,tutorat,donne_reponse_directe
OBS,302,Boyer,Iris,,,,2025-09-16,09:20,participation,ne_participe_pas
OBS,302,Boyer,Iris,,,,2025-09-16,09:22,attention,bavarde_travail
OBS,302,Boyer,Iris,,,,2025-09-16,09:24,entree,attend_sans_commencer
OBS,302,Morel,Manon,,,,2025-09-16,09:32,tutorat,explique_camarade
OBS,302,Morel,Manon,,,,2025-09-16,09:34,participation,repond_si_insiste
OBS,302,Morel,Manon,,,,2025-09-16,09:36,finalisation,passe_autre_activite
OBS,302,Morel,Manon,,,,2025-09-16,09:38,entree,demarre_relance
OBS,302,Morel,Manon,,,,2025-09-16,09:40,ressources,attend_professeur
OBS,302,Lambert,Maya,,,,2025-09-16,09:34,tutorat,donne_reponse_directe
OBS,302,Lambert,Maya,,,,2025-09-16,09:36,participation,ne_participe_pas
OBS,302,Lambert,Maya,,,,2025-09-16,09:38,difficulte,copie_camarade
OBS,302,Lambert,Maya,,,,2025-09-16,09:40,ressources,attend_correction
OBS,302,Guerin,Lola,,,,2025-09-16,09:43,tutorat,aide_si_sollicite
OBS,302,Guerin,Lola,,,,2025-09-16,09:45,participation,repond_si_sollicite
OBS,302,Guerin,Lola,,,,2025-09-16,09:47,entree,demarre_relance
OBS,302,Guerin,Lola,,,,2025-09-16,09:49,difficulte,utilise_coup_de_pouce
OBS,302,Renard,Rose,,,,2025-09-16,09:12,tutorat,donne_reponse_directe
OBS,302,Renard,Rose,,,,2025-09-16,09:14,participation,repond_si_insiste
OBS,302,Renard,Rose,,,,2025-09-16,09:16,ressources,attend_professeur
OBS,302,Renard,Rose,,,,2025-09-16,09:18,difficulte,observe_camarade
OBS,302,Renard,Rose,,,,2025-09-16,09:20,entree,attend_sans_commencer
OBS,302,Fontaine,Axel,,,,2025-09-16,09:12,tutorat,donne_reponse_directe
OBS,302,Fontaine,Axel,,,,2025-09-16,09:14,participation,repond_si_insiste
OBS,302,Fontaine,Axel,,,,2025-09-16,09:16,difficulte,copie_correction
OBS,302,Fontaine,Axel,,,,2025-09-16,09:18,ressources,attend_correction
OBS,302,Sanchez,Rafael,,,,2025-09-16,09:42,tutorat,refuse_aider
OBS,302,Sanchez,Rafael,,,,2025-09-16,09:44,participation,ne_participe_pas
OBS,302,Sanchez,Rafael,,,,2025-09-16,09:46,entree,ne_demarre_pas
OBS,302,Sanchez,Rafael,,,,2025-09-16,09:48,finalisation,recopie_correction
OBS,302,Sanchez,Rafael,,,,2025-09-16,09:50,ressources,attend_correction
OBS,302,Blanc,Eliott,,,,2025-09-16,09:40,tutorat,aide_si_sollicite
OBS,302,Blanc,Eliott,,,,2025-09-16,09:42,participation,repond_si_sollicite
OBS,302,Blanc,Eliott,,,,2025-09-16,09:44,entree,demarre_relance
OBS,302,Blanc,Eliott,,,,2025-09-16,09:46,attention,distrait_momentanement
OBS,302,Blanc,Eliott,,,,2025-09-16,09:48,ressources,attend_professeur
OBS,302,Mercier,Zoe,,,,2025-09-16,09:41,tutorat,explique_camarade
OBS,302,Mercier,Zoe,,,,2025-09-16,09:43,participation,repond_si_sollicite
OBS,302,Mercier,Zoe,,,,2025-09-16,09:45,difficulte,demande_aide_pertinente
OBS,302,Mercier,Zoe,,,,2025-09-16,09:47,attention,concentre
OBS,302,Aubert,Ines,,,,2025-09-16,09:40,tutorat,donne_reponse_directe
OBS,302,Aubert,Ines,,,,2025-09-16,09:42,participation,repond_si_insiste
OBS,302,Aubert,Ines,,,,2025-09-16,09:44,difficulte,attend_d
OBS,302,Aubert,Ines,,,,2025-09-16,09:46,finalisation,activite_incomplete
OBS,302,Aubert,Ines,,,,2025-09-16,09:48,entree,attend_sans_commencer
OBS,302,Dupont,Victor,,,,2025-09-16,09:06,tutorat,aide_si_sollicite
OBS,302,Dupont,Victor,,,,2025-09-16,09:08,participation,repond_si_sollicite
OBS,302,Dupont,Victor,,,,2025-09-16,09:10,attention,distrait_momentanement
OBS,302,Dupont,Victor,,,,2025-09-16,09:12,entree,attend_sans_commencer
OBS,302,Meunier,Jade,,,,2025-09-16,09:32,tutorat,aide_si_sollicite
OBS,302,Meunier,Jade,,,,2025-09-16,09:34,participation,repond_si_sollicite
OBS,302,Meunier,Jade,,,,2025-09-16,09:36,difficulte,utilise_coup_de_pouce
OBS,302,Meunier,Jade,,,,2025-09-16,09:38,attention,reconcentre_seul
OBS,302,Petit,Louis,,,,2025-09-16,09:27,tutorat,aide_si_sollicite
OBS,302,Petit,Louis,,,,2025-09-16,09:29,participation,repond_si_insiste
OBS,302,Petit,Louis,,,,2025-09-16,09:31,ressources,attend_correction
OBS,302,Petit,Louis,,,,2025-09-16,09:33,entree,demarre_relance
OBS,302,Marchand,Eliott,,,,2025-09-16,09:28,tutorat,donne_reponse_directe
OBS,302,Marchand,Eliott,,,,2025-09-16,09:30,participation,repond_si_sollicite
OBS,302,Marchand,Eliott,,,,2025-09-16,09:32,entree,demarre_relance
OBS,302,Marchand,Eliott,,,,2025-09-16,09:34,difficulte,cherche_seul
OBS,302,Moreau,Louis,,,,2025-09-16,09:25,tutorat,donne_reponse_directe
OBS,302,Moreau,Louis,,,,2025-09-16,09:27,participation,repond_si_insiste
OBS,302,Moreau,Louis,,,,2025-09-16,09:29,ressources,attend_correction
OBS,302,Moreau,Louis,,,,2025-09-16,09:31,finalisation,recopie_correction
OBS,302,Masson,Rayan,,,,2025-09-16,09:04,tutorat,aide_si_sollicite
OBS,302,Masson,Rayan,,,,2025-09-16,09:06,participation,repond_si_sollicite
OBS,302,Masson,Rayan,,,,2025-09-16,09:08,entree,demarre_relance
OBS,302,Masson,Rayan,,,,2025-09-16,09:10,attention,distrait_momentanement
OBS,302,Masson,Rayan,,,,2025-09-16,09:12,ressources,attend_professeur
SESSION,302,demo_302_202509220900,1758524400000,1758527700000
OBS,302,Faure,Simon,,,,2025-09-22,09:45,tutorat,explique_camarade
OBS,302,Faure,Simon,,,,2025-09-22,09:47,participation,participe_spontanement
OBS,302,Faure,Simon,,,,2025-09-22,09:49,difficulte,cherche_seul
OBS,302,Faure,Simon,,,,2025-09-22,09:51,finalisation,verifie_travail
OBS,302,Faure,Simon,,,,2025-09-22,09:53,entree,demarre_immediat
OBS,302,Perrin,Simon,,,,2025-09-22,09:33,tutorat,donne_reponse_directe
OBS,302,Perrin,Simon,,,,2025-09-22,09:35,participation,repond_si_sollicite
OBS,302,Perrin,Simon,,,,2025-09-22,09:37,entree,demarre_relance
OBS,302,Perrin,Simon,,,,2025-09-22,09:39,difficulte,utilise_document_d
OBS,302,Perrin,Simon,,,,2025-09-22,09:41,attention,concentre
OBS,302,Vincent,Lucie,,,,2025-09-22,09:33,tutorat,aide_si_sollicite
OBS,302,Vincent,Lucie,,,,2025-09-22,09:35,participation,repond_si_sollicite
OBS,302,Vincent,Lucie,,,,2025-09-22,09:37,difficulte,utilise_coup_de_pouce
OBS,302,Vincent,Lucie,,,,2025-09-22,09:39,entree,demarre_relance
OBS,302,Fournier,Louise,,,,2025-09-22,09:36,tutorat,refuse_aider
OBS,302,Fournier,Louise,,,,2025-09-22,09:38,participation,ne_participe_pas
OBS,302,Fournier,Louise,,,,2025-09-22,09:40,entree,ne_demarre_pas
OBS,302,Fournier,Louise,,,,2025-09-22,09:42,difficulte,copie_camarade
OBS,302,Muller,Lea,,,,2025-09-22,09:34,tutorat,explique_camarade
OBS,302,Muller,Lea,,,,2025-09-22,09:36,participation,participe_spontanement
OBS,302,Muller,Lea,,,,2025-09-22,09:38,attention,concentre
OBS,302,Muller,Lea,,,,2025-09-22,09:40,entree,demarre_immediat
OBS,302,Muller,Lea,,,,2025-09-22,09:42,finalisation,activite_terminee
OBS,302,Boyer,Iris,,,,2025-09-22,09:26,tutorat,refuse_aider
OBS,302,Boyer,Iris,,,,2025-09-22,09:28,participation,ne_participe_pas
OBS,302,Boyer,Iris,,,,2025-09-22,09:30,attention,revasse
OBS,302,Boyer,Iris,,,,2025-09-22,09:32,finalisation,recopie_correction
OBS,302,Bertrand,Liam,,,,2025-09-22,09:42,tutorat,aide_si_sollicite
OBS,302,Bertrand,Liam,,,,2025-09-22,09:44,participation,repond_si_insiste
OBS,302,Bertrand,Liam,,,,2025-09-22,09:46,ressources,sollicite_immediat
OBS,302,Bertrand,Liam,,,,2025-09-22,09:48,difficulte,observe_camarade
OBS,302,Lambert,Maya,,,,2025-09-22,09:39,tutorat,refuse_aider
OBS,302,Lambert,Maya,,,,2025-09-22,09:41,participation,ne_participe_pas
OBS,302,Lambert,Maya,,,,2025-09-22,09:43,ressources,attend_correction
OBS,302,Lambert,Maya,,,,2025-09-22,09:45,attention,distrait_momentanement
OBS,302,Lambert,Maya,,,,2025-09-22,09:47,finalisation,recopie_correction
OBS,302,Guerin,Lola,,,,2025-09-22,09:26,tutorat,aide_si_sollicite
OBS,302,Guerin,Lola,,,,2025-09-22,09:28,participation,repond_si_sollicite
OBS,302,Guerin,Lola,,,,2025-09-22,09:30,attention,concentre
OBS,302,Guerin,Lola,,,,2025-09-22,09:32,entree,demarre_relance
OBS,302,Guerin,Lola,,,,2025-09-22,09:34,finalisation,passe_autre_activite
OBS,302,Robert,Ines,,,,2025-09-22,09:38,tutorat,refuse_aider
OBS,302,Robert,Ines,,,,2025-09-22,09:40,participation,ne_participe_pas
OBS,302,Robert,Ines,,,,2025-09-22,09:42,attention,revasse
OBS,302,Robert,Ines,,,,2025-09-22,09:44,entree,attend_sans_commencer
OBS,302,Robert,Ines,,,,2025-09-22,09:46,ressources,attend_correction
OBS,302,Fontaine,Axel,,,,2025-09-22,09:31,tutorat,donne_reponse_directe
OBS,302,Fontaine,Axel,,,,2025-09-22,09:33,participation,ne_participe_pas
OBS,302,Fontaine,Axel,,,,2025-09-22,09:35,finalisation,passe_autre_activite
OBS,302,Fontaine,Axel,,,,2025-09-22,09:37,ressources,attend_correction
OBS,302,Sanchez,Rafael,,,,2025-09-22,09:24,tutorat,refuse_aider
OBS,302,Sanchez,Rafael,,,,2025-09-22,09:26,participation,repond_si_insiste
OBS,302,Sanchez,Rafael,,,,2025-09-22,09:28,difficulte,copie_correction
OBS,302,Sanchez,Rafael,,,,2025-09-22,09:30,attention,revasse
OBS,302,Blanc,Eliott,,,,2025-09-22,09:26,tutorat,donne_reponse_directe
OBS,302,Blanc,Eliott,,,,2025-09-22,09:28,participation,repond_si_sollicite
OBS,302,Blanc,Eliott,,,,2025-09-22,09:30,attention,distrait_momentanement
OBS,302,Blanc,Eliott,,,,2025-09-22,09:32,difficulte,cherche_seul
OBS,302,Mercier,Zoe,,,,2025-09-22,09:34,tutorat,aide_si_sollicite
OBS,302,Mercier,Zoe,,,,2025-09-22,09:36,participation,participe_spontanement
OBS,302,Mercier,Zoe,,,,2025-09-22,09:38,attention,concentre
OBS,302,Mercier,Zoe,,,,2025-09-22,09:40,entree,demarre_relance
OBS,302,Mercier,Zoe,,,,2025-09-22,09:42,ressources,attend_professeur
OBS,302,Aubert,Ines,,,,2025-09-22,09:41,tutorat,donne_reponse_directe
OBS,302,Aubert,Ines,,,,2025-09-22,09:43,participation,repond_si_sollicite
OBS,302,Aubert,Ines,,,,2025-09-22,09:45,difficulte,observe_camarade
OBS,302,Aubert,Ines,,,,2025-09-22,09:47,attention,concentre
OBS,302,Aubert,Ines,,,,2025-09-22,09:49,ressources,attend_professeur
OBS,302,Dupont,Victor,,,,2025-09-22,09:15,tutorat,explique_camarade
OBS,302,Dupont,Victor,,,,2025-09-22,09:17,participation,participe_spontanement
OBS,302,Dupont,Victor,,,,2025-09-22,09:19,finalisation,verifie_travail
OBS,302,Dupont,Victor,,,,2025-09-22,09:21,ressources,echange_camarade
OBS,302,Dupont,Victor,,,,2025-09-22,09:23,attention,bavarde_travail
OBS,302,Nicolas,Adam,,,,2025-09-22,09:08,tutorat,donne_reponse_directe
OBS,302,Nicolas,Adam,,,,2025-09-22,09:10,participation,ne_participe_pas
OBS,302,Nicolas,Adam,,,,2025-09-22,09:12,finalisation,activite_incomplete
OBS,302,Nicolas,Adam,,,,2025-09-22,09:14,ressources,attend_professeur
OBS,302,Nicolas,Adam,,,,2025-09-22,09:16,entree,demarre_relance
OBS,302,Laurent,Nina,,,,2025-09-22,09:16,tutorat,aide_si_sollicite
OBS,302,Laurent,Nina,,,,2025-09-22,09:18,participation,repond_si_sollicite
OBS,302,Laurent,Nina,,,,2025-09-22,09:20,ressources,sollicite_immediat
OBS,302,Laurent,Nina,,,,2025-09-22,09:22,attention,concentre
OBS,302,Meunier,Jade,,,,2025-09-22,09:36,tutorat,aide_si_sollicite
OBS,302,Meunier,Jade,,,,2025-09-22,09:38,participation,repond_si_sollicite
OBS,302,Meunier,Jade,,,,2025-09-22,09:40,entree,demarre_relance
OBS,302,Meunier,Jade,,,,2025-09-22,09:42,difficulte,demande_aide_pertinente
OBS,302,Marchand,Eliott,,,,2025-09-22,09:18,tutorat,aide_si_sollicite
OBS,302,Marchand,Eliott,,,,2025-09-22,09:20,participation,repond_si_sollicite
OBS,302,Marchand,Eliott,,,,2025-09-22,09:22,ressources,attend_professeur
OBS,302,Marchand,Eliott,,,,2025-09-22,09:24,finalisation,passe_autre_activite
OBS,302,Marchand,Eliott,,,,2025-09-22,09:26,attention,distrait_momentanement
OBS,302,Moreau,Louis,,,,2025-09-22,09:18,tutorat,refuse_aider
OBS,302,Moreau,Louis,,,,2025-09-22,09:20,participation,ne_participe_pas
OBS,302,Moreau,Louis,,,,2025-09-22,09:22,entree,ne_demarre_pas
OBS,302,Moreau,Louis,,,,2025-09-22,09:24,attention,revasse
OBS,302,Masson,Rayan,,,,2025-09-22,09:04,tutorat,aide_si_sollicite
OBS,302,Masson,Rayan,,,,2025-09-22,09:06,participation,participe_spontanement
OBS,302,Masson,Rayan,,,,2025-09-22,09:08,ressources,sollicite_apres_cherche
OBS,302,Masson,Rayan,,,,2025-09-22,09:10,finalisation,activite_terminee
OBS,302,Chevalier,Gabriel,,,,2025-09-22,09:21,tutorat,explique_camarade
OBS,302,Chevalier,Gabriel,,,,2025-09-22,09:23,participation,repond_si_sollicite
OBS,302,Chevalier,Gabriel,,,,2025-09-22,09:25,ressources,sollicite_apres_cherche
OBS,302,Chevalier,Gabriel,,,,2025-09-22,09:27,finalisation,passe_autre_activite
OBS,302,Chevalier,Gabriel,,,,2025-09-22,09:29,difficulte,observe_camarade
SESSION,302,demo_302_202509250900,1758783600000,1758786900000
OBS,302,Faure,Simon,,,,2025-09-25,09:47,tutorat,explique_camarade
OBS,302,Faure,Simon,,,,2025-09-25,09:49,participation,participe_spontanement
OBS,302,Faure,Simon,,,,2025-09-25,09:51,entree,demarre_immediat
OBS,302,Faure,Simon,,,,2025-09-25,09:53,finalisation,verifie_travail
OBS,302,Perrin,Simon,,,,2025-09-25,09:32,tutorat,aide_si_sollicite
OBS,302,Perrin,Simon,,,,2025-09-25,09:34,participation,repond_si_sollicite
OBS,302,Perrin,Simon,,,,2025-09-25,09:36,difficulte,observe_camarade
OBS,302,Perrin,Simon,,,,2025-09-25,09:38,ressources,utilise_aides_activite
OBS,302,Vincent,Lucie,,,,2025-09-25,09:38,tutorat,aide_si_sollicite
OBS,302,Vincent,Lucie,,,,2025-09-25,09:40,participation,repond_si_sollicite
OBS,302,Vincent,Lucie,,,,2025-09-25,09:42,attention,distrait_momentanement
OBS,302,Vincent,Lucie,,,,2025-09-25,09:44,ressources,utilise_aides_activite
OBS,302,Vincent,Lucie,,,,2025-09-25,09:46,finalisation,activite_terminee
OBS,302,Muller,Lea,,,,2025-09-25,09:36,tutorat,explique_camarade
OBS,302,Muller,Lea,,,,2025-09-25,09:38,participation,participe_spontanement
OBS,302,Muller,Lea,,,,2025-09-25,09:40,entree,demarre_immediat
OBS,302,Muller,Lea,,,,2025-09-25,09:42,finalisation,corrige_erreur
OBS,302,Bertrand,Liam,,,,2025-09-25,09:20,tutorat,aide_si_sollicite
OBS,302,Bertrand,Liam,,,,2025-09-25,09:22,participation,repond_si_insiste
OBS,302,Bertrand,Liam,,,,2025-09-25,09:24,entree,attend_sans_commencer
OBS,302,Bertrand,Liam,,,,2025-09-25,09:26,finalisation,activite_incomplete
OBS,302,Guerin,Lola,,,,2025-09-25,09:06,tutorat,aide_si_sollicite
OBS,302,Guerin,Lola,,,,2025-09-25,09:08,participation,repond_si_insiste
OBS,302,Guerin,Lola,,,,2025-09-25,09:10,attention,concentre
OBS,302,Guerin,Lola,,,,2025-09-25,09:12,ressources,sollicite_apres_cherche
OBS,302,Guerin,Lola,,,,2025-09-25,09:14,finalisation,passe_autre_activite
OBS,302,Renard,Rose,,,,2025-09-25,09:28,tutorat,aide_si_sollicite
OBS,302,Renard,Rose,,,,2025-09-25,09:30,participation,repond_si_sollicite
OBS,302,Renard,Rose,,,,2025-09-25,09:32,finalisation,passe_autre_activite
OBS,302,Renard,Rose,,,,2025-09-25,09:34,difficulte,attend_d
OBS,302,Renard,Rose,,,,2025-09-25,09:36,entree,attend_sans_commencer
OBS,302,Robert,Ines,,,,2025-09-25,09:15,tutorat,donne_reponse_directe
OBS,302,Robert,Ines,,,,2025-09-25,09:17,participation,ne_participe_pas
OBS,302,Robert,Ines,,,,2025-09-25,09:19,difficulte,observe_camarade
OBS,302,Robert,Ines,,,,2025-09-25,09:21,finalisation,passe_autre_activite
OBS,302,Fontaine,Axel,,,,2025-09-25,09:14,tutorat,donne_reponse_directe
OBS,302,Fontaine,Axel,,,,2025-09-25,09:16,participation,repond_si_insiste
OBS,302,Fontaine,Axel,,,,2025-09-25,09:18,attention,bavarde_hors_sujet
OBS,302,Fontaine,Axel,,,,2025-09-25,09:20,ressources,attend_professeur
OBS,302,Fontaine,Axel,,,,2025-09-25,09:22,difficulte,copie_camarade
OBS,302,Sanchez,Rafael,,,,2025-09-25,09:25,tutorat,donne_reponse_directe
OBS,302,Sanchez,Rafael,,,,2025-09-25,09:27,participation,repond_si_insiste
OBS,302,Sanchez,Rafael,,,,2025-09-25,09:29,ressources,attend_correction
OBS,302,Sanchez,Rafael,,,,2025-09-25,09:31,finalisation,recopie_correction
OBS,302,Blanc,Eliott,,,,2025-09-25,09:08,tutorat,aide_si_sollicite
OBS,302,Blanc,Eliott,,,,2025-09-25,09:10,participation,repond_si_sollicite
OBS,302,Blanc,Eliott,,,,2025-09-25,09:12,ressources,sollicite_immediat
OBS,302,Blanc,Eliott,,,,2025-09-25,09:14,attention,bavarde_travail
OBS,302,Mercier,Zoe,,,,2025-09-25,09:01,tutorat,aide_si_sollicite
OBS,302,Mercier,Zoe,,,,2025-09-25,09:03,participation,participe_spontanement
OBS,302,Mercier,Zoe,,,,2025-09-25,09:05,attention,concentre
OBS,302,Mercier,Zoe,,,,2025-09-25,09:07,finalisation,corrige_erreur
OBS,302,Mercier,Zoe,,,,2025-09-25,09:09,ressources,utilise_document_r
OBS,302,Dupont,Victor,,,,2025-09-25,09:39,tutorat,aide_si_sollicite
OBS,302,Dupont,Victor,,,,2025-09-25,09:41,participation,repond_si_sollicite
OBS,302,Dupont,Victor,,,,2025-09-25,09:43,entree,attend_sans_commencer
OBS,302,Dupont,Victor,,,,2025-09-25,09:45,difficulte,attend_d
OBS,302,Girard,Lina,,,,2025-09-25,09:39,tutorat,donne_reponse_directe
OBS,302,Girard,Lina,,,,2025-09-25,09:41,participation,repond_si_sollicite
OBS,302,Girard,Lina,,,,2025-09-25,09:43,entree,demarre_relance
OBS,302,Girard,Lina,,,,2025-09-25,09:45,attention,bavarde_travail
OBS,302,Girard,Lina,,,,2025-09-25,09:47,ressources,utilise_document_r
OBS,302,Laurent,Nina,,,,2025-09-25,09:31,tutorat,donne_reponse_directe
OBS,302,Laurent,Nina,,,,2025-09-25,09:33,participation,repond_si_sollicite
OBS,302,Laurent,Nina,,,,2025-09-25,09:35,ressources,sollicite_immediat
OBS,302,Laurent,Nina,,,,2025-09-25,09:37,attention,bavarde_travail
OBS,302,Meunier,Jade,,,,2025-09-25,09:10,tutorat,explique_camarade
OBS,302,Meunier,Jade,,,,2025-09-25,09:12,participation,participe_spontanement
OBS,302,Meunier,Jade,,,,2025-09-25,09:14,attention,reconcentre_seul
OBS,302,Meunier,Jade,,,,2025-09-25,09:16,entree,demarre_relance
OBS,302,Meunier,Jade,,,,2025-09-25,09:18,difficulte,demande_aide_pertinente
OBS,302,Petit,Louis,,,,2025-09-25,09:27,tutorat,aide_si_sollicite
OBS,302,Petit,Louis,,,,2025-09-25,09:29,participation,repond_si_sollicite
OBS,302,Petit,Louis,,,,2025-09-25,09:31,attention,distrait_momentanement
OBS,302,Marchand,Eliott,,,,2025-09-25,09:13,tutorat,aide_si_sollicite
OBS,302,Marchand,Eliott,,,,2025-09-25,09:15,participation,repond_si_insiste
OBS,302,Marchand,Eliott,,,,2025-09-25,09:17,attention,concentre
OBS,302,Marchand,Eliott,,,,2025-09-25,09:19,ressources,sollicite_immediat
OBS,302,Marchand,Eliott,,,,2025-09-25,09:21,finalisation,verifie_travail
OBS,302,Moreau,Louis,,,,2025-09-25,09:25,tutorat,refuse_aider
OBS,302,Moreau,Louis,,,,2025-09-25,09:27,participation,ne_participe_pas
OBS,302,Moreau,Louis,,,,2025-09-25,09:29,difficulte,copie_camarade
OBS,302,Moreau,Louis,,,,2025-09-25,09:31,finalisation,recopie_correction
OBS,302,Masson,Rayan,,,,2025-09-25,09:11,tutorat,aide_si_sollicite
OBS,302,Masson,Rayan,,,,2025-09-25,09:13,participation,participe_spontanement
OBS,302,Masson,Rayan,,,,2025-09-25,09:15,ressources,sollicite_apres_cherche
OBS,302,Masson,Rayan,,,,2025-09-25,09:17,attention,reconcentre_seul
OBS,302,Chevalier,Gabriel,,,,2025-09-25,09:10,tutorat,aide_si_sollicite
OBS,302,Chevalier,Gabriel,,,,2025-09-25,09:12,participation,participe_spontanement
OBS,302,Chevalier,Gabriel,,,,2025-09-25,09:14,finalisation,corrige_erreur
OBS,302,Chevalier,Gabriel,,,,2025-09-25,09:16,attention,concentre
OBS,302,Chevalier,Gabriel,,,,2025-09-25,09:18,ressources,sollicite_immediat
SESSION,302,demo_302_202510010900,1759302000000,1759305300000
OBS,302,Faure,Simon,,,,2025-10-01,09:07,tutorat,aide_si_sollicite
OBS,302,Faure,Simon,,,,2025-10-01,09:09,participation,repond_si_sollicite
OBS,302,Faure,Simon,,,,2025-10-01,09:11,ressources,echange_camarade
OBS,302,Faure,Simon,,,,2025-10-01,09:13,finalisation,activite_incomplete
OBS,302,Faure,Simon,,,,2025-10-01,09:15,entree,demarre_relance
OBS,302,Perrin,Simon,,,,2025-10-01,09:08,tutorat,aide_si_sollicite
OBS,302,Perrin,Simon,,,,2025-10-01,09:10,participation,repond_si_sollicite
OBS,302,Perrin,Simon,,,,2025-10-01,09:12,finalisation,activite_incomplete
OBS,302,Perrin,Simon,,,,2025-10-01,09:14,entree,demarre_relance
OBS,302,Perrin,Simon,,,,2025-10-01,09:16,ressources,attend_professeur
OBS,302,Gauthier,Adam,,,,2025-10-01,09:09,tutorat,aide_si_sollicite
OBS,302,Gauthier,Adam,,,,2025-10-01,09:11,participation,repond_si_sollicite
OBS,302,Gauthier,Adam,,,,2025-10-01,09:13,difficulte,utilise_document_d
OBS,302,Gauthier,Adam,,,,2025-10-01,09:15,ressources,echange_camarade
OBS,302,Rousseau,Jade,,,,2025-10-01,09:37,tutorat,donne_reponse_directe
OBS,302,Rousseau,Jade,,,,2025-10-01,09:39,participation,ne_participe_pas
OBS,302,Rousseau,Jade,,,,2025-10-01,09:41,finalisation,recopie_correction
OBS,302,Rousseau,Jade,,,,2025-10-01,09:43,ressources,attend_professeur
OBS,302,Vincent,Lucie,,,,2025-10-01,09:35,tutorat,explique_camarade
OBS,302,Vincent,Lucie,,,,2025-10-01,09:37,participation,repond_si_insiste
OBS,302,Vincent,Lucie,,,,2025-10-01,09:39,attention,concentre
OBS,302,Vincent,Lucie,,,,2025-10-01,09:41,entree,demarre_relance
OBS,302,Fournier,Louise,,,,2025-10-01,09:35,tutorat,donne_reponse_directe
OBS,302,Fournier,Louise,,,,2025-10-01,09:37,participation,repond_si_sollicite
OBS,302,Fournier,Louise,,,,2025-10-01,09:39,difficulte,attend_d
OBS,302,Fournier,Louise,,,,2025-10-01,09:41,entree,attend_sans_commencer
OBS,302,Muller,Lea,,,,2025-10-01,09:22,tutorat,aide_si_sollicite
OBS,302,Muller,Lea,,,,2025-10-01,09:24,participation,participe_spontanement
OBS,302,Muller,Lea,,,,2025-10-01,09:26,entree,demarre_immediat
OBS,302,Muller,Lea,,,,2025-10-01,09:28,attention,concentre
OBS,302,Morel,Manon,,,,2025-10-01,09:03,tutorat,aide_si_sollicite
OBS,302,Morel,Manon,,,,2025-10-01,09:05,participation,repond_si_insiste
OBS,302,Morel,Manon,,,,2025-10-01,09:07,ressources,attend_professeur
OBS,302,Morel,Manon,,,,2025-10-01,09:09,attention,bavarde_travail
OBS,302,Morel,Manon,,,,2025-10-01,09:11,difficulte,copie_camarade
OBS,302,Bertrand,Liam,,,,2025-10-01,09:31,tutorat,aide_si_sollicite
OBS,302,Bertrand,Liam,,,,2025-10-01,09:33,participation,repond_si_insiste
OBS,302,Bertrand,Liam,,,,2025-10-01,09:35,attention,bavarde_travail
OBS,302,Bertrand,Liam,,,,2025-10-01,09:37,entree,attend_sans_commencer
OBS,302,Bertrand,Liam,,,,2025-10-01,09:39,finalisation,activite_terminee
OBS,302,Guerin,Lola,,,,2025-10-01,09:23,tutorat,donne_reponse_directe
OBS,302,Guerin,Lola,,,,2025-10-01,09:25,participation,repond_si_insiste
OBS,302,Guerin,Lola,,,,2025-10-01,09:27,attention,distrait_momentanement
OBS,302,Guerin,Lola,,,,2025-10-01,09:29,entree,attend_sans_commencer
OBS,302,Guerin,Lola,,,,2025-10-01,09:31,difficulte,attend_d
OBS,302,Renard,Rose,,,,2025-10-01,09:33,tutorat,donne_reponse_directe
OBS,302,Renard,Rose,,,,2025-10-01,09:35,participation,repond_si_insiste
OBS,302,Renard,Rose,,,,2025-10-01,09:37,entree,demarre_relance
OBS,302,Renard,Rose,,,,2025-10-01,09:39,finalisation,verifie_travail
OBS,302,Renard,Rose,,,,2025-10-01,09:41,attention,distrait_momentanement
OBS,302,Robert,Ines,,,,2025-10-01,09:37,tutorat,refuse_aider
OBS,302,Robert,Ines,,,,2025-10-01,09:39,participation,ne_participe_pas
OBS,302,Robert,Ines,,,,2025-10-01,09:41,difficulte,copie_camarade
OBS,302,Robert,Ines,,,,2025-10-01,09:43,finalisation,recopie_correction
OBS,302,Fontaine,Axel,,,,2025-10-01,09:30,tutorat,refuse_aider
OBS,302,Fontaine,Axel,,,,2025-10-01,09:32,participation,ne_participe_pas
OBS,302,Fontaine,Axel,,,,2025-10-01,09:34,finalisation,recopie_correction
OBS,302,Fontaine,Axel,,,,2025-10-01,09:36,ressources,attend_correction
OBS,302,Fontaine,Axel,,,,2025-10-01,09:38,difficulte,copie_correction
OBS,302,Sanchez,Rafael,,,,2025-10-01,09:31,tutorat,refuse_aider
OBS,302,Sanchez,Rafael,,,,2025-10-01,09:33,participation,ne_participe_pas
OBS,302,Sanchez,Rafael,,,,2025-10-01,09:35,ressources,attend_correction
OBS,302,Sanchez,Rafael,,,,2025-10-01,09:37,finalisation,recopie_correction
OBS,302,Blanc,Eliott,,,,2025-10-01,09:24,tutorat,aide_si_sollicite
OBS,302,Blanc,Eliott,,,,2025-10-01,09:26,participation,participe_spontanement
OBS,302,Blanc,Eliott,,,,2025-10-01,09:28,finalisation,corrige_erreur
OBS,302,Blanc,Eliott,,,,2025-10-01,09:30,attention,concentre
OBS,302,Blanc,Eliott,,,,2025-10-01,09:32,entree,demarre_relance
OBS,302,Dubois,Nathan,,,,2025-10-01,09:29,tutorat,explique_camarade
OBS,302,Dubois,Nathan,,,,2025-10-01,09:31,participation,repond_si_sollicite
OBS,302,Dubois,Nathan,,,,2025-10-01,09:33,difficulte,utilise_coup_de_pouce
OBS,302,Dubois,Nathan,,,,2025-10-01,09:35,finalisation,activite_incomplete
OBS,302,Mercier,Zoe,,,,2025-10-01,09:21,tutorat,aide_si_sollicite
OBS,302,Mercier,Zoe,,,,2025-10-01,09:23,participation,repond_si_sollicite
OBS,302,Mercier,Zoe,,,,2025-10-01,09:25,attention,concentre
OBS,302,Mercier,Zoe,,,,2025-10-01,09:27,entree,demarre_relance
OBS,302,Aubert,Ines,,,,2025-10-01,09:04,tutorat,aide_si_sollicite
OBS,302,Aubert,Ines,,,,2025-10-01,09:06,participation,repond_si_insiste
OBS,302,Aubert,Ines,,,,2025-10-01,09:08,difficulte,attend_d
OBS,302,Aubert,Ines,,,,2025-10-01,09:10,finalisation,passe_autre_activite
OBS,302,Aubert,Ines,,,,2025-10-01,09:12,entree,attend_sans_commencer
OBS,302,Dupont,Victor,,,,2025-10-01,09:35,tutorat,aide_si_sollicite
OBS,302,Dupont,Victor,,,,2025-10-01,09:37,participation,repond_si_sollicite
OBS,302,Dupont,Victor,,,,2025-10-01,09:39,ressources,sollicite_immediat
OBS,302,Dupont,Victor,,,,2025-10-01,09:41,attention,reconcentre_seul
OBS,302,Nicolas,Adam,,,,2025-10-01,09:39,tutorat,aide_si_sollicite
OBS,302,Nicolas,Adam,,,,2025-10-01,09:41,participation,repond_si_sollicite
OBS,302,Nicolas,Adam,,,,2025-10-01,09:43,ressources,sollicite_immediat
OBS,302,Nicolas,Adam,,,,2025-10-01,09:45,finalisation,activite_incomplete
OBS,302,Girard,Lina,,,,2025-10-01,09:48,tutorat,aide_si_sollicite
OBS,302,Girard,Lina,,,,2025-10-01,09:50,participation,repond_si_sollicite
OBS,302,Girard,Lina,,,,2025-10-01,09:52,finalisation,passe_autre_activite
OBS,302,Girard,Lina,,,,2025-10-01,09:53,ressources,attend_professeur
OBS,302,Laurent,Nina,,,,2025-10-01,09:12,tutorat,aide_si_sollicite
OBS,302,Laurent,Nina,,,,2025-10-01,09:14,participation,participe_spontanement
OBS,302,Laurent,Nina,,,,2025-10-01,09:16,difficulte,attend_d
OBS,302,Laurent,Nina,,,,2025-10-01,09:18,entree,attend_sans_commencer
OBS,302,Moreau,Louis,,,,2025-10-01,09:17,tutorat,donne_reponse_directe
OBS,302,Moreau,Louis,,,,2025-10-01,09:19,participation,repond_si_insiste
OBS,302,Moreau,Louis,,,,2025-10-01,09:21,entree,ne_demarre_pas
OBS,302,Moreau,Louis,,,,2025-10-01,09:23,ressources,attend_correction
OBS,302,Masson,Rayan,,,,2025-10-01,09:37,tutorat,aide_si_sollicite
OBS,302,Masson,Rayan,,,,2025-10-01,09:39,participation,participe_spontanement
OBS,302,Masson,Rayan,,,,2025-10-01,09:41,difficulte,utilise_coup_de_pouce
OBS,302,Masson,Rayan,,,,2025-10-01,09:43,attention,concentre
OBS,302,Masson,Rayan,,,,2025-10-01,09:45,ressources,utilise_document_r
OBS,302,Chevalier,Gabriel,,,,2025-10-01,09:31,tutorat,aide_si_sollicite
OBS,302,Chevalier,Gabriel,,,,2025-10-01,09:33,participation,participe_spontanement
OBS,302,Chevalier,Gabriel,,,,2025-10-01,09:35,attention,reconcentre_seul
OBS,302,Chevalier,Gabriel,,,,2025-10-01,09:37,finalisation,corrige_erreur
SESSION,302,demo_302_202510060900,1759734000000,1759737300000
OBS,302,Perrin,Simon,,,,2025-10-06,09:11,tutorat,aide_si_sollicite
OBS,302,Perrin,Simon,,,,2025-10-06,09:13,participation,repond_si_sollicite
OBS,302,Perrin,Simon,,,,2025-10-06,09:15,ressources,sollicite_immediat
OBS,302,Perrin,Simon,,,,2025-10-06,09:17,difficulte,attend_d
OBS,302,Perrin,Simon,,,,2025-10-06,09:19,entree,attend_sans_commencer
OBS,302,Gauthier,Adam,,,,2025-10-06,09:44,tutorat,aide_si_sollicite
OBS,302,Gauthier,Adam,,,,2025-10-06,09:46,participation,repond_si_sollicite
OBS,302,Gauthier,Adam,,,,2025-10-06,09:48,entree,demarre_immediat
OBS,302,Gauthier,Adam,,,,2025-10-06,09:50,difficulte,cherche_seul
OBS,302,Vincent,Lucie,,,,2025-10-06,09:25,tutorat,donne_reponse_directe
OBS,302,Vincent,Lucie,,,,2025-10-06,09:27,participation,ne_participe_pas
OBS,302,Vincent,Lucie,,,,2025-10-06,09:29,entree,attend_sans_commencer
OBS,302,Vincent,Lucie,,,,2025-10-06,09:31,difficulte,attend_d
OBS,302,Fournier,Louise,,,,2025-10-06,09:34,tutorat,refuse_aider
OBS,302,Fournier,Louise,,,,2025-10-06,09:36,participation,repond_si_insiste
OBS,302,Fournier,Louise,,,,2025-10-06,09:38,finalisation,activite_incomplete
OBS,302,Fournier,Louise,,,,2025-10-06,09:40,difficulte,observe_camarade
OBS,302,Fournier,Louise,,,,2025-10-06,09:42,attention,distrait_momentanement
OBS,302,Muller,Lea,,,,2025-10-06,09:17,tutorat,aide_si_sollicite
OBS,302,Muller,Lea,,,,2025-10-06,09:19,participation,participe_spontanement
OBS,302,Muller,Lea,,,,2025-10-06,09:21,ressources,echange_camarade
OBS,302,Muller,Lea,,,,2025-10-06,09:23,finalisation,activite_terminee
OBS,302,Boyer,Iris,,,,2025-10-06,09:44,tutorat,donne_reponse_directe
OBS,302,Boyer,Iris,,,,2025-10-06,09:46,participation,repond_si_insiste
OBS,302,Boyer,Iris,,,,2025-10-06,09:48,attention,bavarde_travail
OBS,302,Boyer,Iris,,,,2025-10-06,09:50,difficulte,observe_camarade
OBS,302,Bertrand,Liam,,,,2025-10-06,09:11,tutorat,aide_si_sollicite
OBS,302,Bertrand,Liam,,,,2025-10-06,09:13,participation,repond_si_sollicite
OBS,302,Bertrand,Liam,,,,2025-10-06,09:15,attention,reconcentre_seul
OBS,302,Bertrand,Liam,,,,2025-10-06,09:17,difficulte,cherche_seul
OBS,302,Guerin,Lola,,,,2025-10-06,09:36,tutorat,donne_reponse_directe
OBS,302,Guerin,Lola,,,,2025-10-06,09:38,participation,repond_si_sollicite
OBS,302,Guerin,Lola,,,,2025-10-06,09:40,finalisation,passe_autre_activite
OBS,302,Guerin,Lola,,,,2025-10-06,09:42,ressources,sollicite_immediat
OBS,302,Guerin,Lola,,,,2025-10-06,09:44,difficulte,attend_d
OBS,302,Robert,Ines,,,,2025-10-06,09:32,tutorat,donne_reponse_directe
OBS,302,Robert,Ines,,,,2025-10-06,09:34,participation,ne_participe_pas
OBS,302,Robert,Ines,,,,2025-10-06,09:36,difficulte,attend_d
OBS,302,Robert,Ines,,,,2025-10-06,09:38,ressources,sollicite_immediat
OBS,302,Fontaine,Axel,,,,2025-10-06,09:48,tutorat,donne_reponse_directe
OBS,302,Fontaine,Axel,,,,2025-10-06,09:50,participation,repond_si_insiste
OBS,302,Fontaine,Axel,,,,2025-10-06,09:52,ressources,sollicite_immediat
OBS,302,Fontaine,Axel,,,,2025-10-06,09:53,entree,attend_sans_commencer
OBS,302,Fontaine,Axel,,,,2025-10-06,09:53,attention,bavarde_travail
OBS,302,Sanchez,Rafael,,,,2025-10-06,09:07,tutorat,refuse_aider
OBS,302,Sanchez,Rafael,,,,2025-10-06,09:09,participation,repond_si_insiste
OBS,302,Sanchez,Rafael,,,,2025-10-06,09:11,ressources,attend_correction
OBS,302,Sanchez,Rafael,,,,2025-10-06,09:13,finalisation,recopie_correction
OBS,302,Blanc,Eliott,,,,2025-10-06,09:10,tutorat,aide_si_sollicite
OBS,302,Blanc,Eliott,,,,2025-10-06,09:12,participation,repond_si_sollicite
OBS,302,Blanc,Eliott,,,,2025-10-06,09:14,attention,bavarde_travail
OBS,302,Blanc,Eliott,,,,2025-10-06,09:16,difficulte,observe_camarade
OBS,302,Aubert,Ines,,,,2025-10-06,09:42,tutorat,aide_si_sollicite
OBS,302,Aubert,Ines,,,,2025-10-06,09:44,participation,repond_si_sollicite
OBS,302,Aubert,Ines,,,,2025-10-06,09:46,attention,bavarde_travail
OBS,302,Aubert,Ines,,,,2025-10-06,09:48,entree,demarre_relance
OBS,302,Dupont,Victor,,,,2025-10-06,09:23,tutorat,aide_si_sollicite
OBS,302,Dupont,Victor,,,,2025-10-06,09:25,participation,repond_si_sollicite
OBS,302,Dupont,Victor,,,,2025-10-06,09:27,entree,demarre_relance
OBS,302,Dupont,Victor,,,,2025-10-06,09:29,ressources,echange_camarade
OBS,302,Dupont,Victor,,,,2025-10-06,09:31,finalisation,activite_terminee
OBS,302,Nicolas,Adam,,,,2025-10-06,09:20,tutorat,aide_si_sollicite
OBS,302,Nicolas,Adam,,,,2025-10-06,09:22,participation,participe_spontanement
OBS,302,Nicolas,Adam,,,,2025-10-06,09:24,difficulte,attend_d
OBS,302,Nicolas,Adam,,,,2025-10-06,09:26,finalisation,corrige_erreur
OBS,302,Nicolas,Adam,,,,2025-10-06,09:28,attention,concentre
OBS,302,Girard,Lina,,,,2025-10-06,09:20,tutorat,aide_si_sollicite
OBS,302,Girard,Lina,,,,2025-10-06,09:22,participation,participe_spontanement
OBS,302,Girard,Lina,,,,2025-10-06,09:24,attention,reconcentre_seul
OBS,302,Girard,Lina,,,,2025-10-06,09:26,difficulte,utilise_document_d
OBS,302,Laurent,Nina,,,,2025-10-06,09:39,tutorat,aide_si_sollicite
OBS,302,Laurent,Nina,,,,2025-10-06,09:41,participation,repond_si_sollicite
OBS,302,Laurent,Nina,,,,2025-10-06,09:43,ressources,sollicite_immediat
OBS,302,Laurent,Nina,,,,2025-10-06,09:45,difficulte,utilise_coup_de_pouce
OBS,302,Meunier,Jade,,,,2025-10-06,09:36,tutorat,aide_si_sollicite
OBS,302,Meunier,Jade,,,,2025-10-06,09:38,participation,repond_si_sollicite
OBS,302,Meunier,Jade,,,,2025-10-06,09:40,difficulte,utilise_coup_de_pouce
OBS,302,Meunier,Jade,,,,2025-10-06,09:42,attention,reconcentre_seul
OBS,302,Petit,Louis,,,,2025-10-06,09:20,tutorat,donne_reponse_directe
OBS,302,Petit,Louis,,,,2025-10-06,09:22,participation,repond_si_insiste
OBS,302,Petit,Louis,,,,2025-10-06,09:24,attention,distrait_momentanement
OBS,302,Marchand,Eliott,,,,2025-10-06,09:38,tutorat,aide_si_sollicite
OBS,302,Marchand,Eliott,,,,2025-10-06,09:40,participation,repond_si_sollicite
OBS,302,Marchand,Eliott,,,,2025-10-06,09:42,difficulte,utilise_document_d
OBS,302,Marchand,Eliott,,,,2025-10-06,09:44,entree,demarre_relance
OBS,302,Moreau,Louis,,,,2025-10-06,09:44,tutorat,donne_reponse_directe
OBS,302,Moreau,Louis,,,,2025-10-06,09:46,participation,repond_si_insiste
OBS,302,Moreau,Louis,,,,2025-10-06,09:48,entree,attend_sans_commencer
OBS,302,Moreau,Louis,,,,2025-10-06,09:50,finalisation,passe_autre_activite
OBS,302,Moreau,Louis,,,,2025-10-06,09:52,attention,distrait_momentanement
OBS,302,Masson,Rayan,,,,2025-10-06,09:43,tutorat,aide_si_sollicite
OBS,302,Masson,Rayan,,,,2025-10-06,09:45,participation,repond_si_sollicite
OBS,302,Masson,Rayan,,,,2025-10-06,09:47,attention,concentre
OBS,302,Masson,Rayan,,,,2025-10-06,09:49,difficulte,observe_camarade
SESSION,302,demo_302_202510090900,1759993200000,1759996500000
OBS,302,Faure,Simon,,,,2025-10-09,09:41,tutorat,aide_si_sollicite
OBS,302,Faure,Simon,,,,2025-10-09,09:43,participation,participe_spontanement
OBS,302,Faure,Simon,,,,2025-10-09,09:45,ressources,attend_professeur
OBS,302,Faure,Simon,,,,2025-10-09,09:47,difficulte,utilise_coup_de_pouce
OBS,302,Gauthier,Adam,,,,2025-10-09,09:33,tutorat,donne_reponse_directe
OBS,302,Gauthier,Adam,,,,2025-10-09,09:35,participation,repond_si_insiste
OBS,302,Gauthier,Adam,,,,2025-10-09,09:37,attention,bavarde_travail
OBS,302,Gauthier,Adam,,,,2025-10-09,09:39,ressources,echange_camarade
OBS,302,Gauthier,Adam,,,,2025-10-09,09:41,finalisation,activite_incomplete
OBS,302,Vincent,Lucie,,,,2025-10-09,09:35,tutorat,donne_reponse_directe
OBS,302,Vincent,Lucie,,,,2025-10-09,09:37,participation,repond_si_insiste
OBS,302,Vincent,Lucie,,,,2025-10-09,09:39,finalisation,passe_autre_activite
OBS,302,Vincent,Lucie,,,,2025-10-09,09:41,difficulte,observe_camarade
OBS,302,Fournier,Louise,,,,2025-10-09,09:16,tutorat,refuse_aider
OBS,302,Fournier,Louise,,,,2025-10-09,09:18,participation,ne_participe_pas
OBS,302,Fournier,Louise,,,,2025-10-09,09:20,finalisation,recopie_correction
OBS,302,Fournier,Louise,,,,2025-10-09,09:22,difficulte,attend_d
OBS,302,Fournier,Louise,,,,2025-10-09,09:24,ressources,attend_correction
OBS,302,Muller,Lea,,,,2025-10-09,09:19,tutorat,explique_camarade
OBS,302,Muller,Lea,,,,2025-10-09,09:21,participation,participe_spontanement
OBS,302,Muller,Lea,,,,2025-10-09,09:23,finalisation,activite_terminee
OBS,302,Muller,Lea,,,,2025-10-09,09:25,entree,demarre_immediat
OBS,302,Muller,Lea,,,,2025-10-09,09:27,ressources,echange_camarade
OBS,302,Boyer,Iris,,,,2025-10-09,09:40,tutorat,donne_reponse_directe
OBS,302,Boyer,Iris,,,,2025-10-09,09:42,participation,repond_si_insiste
OBS,302,Boyer,Iris,,,,2025-10-09,09:44,finalisation,activite_incomplete
OBS,302,Boyer,Iris,,,,2025-10-09,09:46,attention,revasse
OBS,302,Morel,Manon,,,,2025-10-09,09:13,tutorat,aide_si_sollicite
OBS,302,Morel,Manon,,,,2025-10-09,09:15,participation,repond_si_insiste
OBS,302,Morel,Manon,,,,2025-10-09,09:17,difficulte,attend_d
OBS,302,Morel,Manon,,,,2025-10-09,09:19,entree,attend_sans_commencer
OBS,302,Morel,Manon,,,,2025-10-09,09:21,ressources,sollicite_immediat
OBS,302,Bertrand,Liam,,,,2025-10-09,09:02,tutorat,aide_si_sollicite
OBS,302,Bertrand,Liam,,,,2025-10-09,09:04,participation,repond_si_sollicite
OBS,302,Bertrand,Liam,,,,2025-10-09,09:06,attention,distrait_momentanement
OBS,302,Bertrand,Liam,,,,2025-10-09,09:08,ressources,sollicite_immediat
OBS,302,Bertrand,Liam,,,,2025-10-09,09:10,entree,demarre_relance
OBS,302,Lambert,Maya,,,,2025-10-09,09:36,tutorat,donne_reponse_directe
OBS,302,Lambert,Maya,,,,2025-10-09,09:38,participation,ne_participe_pas
OBS,302,Lambert,Maya,,,,2025-10-09,09:40,difficulte,attend_d
OBS,302,Lambert,Maya,,,,2025-10-09,09:42,finalisation,activite_incomplete
OBS,302,Guerin,Lola,,,,2025-10-09,09:22,tutorat,aide_si_sollicite
OBS,302,Guerin,Lola,,,,2025-10-09,09:24,participation,repond_si_sollicite
OBS,302,Guerin,Lola,,,,2025-10-09,09:26,finalisation,passe_autre_activite
OBS,302,Guerin,Lola,,,,2025-10-09,09:28,ressources,sollicite_apres_cherche
OBS,302,Robert,Ines,,,,2025-10-09,09:14,tutorat,refuse_aider
OBS,302,Robert,Ines,,,,2025-10-09,09:16,participation,repond_si_insiste
OBS,302,Robert,Ines,,,,2025-10-09,09:18,attention,bavarde_hors_sujet
OBS,302,Robert,Ines,,,,2025-10-09,09:20,ressources,attend_professeur
OBS,302,Sanchez,Rafael,,,,2025-10-09,09:34,tutorat,donne_reponse_directe
OBS,302,Sanchez,Rafael,,,,2025-10-09,09:36,participation,ne_participe_pas
OBS,302,Sanchez,Rafael,,,,2025-10-09,09:38,difficulte,copie_camarade
OBS,302,Sanchez,Rafael,,,,2025-10-09,09:40,entree,attend_sans_commencer
OBS,302,Dubois,Nathan,,,,2025-10-09,09:27,tutorat,refuse_aider
OBS,302,Dubois,Nathan,,,,2025-10-09,09:29,participation,repond_si_insiste
OBS,302,Dubois,Nathan,,,,2025-10-09,09:31,finalisation,recopie_correction
OBS,302,Aubert,Ines,,,,2025-10-09,09:37,tutorat,aide_si_sollicite
OBS,302,Aubert,Ines,,,,2025-10-09,09:39,participation,repond_si_insiste
OBS,302,Aubert,Ines,,,,2025-10-09,09:41,ressources,attend_professeur
OBS,302,Aubert,Ines,,,,2025-10-09,09:43,attention,concentre
OBS,302,Dupont,Victor,,,,2025-10-09,09:01,tutorat,explique_camarade
OBS,302,Dupont,Victor,,,,2025-10-09,09:03,participation,repond_si_sollicite
OBS,302,Dupont,Victor,,,,2025-10-09,09:05,ressources,attend_professeur
OBS,302,Dupont,Victor,,,,2025-10-09,09:07,entree,demarre_relance
OBS,302,Dupont,Victor,,,,2025-10-09,09:09,attention,concentre
OBS,302,Nicolas,Adam,,,,2025-10-09,09:26,tutorat,aide_si_sollicite
OBS,302,Nicolas,Adam,,,,2025-10-09,09:28,participation,repond_si_sollicite
OBS,302,Nicolas,Adam,,,,2025-10-09,09:30,difficulte,observe_camarade
OBS,302,Nicolas,Adam,,,,2025-10-09,09:32,ressources,attend_professeur
OBS,302,Girard,Lina,,,,2025-10-09,09:27,tutorat,donne_reponse_directe
OBS,302,Girard,Lina,,,,2025-10-09,09:29,participation,repond_si_insiste
OBS,302,Girard,Lina,,,,2025-10-09,09:31,attention,bavarde_travail
OBS,302,Girard,Lina,,,,2025-10-09,09:33,entree,attend_sans_commencer
OBS,302,Laurent,Nina,,,,2025-10-09,09:48,tutorat,aide_si_sollicite
OBS,302,Laurent,Nina,,,,2025-10-09,09:50,participation,repond_si_sollicite
OBS,302,Laurent,Nina,,,,2025-10-09,09:52,entree,demarre_relance
OBS,302,Laurent,Nina,,,,2025-10-09,09:53,finalisation,activite_incomplete
OBS,302,Laurent,Nina,,,,2025-10-09,09:53,ressources,attend_professeur
OBS,302,Meunier,Jade,,,,2025-10-09,09:03,tutorat,aide_si_sollicite
OBS,302,Meunier,Jade,,,,2025-10-09,09:05,participation,repond_si_sollicite
OBS,302,Meunier,Jade,,,,2025-10-09,09:07,ressources,utilise_aides_activite
OBS,302,Meunier,Jade,,,,2025-10-09,09:09,difficulte,utilise_coup_de_pouce
OBS,302,Meunier,Jade,,,,2025-10-09,09:11,finalisation,activite_terminee
OBS,302,Moreau,Louis,,,,2025-10-09,09:13,tutorat,donne_reponse_directe
OBS,302,Moreau,Louis,,,,2025-10-09,09:15,participation,repond_si_insiste
OBS,302,Moreau,Louis,,,,2025-10-09,09:17,difficulte,observe_camarade
OBS,302,Moreau,Louis,,,,2025-10-09,09:19,finalisation,passe_autre_activite
OBS,302,Masson,Rayan,,,,2025-10-09,09:05,tutorat,aide_si_sollicite
OBS,302,Masson,Rayan,,,,2025-10-09,09:07,participation,repond_si_sollicite
OBS,302,Masson,Rayan,,,,2025-10-09,09:09,difficulte,utilise_coup_de_pouce
OBS,302,Masson,Rayan,,,,2025-10-09,09:11,attention,concentre
OBS,302,Masson,Rayan,,,,2025-10-09,09:13,ressources,attend_professeur
OBS,302,Chevalier,Gabriel,,,,2025-10-09,09:08,tutorat,explique_camarade
OBS,302,Chevalier,Gabriel,,,,2025-10-09,09:10,participation,participe_spontanement
OBS,302,Chevalier,Gabriel,,,,2025-10-09,09:12,entree,demarre_immediat
OBS,302,Chevalier,Gabriel,,,,2025-10-09,09:14,difficulte,utilise_coup_de_pouce
SESSION,302,demo_302_202510150900,1760511600000,1760514900000
OBS,302,Faure,Simon,,,,2025-10-15,09:15,tutorat,donne_reponse_directe
OBS,302,Faure,Simon,,,,2025-10-15,09:17,participation,repond_si_sollicite
OBS,302,Faure,Simon,,,,2025-10-15,09:19,finalisation,activite_incomplete
OBS,302,Faure,Simon,,,,2025-10-15,09:21,entree,demarre_relance
OBS,302,Perrin,Simon,,,,2025-10-15,09:01,tutorat,aide_si_sollicite
OBS,302,Perrin,Simon,,,,2025-10-15,09:03,participation,repond_si_sollicite
OBS,302,Perrin,Simon,,,,2025-10-15,09:05,attention,distrait_momentanement
OBS,302,Perrin,Simon,,,,2025-10-15,09:07,finalisation,verifie_travail
OBS,302,Gauthier,Adam,,,,2025-10-15,09:45,tutorat,aide_si_sollicite
OBS,302,Gauthier,Adam,,,,2025-10-15,09:47,participation,repond_si_sollicite
OBS,302,Gauthier,Adam,,,,2025-10-15,09:49,finalisation,activite_incomplete
OBS,302,Gauthier,Adam,,,,2025-10-15,09:51,attention,concentre
OBS,302,Gauthier,Adam,,,,2025-10-15,09:53,ressources,sollicite_immediat
OBS,302,Vincent,Lucie,,,,2025-10-15,09:15,tutorat,donne_reponse_directe
OBS,302,Vincent,Lucie,,,,2025-10-15,09:17,participation,repond_si_sollicite
OBS,302,Vincent,Lucie,,,,2025-10-15,09:19,entree,demarre_relance
OBS,302,Vincent,Lucie,,,,2025-10-15,09:21,attention,bavarde_travail
OBS,302,Muller,Lea,,,,2025-10-15,09:21,tutorat,explique_camarade
OBS,302,Muller,Lea,,,,2025-10-15,09:23,participation,participe_spontanement
OBS,302,Muller,Lea,,,,2025-10-15,09:25,ressources,echange_camarade
OBS,302,Muller,Lea,,,,2025-10-15,09:27,difficulte,utilise_document_d
OBS,302,Boyer,Iris,,,,2025-10-15,09:33,tutorat,refuse_aider
OBS,302,Boyer,Iris,,,,2025-10-15,09:35,participation,ne_participe_pas
OBS,302,Boyer,Iris,,,,2025-10-15,09:37,finalisation,recopie_correction
OBS,302,Boyer,Iris,,,,2025-10-15,09:39,attention,bavarde_hors_sujet
OBS,302,Morel,Manon,,,,2025-10-15,09:41,tutorat,refuse_aider
OBS,302,Morel,Manon,,,,2025-10-15,09:43,participation,repond_si_insiste
OBS,302,Morel,Manon,,,,2025-10-15,09:45,ressources,attend_professeur
OBS,302,Morel,Manon,,,,2025-10-15,09:47,attention,bavarde_travail
OBS,302,Bertrand,Liam,,,,2025-10-15,09:30,tutorat,aide_si_sollicite
OBS,302,Bertrand,Liam,,,,2025-10-15,09:32,participation,participe_spontanement
OBS,302,Bertrand,Liam,,,,2025-10-15,09:34,entree,demarre_relance
OBS,302,Bertrand,Liam,,,,2025-10-15,09:36,ressources,attend_professeur
OBS,302,Lambert,Maya,,,,2025-10-15,09:12,tutorat,donne_reponse_directe
OBS,302,Lambert,Maya,,,,2025-10-15,09:14,participation,repond_si_insiste
OBS,302,Lambert,Maya,,,,2025-10-15,09:16,ressources,attend_professeur
OBS,302,Lambert,Maya,,,,2025-10-15,09:18,entree,attend_sans_commencer
OBS,302,Guerin,Lola,,,,2025-10-15,09:11,tutorat,donne_reponse_directe
OBS,302,Guerin,Lola,,,,2025-10-15,09:13,participation,repond_si_insiste
OBS,302,Guerin,Lola,,,,2025-10-15,09:15,entree,attend_sans_commencer
OBS,302,Guerin,Lola,,,,2025-10-15,09:17,finalisation,activite_incomplete
OBS,302,Renard,Rose,,,,2025-10-15,09:16,tutorat,aide_si_sollicite
OBS,302,Renard,Rose,,,,2025-10-15,09:18,participation,participe_spontanement
OBS,302,Renard,Rose,,,,2025-10-15,09:20,entree,demarre_immediat
OBS,302,Renard,Rose,,,,2025-10-15,09:22,attention,concentre
OBS,302,Renard,Rose,,,,2025-10-15,09:24,finalisation,verifie_travail
OBS,302,Fontaine,Axel,,,,2025-10-15,09:36,tutorat,donne_reponse_directe
OBS,302,Fontaine,Axel,,,,2025-10-15,09:38,participation,repond_si_sollicite
OBS,302,Fontaine,Axel,,,,2025-10-15,09:40,entree,demarre_relance
OBS,302,Fontaine,Axel,,,,2025-10-15,09:42,difficulte,observe_camarade
OBS,302,Sanchez,Rafael,,,,2025-10-15,09:35,tutorat,refuse_aider
OBS,302,Sanchez,Rafael,,,,2025-10-15,09:37,participation,ne_participe_pas
OBS,302,Sanchez,Rafael,,,,2025-10-15,09:39,difficulte,copie_camarade
OBS,302,Sanchez,Rafael,,,,2025-10-15,09:41,entree,ne_demarre_pas
OBS,302,Blanc,Eliott,,,,2025-10-15,09:19,tutorat,aide_si_sollicite
OBS,302,Blanc,Eliott,,,,2025-10-15,09:21,participation,repond_si_insiste
OBS,302,Blanc,Eliott,,,,2025-10-15,09:23,attention,concentre
OBS,302,Blanc,Eliott,,,,2025-10-15,09:25,ressources,sollicite_immediat
OBS,302,Aubert,Ines,,,,2025-10-15,09:39,tutorat,aide_si_sollicite
OBS,302,Aubert,Ines,,,,2025-10-15,09:41,participation,repond_si_sollicite
OBS,302,Aubert,Ines,,,,2025-10-15,09:43,ressources,echange_camarade
OBS,302,Aubert,Ines,,,,2025-10-15,09:45,difficulte,cherche_seul
OBS,302,Dupont,Victor,,,,2025-10-15,09:39,tutorat,explique_camarade
OBS,302,Dupont,Victor,,,,2025-10-15,09:41,participation,repond_si_sollicite
OBS,302,Dupont,Victor,,,,2025-10-15,09:43,finalisation,corrige_erreur
OBS,302,Dupont,Victor,,,,2025-10-15,09:45,difficulte,utilise_coup_de_pouce
OBS,302,Girard,Lina,,,,2025-10-15,09:22,tutorat,aide_si_sollicite
OBS,302,Girard,Lina,,,,2025-10-15,09:24,participation,repond_si_sollicite
OBS,302,Girard,Lina,,,,2025-10-15,09:26,difficulte,utilise_document_d
OBS,302,Girard,Lina,,,,2025-10-15,09:28,entree,attend_sans_commencer
OBS,302,Laurent,Nina,,,,2025-10-15,09:24,tutorat,aide_si_sollicite
OBS,302,Laurent,Nina,,,,2025-10-15,09:26,participation,repond_si_sollicite
OBS,302,Laurent,Nina,,,,2025-10-15,09:28,difficulte,demande_aide_pertinente
OBS,302,Laurent,Nina,,,,2025-10-15,09:30,finalisation,activite_incomplete
OBS,302,Moreau,Louis,,,,2025-10-15,09:40,tutorat,donne_reponse_directe
OBS,302,Moreau,Louis,,,,2025-10-15,09:42,participation,repond_si_insiste
OBS,302,Moreau,Louis,,,,2025-10-15,09:44,attention,bavarde_travail
OBS,302,Moreau,Louis,,,,2025-10-15,09:46,finalisation,passe_autre_activite
OBS,302,Masson,Rayan,,,,2025-10-15,09:08,tutorat,explique_camarade
OBS,302,Masson,Rayan,,,,2025-10-15,09:10,participation,participe_spontanement
OBS,302,Masson,Rayan,,,,2025-10-15,09:12,ressources,sollicite_apres_cherche
OBS,302,Masson,Rayan,,,,2025-10-15,09:14,attention,concentre
OBS,302,Chevalier,Gabriel,,,,2025-10-15,09:01,tutorat,explique_camarade
OBS,302,Chevalier,Gabriel,,,,2025-10-15,09:03,participation,repond_si_sollicite
OBS,302,Chevalier,Gabriel,,,,2025-10-15,09:05,entree,demarre_relance
OBS,302,Chevalier,Gabriel,,,,2025-10-15,09:07,difficulte,cherche_seul
OBS,302,Chevalier,Gabriel,,,,2025-10-15,09:09,finalisation,activite_terminee
SESSION,302,demo_302_202511030900,1762156800000,1762160100000
OBS,302,Perrin,Simon,,,,2025-11-03,09:11,tutorat,aide_si_sollicite
OBS,302,Perrin,Simon,,,,2025-11-03,09:13,participation,repond_si_sollicite
OBS,302,Perrin,Simon,,,,2025-11-03,09:15,difficulte,utilise_coup_de_pouce
OBS,302,Perrin,Simon,,,,2025-11-03,09:17,ressources,utilise_document_r
OBS,302,Perrin,Simon,,,,2025-11-03,09:19,finalisation,corrige_erreur
OBS,302,Gauthier,Adam,,,,2025-11-03,09:27,tutorat,explique_camarade
OBS,302,Gauthier,Adam,,,,2025-11-03,09:29,participation,repond_si_sollicite
OBS,302,Gauthier,Adam,,,,2025-11-03,09:31,entree,demarre_relance
OBS,302,Gauthier,Adam,,,,2025-11-03,09:33,ressources,sollicite_immediat
OBS,302,Vincent,Lucie,,,,2025-11-03,09:22,tutorat,aide_si_sollicite
OBS,302,Vincent,Lucie,,,,2025-11-03,09:24,participation,repond_si_sollicite
OBS,302,Vincent,Lucie,,,,2025-11-03,09:26,difficulte,attend_d
OBS,302,Vincent,Lucie,,,,2025-11-03,09:28,entree,demarre_relance
OBS,302,Fournier,Louise,,,,2025-11-03,09:25,tutorat,refuse_aider
OBS,302,Fournier,Louise,,,,2025-11-03,09:27,participation,ne_participe_pas
OBS,302,Fournier,Louise,,,,2025-11-03,09:29,difficulte,copie_camarade
OBS,302,Fournier,Louise,,,,2025-11-03,09:31,finalisation,recopie_correction
OBS,302,Fournier,Louise,,,,2025-11-03,09:33,ressources,attend_correction
OBS,302,Muller,Lea,,,,2025-11-03,09:24,tutorat,explique_camarade
OBS,302,Muller,Lea,,,,2025-11-03,09:26,participation,repond_si_sollicite
OBS,302,Muller,Lea,,,,2025-11-03,09:28,difficulte,demande_aide_pertinente
OBS,302,Muller,Lea,,,,2025-11-03,09:30,entree,demarre_immediat
OBS,302,Boyer,Iris,,,,2025-11-03,09:36,tutorat,donne_reponse_directe
OBS,302,Boyer,Iris,,,,2025-11-03,09:38,participation,ne_participe_pas
OBS,302,Boyer,Iris,,,,2025-11-03,09:40,attention,perturbe_camarade
OBS,302,Boyer,Iris,,,,2025-11-03,09:42,difficulte,copie_camarade
OBS,302,Boyer,Iris,,,,2025-11-03,09:44,entree,ne_demarre_pas
OBS,302,Bertrand,Liam,,,,2025-11-03,09:43,tutorat,aide_si_sollicite
OBS,302,Bertrand,Liam,,,,2025-11-03,09:45,participation,repond_si_insiste
OBS,302,Bertrand,Liam,,,,2025-11-03,09:47,ressources,attend_professeur
OBS,302,Bertrand,Liam,,,,2025-11-03,09:49,finalisation,activite_incomplete
OBS,302,Bertrand,Liam,,,,2025-11-03,09:51,difficulte,attend_d
OBS,302,Lambert,Maya,,,,2025-11-03,09:39,tutorat,donne_reponse_directe
OBS,302,Lambert,Maya,,,,2025-11-03,09:41,participation,repond_si_insiste
OBS,302,Lambert,Maya,,,,2025-11-03,09:43,attention,bavarde_travail
OBS,302,Lambert,Maya,,,,2025-11-03,09:45,difficulte,observe_camarade
OBS,302,Lambert,Maya,,,,2025-11-03,09:47,ressources,sollicite_immediat
OBS,302,Guerin,Lola,,,,2025-11-03,09:05,tutorat,aide_si_sollicite
OBS,302,Guerin,Lola,,,,2025-11-03,09:07,participation,repond_si_sollicite
OBS,302,Guerin,Lola,,,,2025-11-03,09:09,finalisation,activite_incomplete
OBS,302,Guerin,Lola,,,,2025-11-03,09:11,ressources,utilise_document_r
OBS,302,Guerin,Lola,,,,2025-11-03,09:13,attention,distrait_momentanement
OBS,302,Renard,Rose,,,,2025-11-03,09:04,tutorat,donne_reponse_directe
OBS,302,Renard,Rose,,,,2025-11-03,09:06,participation,repond_si_insiste
OBS,302,Renard,Rose,,,,2025-11-03,09:08,finalisation,passe_autre_activite
OBS,302,Renard,Rose,,,,2025-11-03,09:10,entree,attend_sans_commencer
OBS,302,Renard,Rose,,,,2025-11-03,09:12,attention,bavarde_travail
OBS,302,Fontaine,Axel,,,,2025-11-03,09:35,tutorat,refuse_aider
OBS,302,Fontaine,Axel,,,,2025-11-03,09:37,participation,ne_participe_pas
OBS,302,Fontaine,Axel,,,,2025-11-03,09:39,ressources,attend_professeur
OBS,302,Fontaine,Axel,,,,2025-11-03,09:41,finalisation,recopie_correction
OBS,302,Sanchez,Rafael,,,,2025-11-03,09:46,tutorat,refuse_aider
OBS,302,Sanchez,Rafael,,,,2025-11-03,09:48,participation,ne_participe_pas
OBS,302,Sanchez,Rafael,,,,2025-11-03,09:50,difficulte,copie_camarade
OBS,302,Sanchez,Rafael,,,,2025-11-03,09:52,finalisation,activite_incomplete
OBS,302,Sanchez,Rafael,,,,2025-11-03,09:53,entree,ne_demarre_pas
OBS,302,Blanc,Eliott,,,,2025-11-03,09:48,tutorat,explique_camarade
OBS,302,Blanc,Eliott,,,,2025-11-03,09:50,participation,participe_spontanement
OBS,302,Blanc,Eliott,,,,2025-11-03,09:52,ressources,attend_professeur
OBS,302,Blanc,Eliott,,,,2025-11-03,09:53,finalisation,corrige_erreur
OBS,302,Dubois,Nathan,,,,2025-11-03,09:39,tutorat,donne_reponse_directe
OBS,302,Dubois,Nathan,,,,2025-11-03,09:41,participation,participe_spontanement
OBS,302,Dubois,Nathan,,,,2025-11-03,09:43,difficulte,utilise_coup_de_pouce
OBS,302,Mercier,Zoe,,,,2025-11-03,09:28,tutorat,donne_reponse_directe
OBS,302,Mercier,Zoe,,,,2025-11-03,09:30,participation,repond_si_insiste
OBS,302,Mercier,Zoe,,,,2025-11-03,09:32,difficulte,attend_d
OBS,302,Mercier,Zoe,,,,2025-11-03,09:34,ressources,attend_professeur
OBS,302,Aubert,Ines,,,,2025-11-03,09:03,tutorat,aide_si_sollicite
OBS,302,Aubert,Ines,,,,2025-11-03,09:05,participation,repond_si_sollicite
OBS,302,Aubert,Ines,,,,2025-11-03,09:07,difficulte,utilise_document_d
OBS,302,Aubert,Ines,,,,2025-11-03,09:09,ressources,sollicite_apres_cherche
OBS,302,Dupont,Victor,,,,2025-11-03,09:27,tutorat,aide_si_sollicite
OBS,302,Dupont,Victor,,,,2025-11-03,09:29,participation,repond_si_insiste
OBS,302,Dupont,Victor,,,,2025-11-03,09:31,ressources,attend_professeur
OBS,302,Dupont,Victor,,,,2025-11-03,09:33,attention,bavarde_travail
OBS,302,Dupont,Victor,,,,2025-11-03,09:35,difficulte,utilise_document_d
OBS,302,Nicolas,Adam,,,,2025-11-03,09:01,tutorat,donne_reponse_directe
OBS,302,Nicolas,Adam,,,,2025-11-03,09:03,participation,repond_si_insiste
OBS,302,Nicolas,Adam,,,,2025-11-03,09:05,attention,bavarde_travail
OBS,302,Nicolas,Adam,,,,2025-11-03,09:07,entree,demarre_relance
OBS,302,Laurent,Nina,,,,2025-11-03,09:47,tutorat,aide_si_sollicite
OBS,302,Laurent,Nina,,,,2025-11-03,09:49,participation,repond_si_insiste
OBS,302,Laurent,Nina,,,,2025-11-03,09:51,difficulte,observe_camarade
OBS,302,Laurent,Nina,,,,2025-11-03,09:53,ressources,sollicite_immediat
OBS,302,Meunier,Jade,,,,2025-11-03,09:43,tutorat,explique_camarade
OBS,302,Meunier,Jade,,,,2025-11-03,09:45,participation,repond_si_sollicite
OBS,302,Meunier,Jade,,,,2025-11-03,09:47,finalisation,passe_autre_activite
OBS,302,Meunier,Jade,,,,2025-11-03,09:49,entree,demarre_relance
OBS,302,Marchand,Eliott,,,,2025-11-03,09:10,tutorat,aide_si_sollicite
OBS,302,Marchand,Eliott,,,,2025-11-03,09:12,participation,participe_spontanement
OBS,302,Marchand,Eliott,,,,2025-11-03,09:14,entree,demarre_relance
OBS,302,Marchand,Eliott,,,,2025-11-03,09:16,difficulte,attend_d
OBS,302,Masson,Rayan,,,,2025-11-03,09:38,tutorat,explique_camarade
OBS,302,Masson,Rayan,,,,2025-11-03,09:40,participation,participe_spontanement
OBS,302,Masson,Rayan,,,,2025-11-03,09:42,finalisation,corrige_erreur
OBS,302,Masson,Rayan,,,,2025-11-03,09:44,ressources,sollicite_apres_cherche
OBS,302,Chevalier,Gabriel,,,,2025-11-03,09:26,tutorat,aide_si_sollicite
OBS,302,Chevalier,Gabriel,,,,2025-11-03,09:28,participation,repond_si_sollicite
OBS,302,Chevalier,Gabriel,,,,2025-11-03,09:30,difficulte,utilise_coup_de_pouce
OBS,302,Chevalier,Gabriel,,,,2025-11-03,09:32,entree,demarre_relance
SESSION,302,demo_302_202511070900,1762502400000,1762505700000
OBS,302,Faure,Simon,,,,2025-11-07,09:40,tutorat,aide_si_sollicite
OBS,302,Faure,Simon,,,,2025-11-07,09:42,participation,participe_spontanement
OBS,302,Faure,Simon,,,,2025-11-07,09:44,finalisation,verifie_travail
OBS,302,Faure,Simon,,,,2025-11-07,09:46,attention,reconcentre_seul
OBS,302,Faure,Simon,,,,2025-11-07,09:48,ressources,utilise_document_r
OBS,302,Perrin,Simon,,,,2025-11-07,09:07,tutorat,aide_si_sollicite
OBS,302,Perrin,Simon,,,,2025-11-07,09:09,participation,repond_si_sollicite
OBS,302,Perrin,Simon,,,,2025-11-07,09:11,ressources,attend_professeur
OBS,302,Perrin,Simon,,,,2025-11-07,09:13,attention,bavarde_travail
OBS,302,Perrin,Simon,,,,2025-11-07,09:15,difficulte,observe_camarade
OBS,302,Gauthier,Adam,,,,2025-11-07,09:14,tutorat,donne_reponse_directe
OBS,302,Gauthier,Adam,,,,2025-11-07,09:16,participation,repond_si_insiste
OBS,302,Gauthier,Adam,,,,2025-11-07,09:18,difficulte,observe_camarade
OBS,302,Gauthier,Adam,,,,2025-11-07,09:20,ressources,attend_professeur
OBS,302,Gauthier,Adam,,,,2025-11-07,09:22,finalisation,activite_incomplete
OBS,302,Rousseau,Jade,,,,2025-11-07,09:22,tutorat,donne_reponse_directe
OBS,302,Rousseau,Jade,,,,2025-11-07,09:24,participation,repond_si_sollicite
OBS,302,Rousseau,Jade,,,,2025-11-07,09:26,difficulte,demande_aide_pertinente
OBS,302,Rousseau,Jade,,,,2025-11-07,09:28,attention,distrait_momentanement
OBS,302,Vincent,Lucie,,,,2025-11-07,09:04,tutorat,aide_si_sollicite
OBS,302,Vincent,Lucie,,,,2025-11-07,09:06,participation,repond_si_sollicite
OBS,302,Vincent,Lucie,,,,2025-11-07,09:08,ressources,attend_professeur
OBS,302,Vincent,Lucie,,,,2025-11-07,09:10,finalisation,activite_incomplete
OBS,302,Fournier,Louise,,,,2025-11-07,09:34,tutorat,refuse_aider
OBS,302,Fournier,Louise,,,,2025-11-07,09:36,participation,ne_participe_pas
OBS,302,Fournier,Louise,,,,2025-11-07,09:38,ressources,attend_professeur
OBS,302,Fournier,Louise,,,,2025-11-07,09:40,difficulte,attend_d
OBS,302,Muller,Lea,,,,2025-11-07,09:38,tutorat,explique_camarade
OBS,302,Muller,Lea,,,,2025-11-07,09:40,participation,participe_spontanement
OBS,302,Muller,Lea,,,,2025-11-07,09:42,finalisation,verifie_travail
OBS,302,Muller,Lea,,,,2025-11-07,09:44,ressources,echange_camarade
OBS,302,Muller,Lea,,,,2025-11-07,09:46,entree,demarre_immediat
OBS,302,Boyer,Iris,,,,2025-11-07,09:04,tutorat,refuse_aider
OBS,302,Boyer,Iris,,,,2025-11-07,09:06,participation,ne_participe_pas
OBS,302,Boyer,Iris,,,,2025-11-07,09:08,finalisation,recopie_correction
OBS,302,Boyer,Iris,,,,2025-11-07,09:10,entree,ne_demarre_pas
OBS,302,Lambert,Maya,,,,2025-11-07,09:27,tutorat,donne_reponse_directe
OBS,302,Lambert,Maya,,,,2025-11-07,09:29,participation,repond_si_insiste
OBS,302,Lambert,Maya,,,,2025-11-07,09:31,attention,distrait_momentanement
OBS,302,Lambert,Maya,,,,2025-11-07,09:33,entree,attend_sans_commencer
OBS,302,Guerin,Lola,,,,2025-11-07,09:05,tutorat,donne_reponse_directe
OBS,302,Guerin,Lola,,,,2025-11-07,09:07,participation,repond_si_insiste
OBS,302,Guerin,Lola,,,,2025-11-07,09:09,finalisation,activite_incomplete
OBS,302,Guerin,Lola,,,,2025-11-07,09:11,difficulte,observe_camarade
OBS,302,Renard,Rose,,,,2025-11-07,09:12,tutorat,donne_reponse_directe
OBS,302,Renard,Rose,,,,2025-11-07,09:14,participation,repond_si_insiste
OBS,302,Renard,Rose,,,,2025-11-07,09:16,difficulte,observe_camarade
OBS,302,Renard,Rose,,,,2025-11-07,09:18,attention,bavarde_travail
OBS,302,Robert,Ines,,,,2025-11-07,09:44,tutorat,donne_reponse_directe
OBS,302,Robert,Ines,,,,2025-11-07,09:46,participation,ne_participe_pas
OBS,302,Robert,Ines,,,,2025-11-07,09:48,difficulte,attend_d
OBS,302,Robert,Ines,,,,2025-11-07,09:50,finalisation,recopie_correction
OBS,302,Fontaine,Axel,,,,2025-11-07,09:48,tutorat,donne_reponse_directe
OBS,302,Fontaine,Axel,,,,2025-11-07,09:50,participation,repond_si_insiste
OBS,302,Fontaine,Axel,,,,2025-11-07,09:52,finalisation,activite_incomplete
OBS,302,Fontaine,Axel,,,,2025-11-07,09:53,attention,distrait_momentanement
OBS,302,Fontaine,Axel,,,,2025-11-07,09:53,entree,attend_sans_commencer
OBS,302,Sanchez,Rafael,,,,2025-11-07,09:07,tutorat,refuse_aider
OBS,302,Sanchez,Rafael,,,,2025-11-07,09:09,participation,ne_participe_pas
OBS,302,Sanchez,Rafael,,,,2025-11-07,09:11,entree,ne_demarre_pas
OBS,302,Sanchez,Rafael,,,,2025-11-07,09:13,difficulte,observe_camarade
OBS,302,Sanchez,Rafael,,,,2025-11-07,09:15,attention,bavarde_hors_sujet
OBS,302,Blanc,Eliott,,,,2025-11-07,09:14,tutorat,aide_si_sollicite
OBS,302,Blanc,Eliott,,,,2025-11-07,09:16,participation,repond_si_sollicite
OBS,302,Blanc,Eliott,,,,2025-11-07,09:18,entree,attend_sans_commencer
OBS,302,Blanc,Eliott,,,,2025-11-07,09:20,ressources,attend_professeur
OBS,302,Dubois,Nathan,,,,2025-11-07,09:17,tutorat,donne_reponse_directe
OBS,302,Dubois,Nathan,,,,2025-11-07,09:19,participation,repond_si_insiste
OBS,302,Dubois,Nathan,,,,2025-11-07,09:21,ressources,attend_professeur
OBS,302,Dubois,Nathan,,,,2025-11-07,09:23,finalisation,passe_autre_activite
OBS,302,Mercier,Zoe,,,,2025-11-07,09:37,tutorat,aide_si_sollicite
OBS,302,Mercier,Zoe,,,,2025-11-07,09:39,participation,repond_si_sollicite
OBS,302,Mercier,Zoe,,,,2025-11-07,09:41,ressources,attend_professeur
OBS,302,Mercier,Zoe,,,,2025-11-07,09:43,attention,distrait_momentanement
OBS,302,Mercier,Zoe,,,,2025-11-07,09:45,entree,demarre_relance
OBS,302,Aubert,Ines,,,,2025-11-07,09:02,tutorat,explique_camarade
OBS,302,Aubert,Ines,,,,2025-11-07,09:04,participation,repond_si_sollicite
OBS,302,Aubert,Ines,,,,2025-11-07,09:06,attention,concentre
OBS,302,Aubert,Ines,,,,2025-11-07,09:08,difficulte,utilise_document_d
OBS,302,Aubert,Ines,,,,2025-11-07,09:10,ressources,sollicite_immediat
OBS,302,Nicolas,Adam,,,,2025-11-07,09:03,tutorat,aide_si_sollicite
OBS,302,Nicolas,Adam,,,,2025-11-07,09:05,participation,repond_si_insiste
OBS,302,Nicolas,Adam,,,,2025-11-07,09:07,ressources,sollicite_immediat
OBS,302,Nicolas,Adam,,,,2025-11-07,09:09,difficulte,observe_camarade
OBS,302,Girard,Lina,,,,2025-11-07,09:31,tutorat,explique_camarade
OBS,302,Girard,Lina,,,,2025-11-07,09:33,participation,participe_spontanement
OBS,302,Girard,Lina,,,,2025-11-07,09:35,finalisation,verifie_travail
OBS,302,Girard,Lina,,,,2025-11-07,09:37,ressources,utilise_aides_activite
OBS,302,Girard,Lina,,,,2025-11-07,09:39,entree,demarre_immediat
OBS,302,Laurent,Nina,,,,2025-11-07,09:35,tutorat,aide_si_sollicite
OBS,302,Laurent,Nina,,,,2025-11-07,09:37,participation,repond_si_insiste
OBS,302,Laurent,Nina,,,,2025-11-07,09:39,finalisation,passe_autre_activite
OBS,302,Laurent,Nina,,,,2025-11-07,09:41,entree,demarre_relance
OBS,302,Meunier,Jade,,,,2025-11-07,09:44,tutorat,aide_si_sollicite
OBS,302,Meunier,Jade,,,,2025-11-07,09:46,participation,participe_spontanement
OBS,302,Meunier,Jade,,,,2025-11-07,09:48,attention,reconcentre_seul
OBS,302,Meunier,Jade,,,,2025-11-07,09:50,difficulte,demande_aide_pertinente
OBS,302,Meunier,Jade,,,,2025-11-07,09:52,ressources,echange_camarade
OBS,302,Marchand,Eliott,,,,2025-11-07,09:37,tutorat,explique_camarade
OBS,302,Marchand,Eliott,,,,2025-11-07,09:39,participation,participe_spontanement
OBS,302,Marchand,Eliott,,,,2025-11-07,09:41,entree,demarre_relance
OBS,302,Marchand,Eliott,,,,2025-11-07,09:43,difficulte,observe_camarade
OBS,302,Moreau,Louis,,,,2025-11-07,09:37,tutorat,donne_reponse_directe
OBS,302,Moreau,Louis,,,,2025-11-07,09:39,participation,repond_si_insiste
OBS,302,Moreau,Louis,,,,2025-11-07,09:41,attention,distrait_momentanement
OBS,302,Moreau,Louis,,,,2025-11-07,09:43,ressources,attend_correction
OBS,302,Masson,Rayan,,,,2025-11-07,09:26,tutorat,explique_camarade
OBS,302,Masson,Rayan,,,,2025-11-07,09:28,participation,repond_si_sollicite
OBS,302,Masson,Rayan,,,,2025-11-07,09:30,entree,demarre_immediat
OBS,302,Masson,Rayan,,,,2025-11-07,09:32,difficulte,utilise_document_d
OBS,302,Chevalier,Gabriel,,,,2025-11-07,09:10,tutorat,explique_camarade
OBS,302,Chevalier,Gabriel,,,,2025-11-07,09:12,participation,participe_spontanement
OBS,302,Chevalier,Gabriel,,,,2025-11-07,09:14,entree,demarre_immediat
OBS,302,Chevalier,Gabriel,,,,2025-11-07,09:16,finalisation,verifie_travail
SESSION,302,demo_302_202511120900,1762934400000,1762937700000
OBS,302,Faure,Simon,,,,2025-11-12,09:01,tutorat,explique_camarade
OBS,302,Faure,Simon,,,,2025-11-12,09:03,participation,participe_spontanement
OBS,302,Faure,Simon,,,,2025-11-12,09:05,difficulte,utilise_coup_de_pouce
OBS,302,Faure,Simon,,,,2025-11-12,09:07,entree,demarre_immediat
OBS,302,Faure,Simon,,,,2025-11-12,09:09,ressources,utilise_document_r
OBS,302,Perrin,Simon,,,,2025-11-12,09:41,tutorat,donne_reponse_directe
OBS,302,Perrin,Simon,,,,2025-11-12,09:43,participation,repond_si_insiste
OBS,302,Perrin,Simon,,,,2025-11-12,09:45,finalisation,passe_autre_activite
OBS,302,Perrin,Simon,,,,2025-11-12,09:47,ressources,sollicite_immediat
OBS,302,Gauthier,Adam,,,,2025-11-12,09:36,tutorat,donne_reponse_directe
OBS,302,Gauthier,Adam,,,,2025-11-12,09:38,participation,participe_spontanement
OBS,302,Gauthier,Adam,,,,2025-11-12,09:40,entree,demarre_relance
OBS,302,Gauthier,Adam,,,,2025-11-12,09:42,ressources,sollicite_immediat
OBS,302,Gauthier,Adam,,,,2025-11-12,09:44,attention,concentre
OBS,302,Vincent,Lucie,,,,2025-11-12,09:15,tutorat,donne_reponse_directe
OBS,302,Vincent,Lucie,,,,2025-11-12,09:17,participation,repond_si_insiste
OBS,302,Vincent,Lucie,,,,2025-11-12,09:19,difficulte,utilise_document_d
OBS,302,Vincent,Lucie,,,,2025-11-12,09:21,ressources,attend_professeur
OBS,302,Vincent,Lucie,,,,2025-11-12,09:23,finalisation,passe_autre_activite
OBS,302,Fournier,Louise,,,,2025-11-12,09:41,tutorat,donne_reponse_directe
OBS,302,Fournier,Louise,,,,2025-11-12,09:43,participation,repond_si_insiste
OBS,302,Fournier,Louise,,,,2025-11-12,09:45,entree,attend_sans_commencer
OBS,302,Fournier,Louise,,,,2025-11-12,09:47,attention,perturbe_camarade
OBS,302,Boyer,Iris,,,,2025-11-12,09:17,tutorat,refuse_aider
OBS,302,Boyer,Iris,,,,2025-11-12,09:19,participation,ne_participe_pas
OBS,302,Boyer,Iris,,,,2025-11-12,09:21,difficulte,copie_correction
OBS,302,Boyer,Iris,,,,2025-11-12,09:23,finalisation,recopie_correction
OBS,302,Morel,Manon,,,,2025-11-12,09:10,tutorat,donne_reponse_directe
OBS,302,Morel,Manon,,,,2025-11-12,09:12,participation,repond_si_insiste
OBS,302,Morel,Manon,,,,2025-11-12,09:14,ressources,attend_professeur
OBS,302,Morel,Manon,,,,2025-11-12,09:16,attention,perturbe_camarade
OBS,302,Morel,Manon,,,,2025-11-12,09:18,difficulte,attend_d
OBS,302,Lambert,Maya,,,,2025-11-12,09:19,tutorat,donne_reponse_directe
OBS,302,Lambert,Maya,,,,2025-11-12,09:21,participation,repond_si_insiste
OBS,302,Lambert,Maya,,,,2025-11-12,09:23,ressources,attend_professeur
OBS,302,Lambert,Maya,,,,2025-11-12,09:25,finalisation,passe_autre_activite
OBS,302,Lambert,Maya,,,,2025-11-12,09:27,difficulte,attend_d
OBS,302,Guerin,Lola,,,,2025-11-12,09:37,tutorat,donne_reponse_directe
OBS,302,Guerin,Lola,,,,2025-11-12,09:39,participation,repond_si_insiste
OBS,302,Guerin,Lola,,,,2025-11-12,09:41,ressources,sollicite_immediat
OBS,302,Guerin,Lola,,,,2025-11-12,09:43,difficulte,attend_d
OBS,302,Guerin,Lola,,,,2025-11-12,09:45,finalisation,activite_incomplete
OBS,302,Renard,Rose,,,,2025-11-12,09:08,tutorat,refuse_aider
OBS,302,Renard,Rose,,,,2025-11-12,09:10,participation,repond_si_insiste
OBS,302,Renard,Rose,,,,2025-11-12,09:12,attention,bavarde_travail
OBS,302,Renard,Rose,,,,2025-11-12,09:14,finalisation,passe_autre_activite
OBS,302,Renard,Rose,,,,2025-11-12,09:16,ressources,sollicite_immediat
OBS,302,Robert,Ines,,,,2025-11-12,09:12,tutorat,donne_reponse_directe
OBS,302,Robert,Ines,,,,2025-11-12,09:14,participation,repond_si_insiste
OBS,302,Robert,Ines,,,,2025-11-12,09:16,attention,distrait_momentanement
OBS,302,Robert,Ines,,,,2025-11-12,09:18,finalisation,passe_autre_activite
OBS,302,Robert,Ines,,,,2025-11-12,09:20,entree,attend_sans_commencer
OBS,302,Fontaine,Axel,,,,2025-11-12,09:13,tutorat,aide_si_sollicite
OBS,302,Fontaine,Axel,,,,2025-11-12,09:15,participation,repond_si_sollicite
OBS,302,Fontaine,Axel,,,,2025-11-12,09:17,attention,bavarde_travail
OBS,302,Fontaine,Axel,,,,2025-11-12,09:19,entree,attend_sans_commencer
OBS,302,Fontaine,Axel,,,,2025-11-12,09:21,difficulte,observe_camarade
OBS,302,Blanc,Eliott,,,,2025-11-12,09:24,tutorat,explique_camarade
OBS,302,Blanc,Eliott,,,,2025-11-12,09:26,participation,repond_si_sollicite
OBS,302,Blanc,Eliott,,,,2025-11-12,09:28,entree,demarre_immediat
OBS,302,Blanc,Eliott,,,,2025-11-12,09:30,attention,concentre
OBS,302,Mercier,Zoe,,,,2025-11-12,09:29,tutorat,donne_reponse_directe
OBS,302,Mercier,Zoe,,,,2025-11-12,09:31,participation,repond_si_sollicite
OBS,302,Mercier,Zoe,,,,2025-11-12,09:33,difficulte,cherche_seul
OBS,302,Mercier,Zoe,,,,2025-11-12,09:35,ressources,attend_professeur
OBS,302,Mercier,Zoe,,,,2025-11-12,09:37,entree,attend_sans_commencer
OBS,302,Aubert,Ines,,,,2025-11-12,09:07,tutorat,aide_si_sollicite
OBS,302,Aubert,Ines,,,,2025-11-12,09:09,participation,repond_si_sollicite
OBS,302,Aubert,Ines,,,,2025-11-12,09:11,attention,concentre
OBS,302,Aubert,Ines,,,,2025-11-12,09:13,finalisation,verifie_travail
OBS,302,Dupont,Victor,,,,2025-11-12,09:17,tutorat,aide_si_sollicite
OBS,302,Dupont,Victor,,,,2025-11-12,09:19,participation,repond_si_sollicite
OBS,302,Dupont,Victor,,,,2025-11-12,09:21,attention,distrait_momentanement
OBS,302,Dupont,Victor,,,,2025-11-12,09:23,ressources,sollicite_immediat
OBS,302,Nicolas,Adam,,,,2025-11-12,09:01,tutorat,donne_reponse_directe
OBS,302,Nicolas,Adam,,,,2025-11-12,09:03,participation,repond_si_sollicite
OBS,302,Nicolas,Adam,,,,2025-11-12,09:05,ressources,sollicite_immediat
OBS,302,Nicolas,Adam,,,,2025-11-12,09:07,entree,demarre_relance
OBS,302,Nicolas,Adam,,,,2025-11-12,09:09,attention,bavarde_travail
OBS,302,Girard,Lina,,,,2025-11-12,09:21,tutorat,aide_si_sollicite
OBS,302,Girard,Lina,,,,2025-11-12,09:23,participation,repond_si_sollicite
OBS,302,Girard,Lina,,,,2025-11-12,09:25,ressources,utilise_document_r
OBS,302,Girard,Lina,,,,2025-11-12,09:27,attention,distrait_momentanement
OBS,302,Girard,Lina,,,,2025-11-12,09:29,entree,attend_sans_commencer
OBS,302,Laurent,Nina,,,,2025-11-12,09:43,tutorat,donne_reponse_directe
OBS,302,Laurent,Nina,,,,2025-11-12,09:45,participation,repond_si_sollicite
OBS,302,Laurent,Nina,,,,2025-11-12,09:47,finalisation,verifie_travail
OBS,302,Laurent,Nina,,,,2025-11-12,09:49,ressources,sollicite_immediat
OBS,302,Laurent,Nina,,,,2025-11-12,09:51,attention,bavarde_travail
OBS,302,Meunier,Jade,,,,2025-11-12,09:23,tutorat,aide_si_sollicite
OBS,302,Meunier,Jade,,,,2025-11-12,09:25,participation,repond_si_sollicite
OBS,302,Meunier,Jade,,,,2025-11-12,09:27,attention,bavarde_travail
OBS,302,Meunier,Jade,,,,2025-11-12,09:29,finalisation,activite_incomplete
OBS,302,Marchand,Eliott,,,,2025-11-12,09:21,tutorat,aide_si_sollicite
OBS,302,Marchand,Eliott,,,,2025-11-12,09:23,participation,repond_si_insiste
OBS,302,Marchand,Eliott,,,,2025-11-12,09:25,attention,distrait_momentanement
OBS,302,Marchand,Eliott,,,,2025-11-12,09:27,finalisation,passe_autre_activite
OBS,302,Moreau,Louis,,,,2025-11-12,09:29,tutorat,refuse_aider
OBS,302,Moreau,Louis,,,,2025-11-12,09:31,participation,repond_si_insiste
OBS,302,Moreau,Louis,,,,2025-11-12,09:33,attention,revasse
OBS,302,Moreau,Louis,,,,2025-11-12,09:35,entree,attend_sans_commencer
OBS,302,Moreau,Louis,,,,2025-11-12,09:37,ressources,attend_correction
OBS,302,Masson,Rayan,,,,2025-11-12,09:28,tutorat,explique_camarade
OBS,302,Masson,Rayan,,,,2025-11-12,09:30,participation,repond_si_sollicite
OBS,302,Masson,Rayan,,,,2025-11-12,09:32,ressources,sollicite_apres_cherche
OBS,302,Masson,Rayan,,,,2025-11-12,09:34,attention,concentre
OBS,302,Chevalier,Gabriel,,,,2025-11-12,09:29,tutorat,explique_camarade
OBS,302,Chevalier,Gabriel,,,,2025-11-12,09:31,participation,participe_spontanement
OBS,302,Chevalier,Gabriel,,,,2025-11-12,09:33,difficulte,cherche_seul
OBS,302,Chevalier,Gabriel,,,,2025-11-12,09:35,entree,demarre_immediat
SESSION,302,demo_302_202511170900,1763366400000,1763369700000
OBS,302,Faure,Simon,,,,2025-11-17,09:34,tutorat,explique_camarade
OBS,302,Faure,Simon,,,,2025-11-17,09:36,participation,participe_spontanement
OBS,302,Faure,Simon,,,,2025-11-17,09:38,difficulte,utilise_document_d
OBS,302,Faure,Simon,,,,2025-11-17,09:40,finalisation,activite_terminee
OBS,302,Gauthier,Adam,,,,2025-11-17,09:33,tutorat,aide_si_sollicite
OBS,302,Gauthier,Adam,,,,2025-11-17,09:35,participation,repond_si_insiste
OBS,302,Gauthier,Adam,,,,2025-11-17,09:37,finalisation,verifie_travail
OBS,302,Gauthier,Adam,,,,2025-11-17,09:39,attention,distrait_momentanement
OBS,302,Gauthier,Adam,,,,2025-11-17,09:41,difficulte,observe_camarade
OBS,302,Rousseau,Jade,,,,2025-11-17,09:32,tutorat,donne_reponse_directe
OBS,302,Rousseau,Jade,,,,2025-11-17,09:34,participation,repond_si_sollicite
OBS,302,Rousseau,Jade,,,,2025-11-17,09:36,difficulte,observe_camarade
OBS,302,Fournier,Louise,,,,2025-11-17,09:24,tutorat,donne_reponse_directe
OBS,302,Fournier,Louise,,,,2025-11-17,09:26,participation,ne_participe_pas
OBS,302,Fournier,Louise,,,,2025-11-17,09:28,finalisation,activite_incomplete
OBS,302,Fournier,Louise,,,,2025-11-17,09:30,difficulte,attend_d
OBS,302,Muller,Lea,,,,2025-11-17,09:46,tutorat,explique_camarade
OBS,302,Muller,Lea,,,,2025-11-17,09:48,participation,participe_spontanement
OBS,302,Muller,Lea,,,,2025-11-17,09:50,ressources,utilise_aides_activite
OBS,302,Muller,Lea,,,,2025-11-17,09:52,difficulte,cherche_seul
OBS,302,Muller,Lea,,,,2025-11-17,09:53,entree,demarre_immediat
OBS,302,Boyer,Iris,,,,2025-11-17,09:03,tutorat,donne_reponse_directe
OBS,302,Boyer,Iris,,,,2025-11-17,09:05,participation,repond_si_insiste
OBS,302,Boyer,Iris,,,,2025-11-17,09:07,difficulte,attend_d
OBS,302,Boyer,Iris,,,,2025-11-17,09:09,ressources,sollicite_immediat
OBS,302,Boyer,Iris,,,,2025-11-17,09:11,finalisation,recopie_correction
OBS,302,Bertrand,Liam,,,,2025-11-17,09:26,tutorat,donne_reponse_directe
OBS,302,Bertrand,Liam,,,,2025-11-17,09:28,participation,ne_participe_pas
OBS,302,Bertrand,Liam,,,,2025-11-17,09:30,entree,attend_sans_commencer
OBS,302,Bertrand,Liam,,,,2025-11-17,09:32,finalisation,recopie_correction
OBS,302,Bertrand,Liam,,,,2025-11-17,09:34,attention,distrait_momentanement
OBS,302,Lambert,Maya,,,,2025-11-17,09:24,tutorat,donne_reponse_directe
OBS,302,Lambert,Maya,,,,2025-11-17,09:26,participation,repond_si_insiste
OBS,302,Lambert,Maya,,,,2025-11-17,09:28,entree,attend_sans_commencer
OBS,302,Lambert,Maya,,,,2025-11-17,09:30,attention,bavarde_travail
OBS,302,Lambert,Maya,,,,2025-11-17,09:32,finalisation,recopie_correction
OBS,302,Guerin,Lola,,,,2025-11-17,09:38,tutorat,donne_reponse_directe
OBS,302,Guerin,Lola,,,,2025-11-17,09:40,participation,repond_si_insiste
OBS,302,Guerin,Lola,,,,2025-11-17,09:42,ressources,attend_professeur
OBS,302,Guerin,Lola,,,,2025-11-17,09:44,attention,bavarde_travail
OBS,302,Renard,Rose,,,,2025-11-17,09:40,tutorat,donne_reponse_directe
OBS,302,Renard,Rose,,,,2025-11-17,09:42,participation,repond_si_sollicite
OBS,302,Renard,Rose,,,,2025-11-17,09:44,entree,attend_sans_commencer
OBS,302,Renard,Rose,,,,2025-11-17,09:46,difficulte,attend_d
OBS,302,Robert,Ines,,,,2025-11-17,09:48,tutorat,donne_reponse_directe
OBS,302,Robert,Ines,,,,2025-11-17,09:50,participation,repond_si_insiste
OBS,302,Robert,Ines,,,,2025-11-17,09:52,finalisation,passe_autre_activite
OBS,302,Robert,Ines,,,,2025-11-17,09:53,entree,attend_sans_commencer
OBS,302,Robert,Ines,,,,2025-11-17,09:53,ressources,sollicite_immediat
OBS,302,Fontaine,Axel,,,,2025-11-17,09:35,tutorat,donne_reponse_directe
OBS,302,Fontaine,Axel,,,,2025-11-17,09:37,participation,repond_si_sollicite
OBS,302,Fontaine,Axel,,,,2025-11-17,09:39,attention,distrait_momentanement
OBS,302,Fontaine,Axel,,,,2025-11-17,09:41,difficulte,attend_d
OBS,302,Fontaine,Axel,,,,2025-11-17,09:43,ressources,attend_professeur
OBS,302,Sanchez,Rafael,,,,2025-11-17,09:31,tutorat,refuse_aider
OBS,302,Sanchez,Rafael,,,,2025-11-17,09:33,participation,repond_si_insiste
OBS,302,Sanchez,Rafael,,,,2025-11-17,09:35,entree,ne_demarre_pas
OBS,302,Sanchez,Rafael,,,,2025-11-17,09:37,attention,revasse
OBS,302,Sanchez,Rafael,,,,2025-11-17,09:39,difficulte,attend_d
OBS,302,Blanc,Eliott,,,,2025-11-17,09:11,tutorat,aide_si_sollicite
OBS,302,Blanc,Eliott,,,,2025-11-17,09:13,participation,participe_spontanement
OBS,302,Blanc,Eliott,,,,2025-11-17,09:15,difficulte,utilise_document_d
OBS,302,Blanc,Eliott,,,,2025-11-17,09:17,attention,bavarde_travail
OBS,302,Blanc,Eliott,,,,2025-11-17,09:19,entree,demarre_relance
OBS,302,Mercier,Zoe,,,,2025-11-17,09:06,tutorat,explique_camarade
OBS,302,Mercier,Zoe,,,,2025-11-17,09:08,participation,repond_si_sollicite
OBS,302,Mercier,Zoe,,,,2025-11-17,09:10,entree,attend_sans_commencer
OBS,302,Mercier,Zoe,,,,2025-11-17,09:12,ressources,sollicite_immediat
OBS,302,Mercier,Zoe,,,,2025-11-17,09:14,difficulte,demande_aide_pertinente
OBS,302,Aubert,Ines,,,,2025-11-17,09:39,tutorat,aide_si_sollicite
OBS,302,Aubert,Ines,,,,2025-11-17,09:41,participation,repond_si_sollicite
OBS,302,Aubert,Ines,,,,2025-11-17,09:43,finalisation,activite_terminee
OBS,302,Aubert,Ines,,,,2025-11-17,09:45,difficulte,utilise_document_d
OBS,302,Aubert,Ines,,,,2025-11-17,09:47,ressources,utilise_document_r
OBS,302,Dupont,Victor,,,,2025-11-17,09:28,tutorat,aide_si_sollicite
OBS,302,Dupont,Victor,,,,2025-11-17,09:30,participation,repond_si_insiste
OBS,302,Dupont,Victor,,,,2025-11-17,09:32,ressources,attend_professeur
OBS,302,Dupont,Victor,,,,2025-11-17,09:34,finalisation,activite_terminee
OBS,302,Girard,Lina,,,,2025-11-17,09:09,tutorat,aide_si_sollicite
OBS,302,Girard,Lina,,,,2025-11-17,09:11,participation,repond_si_sollicite
OBS,302,Girard,Lina,,,,2025-11-17,09:13,attention,concentre
OBS,302,Girard,Lina,,,,2025-11-17,09:15,finalisation,passe_autre_activite
OBS,302,Girard,Lina,,,,2025-11-17,09:17,entree,demarre_relance
OBS,302,Meunier,Jade,,,,2025-11-17,09:47,tutorat,explique_camarade
OBS,302,Meunier,Jade,,,,2025-11-17,09:49,participation,repond_si_sollicite
OBS,302,Meunier,Jade,,,,2025-11-17,09:51,attention,reconcentre_seul
OBS,302,Meunier,Jade,,,,2025-11-17,09:53,entree,demarre_immediat
OBS,302,Meunier,Jade,,,,2025-11-17,09:53,ressources,utilise_document_r
OBS,302,Petit,Louis,,,,2025-11-17,09:13,tutorat,donne_reponse_directe
OBS,302,Petit,Louis,,,,2025-11-17,09:15,participation,repond_si_sollicite
OBS,302,Petit,Louis,,,,2025-11-17,09:17,difficulte,copie_camarade
OBS,302,Marchand,Eliott,,,,2025-11-17,09:17,tutorat,aide_si_sollicite
OBS,302,Marchand,Eliott,,,,2025-11-17,09:19,participation,repond_si_sollicite
OBS,302,Marchand,Eliott,,,,2025-11-17,09:21,entree,attend_sans_commencer
OBS,302,Marchand,Eliott,,,,2025-11-17,09:23,attention,bavarde_travail
OBS,302,Marchand,Eliott,,,,2025-11-17,09:25,finalisation,activite_incomplete
OBS,302,Moreau,Louis,,,,2025-11-17,09:42,tutorat,aide_si_sollicite
OBS,302,Moreau,Louis,,,,2025-11-17,09:44,participation,repond_si_insiste
OBS,302,Moreau,Louis,,,,2025-11-17,09:46,attention,bavarde_travail
OBS,302,Moreau,Louis,,,,2025-11-17,09:48,entree,attend_sans_commencer
OBS,302,Moreau,Louis,,,,2025-11-17,09:50,finalisation,activite_incomplete
OBS,302,Chevalier,Gabriel,,,,2025-11-17,09:22,tutorat,explique_camarade
OBS,302,Chevalier,Gabriel,,,,2025-11-17,09:24,participation,participe_spontanement
OBS,302,Chevalier,Gabriel,,,,2025-11-17,09:26,ressources,utilise_aides_activite
OBS,302,Chevalier,Gabriel,,,,2025-11-17,09:28,finalisation,activite_terminee
SESSION,302,demo_302_202511210900,1763712000000,1763715300000
OBS,302,Faure,Simon,,,,2025-11-21,09:19,tutorat,explique_camarade
OBS,302,Faure,Simon,,,,2025-11-21,09:21,participation,repond_si_sollicite
OBS,302,Faure,Simon,,,,2025-11-21,09:23,difficulte,observe_camarade
OBS,302,Faure,Simon,,,,2025-11-21,09:25,finalisation,activite_terminee
OBS,302,Perrin,Simon,,,,2025-11-21,09:29,tutorat,explique_camarade
OBS,302,Perrin,Simon,,,,2025-11-21,09:31,participation,participe_spontanement
OBS,302,Perrin,Simon,,,,2025-11-21,09:33,ressources,echange_camarade
OBS,302,Perrin,Simon,,,,2025-11-21,09:35,finalisation,corrige_erreur
OBS,302,Perrin,Simon,,,,2025-11-21,09:37,attention,concentre
OBS,302,Vincent,Lucie,,,,2025-11-21,09:28,tutorat,donne_reponse_directe
OBS,302,Vincent,Lucie,,,,2025-11-21,09:30,participation,repond_si_sollicite
OBS,302,Vincent,Lucie,,,,2025-11-21,09:32,entree,attend_sans_commencer
OBS,302,Vincent,Lucie,,,,2025-11-21,09:34,ressources,attend_professeur
OBS,302,Vincent,Lucie,,,,2025-11-21,09:36,difficulte,attend_d
OBS,302,Fournier,Louise,,,,2025-11-21,09:28,tutorat,donne_reponse_directe
OBS,302,Fournier,Louise,,,,2025-11-21,09:30,participation,repond_si_insiste
OBS,302,Fournier,Louise,,,,2025-11-21,09:32,ressources,attend_professeur
OBS,302,Fournier,Louise,,,,2025-11-21,09:34,difficulte,copie_camarade
OBS,302,Fournier,Louise,,,,2025-11-21,09:36,attention,bavarde_hors_sujet
OBS,302,Muller,Lea,,,,2025-11-21,09:05,tutorat,explique_camarade
OBS,302,Muller,Lea,,,,2025-11-21,09:07,participation,repond_si_sollicite
OBS,302,Muller,Lea,,,,2025-11-21,09:09,attention,reconcentre_seul
OBS,302,Muller,Lea,,,,2025-11-21,09:11,ressources,echange_camarade
OBS,302,Muller,Lea,,,,2025-11-21,09:13,entree,demarre_immediat
OBS,302,Boyer,Iris,,,,2025-11-21,09:30,tutorat,donne_reponse_directe
OBS,302,Boyer,Iris,,,,2025-11-21,09:32,participation,repond_si_insiste
OBS,302,Boyer,Iris,,,,2025-11-21,09:34,attention,bavarde_travail
OBS,302,Boyer,Iris,,,,2025-11-21,09:36,ressources,attend_correction
OBS,302,Boyer,Iris,,,,2025-11-21,09:38,finalisation,activite_incomplete
OBS,302,Morel,Manon,,,,2025-11-21,09:23,tutorat,aide_si_sollicite
OBS,302,Morel,Manon,,,,2025-11-21,09:25,participation,repond_si_sollicite
OBS,302,Morel,Manon,,,,2025-11-21,09:27,entree,demarre_relance
OBS,302,Morel,Manon,,,,2025-11-21,09:29,finalisation,passe_autre_activite
OBS,302,Bertrand,Liam,,,,2025-11-21,09:19,tutorat,donne_reponse_directe
OBS,302,Bertrand,Liam,,,,2025-11-21,09:21,participation,repond_si_sollicite
OBS,302,Bertrand,Liam,,,,2025-11-21,09:23,finalisation,passe_autre_activite
OBS,302,Bertrand,Liam,,,,2025-11-21,09:25,attention,distrait_momentanement
OBS,302,Lambert,Maya,,,,2025-11-21,09:02,tutorat,donne_reponse_directe
OBS,302,Lambert,Maya,,,,2025-11-21,09:04,participation,repond_si_insiste
OBS,302,Lambert,Maya,,,,2025-11-21,09:06,entree,attend_sans_commencer
OBS,302,Lambert,Maya,,,,2025-11-21,09:08,finalisation,activite_incomplete
OBS,302,Renard,Rose,,,,2025-11-21,09:28,tutorat,refuse_aider
OBS,302,Renard,Rose,,,,2025-11-21,09:30,participation,ne_participe_pas
OBS,302,Renard,Rose,,,,2025-11-21,09:32,finalisation,recopie_correction
OBS,302,Renard,Rose,,,,2025-11-21,09:34,entree,attend_sans_commencer
OBS,302,Robert,Ines,,,,2025-11-21,09:24,tutorat,aide_si_sollicite
OBS,302,Robert,Ines,,,,2025-11-21,09:26,participation,repond_si_insiste
OBS,302,Robert,Ines,,,,2025-11-21,09:28,finalisation,activite_incomplete
OBS,302,Robert,Ines,,,,2025-11-21,09:30,difficulte,observe_camarade
OBS,302,Fontaine,Axel,,,,2025-11-21,09:33,tutorat,refuse_aider
OBS,302,Fontaine,Axel,,,,2025-11-21,09:35,participation,repond_si_insiste
OBS,302,Fontaine,Axel,,,,2025-11-21,09:37,finalisation,activite_incomplete
OBS,302,Fontaine,Axel,,,,2025-11-21,09:39,entree,attend_sans_commencer
OBS,302,Fontaine,Axel,,,,2025-11-21,09:41,difficulte,copie_correction
OBS,302,Sanchez,Rafael,,,,2025-11-21,09:18,tutorat,refuse_aider
OBS,302,Sanchez,Rafael,,,,2025-11-21,09:20,participation,ne_participe_pas
OBS,302,Sanchez,Rafael,,,,2025-11-21,09:22,finalisation,recopie_correction
OBS,302,Sanchez,Rafael,,,,2025-11-21,09:24,difficulte,copie_correction
OBS,302,Sanchez,Rafael,,,,2025-11-21,09:26,ressources,attend_professeur
OBS,302,Blanc,Eliott,,,,2025-11-21,09:43,tutorat,refuse_aider
OBS,302,Blanc,Eliott,,,,2025-11-21,09:45,participation,repond_si_insiste
OBS,302,Blanc,Eliott,,,,2025-11-21,09:47,ressources,sollicite_immediat
OBS,302,Blanc,Eliott,,,,2025-11-21,09:49,finalisation,passe_autre_activite
OBS,302,Mercier,Zoe,,,,2025-11-21,09:17,tutorat,aide_si_sollicite
OBS,302,Mercier,Zoe,,,,2025-11-21,09:19,participation,repond_si_sollicite
OBS,302,Mercier,Zoe,,,,2025-11-21,09:21,difficulte,cherche_seul
OBS,302,Mercier,Zoe,,,,2025-11-21,09:23,attention,bavarde_travail
OBS,302,Mercier,Zoe,,,,2025-11-21,09:25,entree,demarre_relance
OBS,302,Aubert,Ines,,,,2025-11-21,09:03,tutorat,aide_si_sollicite
OBS,302,Aubert,Ines,,,,2025-11-21,09:05,participation,repond_si_insiste
OBS,302,Aubert,Ines,,,,2025-11-21,09:07,entree,ne_demarre_pas
OBS,302,Aubert,Ines,,,,2025-11-21,09:09,ressources,attend_professeur
OBS,302,Aubert,Ines,,,,2025-11-21,09:11,attention,bavarde_travail
OBS,302,Dupont,Victor,,,,2025-11-21,09:12,tutorat,aide_si_sollicite
OBS,302,Dupont,Victor,,,,2025-11-21,09:14,participation,repond_si_sollicite
OBS,302,Dupont,Victor,,,,2025-11-21,09:16,entree,demarre_relance
OBS,302,Dupont,Victor,,,,2025-11-21,09:18,ressources,echange_camarade
OBS,302,Dupont,Victor,,,,2025-11-21,09:20,difficulte,cherche_seul
OBS,302,Girard,Lina,,,,2025-11-21,09:22,tutorat,donne_reponse_directe
OBS,302,Girard,Lina,,,,2025-11-21,09:24,participation,repond_si_insiste
OBS,302,Girard,Lina,,,,2025-11-21,09:26,difficulte,observe_camarade
OBS,302,Girard,Lina,,,,2025-11-21,09:28,entree,demarre_relance
OBS,302,Laurent,Nina,,,,2025-11-21,09:10,tutorat,donne_reponse_directe
OBS,302,Laurent,Nina,,,,2025-11-21,09:12,participation,repond_si_sollicite
OBS,302,Laurent,Nina,,,,2025-11-21,09:14,attention,distrait_momentanement
OBS,302,Laurent,Nina,,,,2025-11-21,09:16,ressources,sollicite_immediat
OBS,302,Laurent,Nina,,,,2025-11-21,09:18,finalisation,corrige_erreur
OBS,302,Meunier,Jade,,,,2025-11-21,09:44,tutorat,explique_camarade
OBS,302,Meunier,Jade,,,,2025-11-21,09:46,participation,participe_spontanement
OBS,302,Meunier,Jade,,,,2025-11-21,09:48,difficulte,cherche_seul
OBS,302,Meunier,Jade,,,,2025-11-21,09:50,ressources,sollicite_apres_cherche
OBS,302,Marchand,Eliott,,,,2025-11-21,09:14,tutorat,explique_camarade
OBS,302,Marchand,Eliott,,,,2025-11-21,09:16,participation,participe_spontanement
OBS,302,Marchand,Eliott,,,,2025-11-21,09:18,entree,demarre_immediat
OBS,302,Marchand,Eliott,,,,2025-11-21,09:20,finalisation,activite_incomplete
OBS,302,Moreau,Louis,,,,2025-11-21,09:32,tutorat,aide_si_sollicite
OBS,302,Moreau,Louis,,,,2025-11-21,09:34,participation,repond_si_insiste
OBS,302,Moreau,Louis,,,,2025-11-21,09:36,attention,distrait_momentanement
OBS,302,Moreau,Louis,,,,2025-11-21,09:38,finalisation,passe_autre_activite
OBS,302,Moreau,Louis,,,,2025-11-21,09:40,entree,attend_sans_commencer
OBS,302,Masson,Rayan,,,,2025-11-21,09:33,tutorat,explique_camarade
OBS,302,Masson,Rayan,,,,2025-11-21,09:35,participation,participe_spontanement
OBS,302,Masson,Rayan,,,,2025-11-21,09:37,ressources,sollicite_apres_cherche
OBS,302,Masson,Rayan,,,,2025-11-21,09:39,entree,demarre_immediat
OBS,302,Masson,Rayan,,,,2025-11-21,09:41,difficulte,utilise_document_d
OBS,302,Chevalier,Gabriel,,,,2025-11-21,09:38,tutorat,aide_si_sollicite
OBS,302,Chevalier,Gabriel,,,,2025-11-21,09:40,participation,participe_spontanement
OBS,302,Chevalier,Gabriel,,,,2025-11-21,09:42,finalisation,corrige_erreur
OBS,302,Chevalier,Gabriel,,,,2025-11-21,09:44,attention,bavarde_travail
OBS,302,Chevalier,Gabriel,,,,2025-11-21,09:46,ressources,echange_camarade
SESSION,302,demo_302_202511260900,1764144000000,1764147300000
OBS,302,Faure,Simon,,,,2025-11-26,09:26,tutorat,aide_si_sollicite
OBS,302,Faure,Simon,,,,2025-11-26,09:28,participation,participe_spontanement
OBS,302,Faure,Simon,,,,2025-11-26,09:30,entree,demarre_relance
OBS,302,Faure,Simon,,,,2025-11-26,09:32,attention,reconcentre_seul
OBS,302,Faure,Simon,,,,2025-11-26,09:34,ressources,utilise_document_r
OBS,302,Perrin,Simon,,,,2025-11-26,09:25,tutorat,aide_si_sollicite
OBS,302,Perrin,Simon,,,,2025-11-26,09:27,participation,repond_si_sollicite
OBS,302,Perrin,Simon,,,,2025-11-26,09:29,attention,bavarde_travail
OBS,302,Perrin,Simon,,,,2025-11-26,09:31,ressources,attend_professeur
OBS,302,Perrin,Simon,,,,2025-11-26,09:33,finalisation,activite_terminee
OBS,302,Fournier,Louise,,,,2025-11-26,09:43,tutorat,refuse_aider
OBS,302,Fournier,Louise,,,,2025-11-26,09:45,participation,ne_participe_pas
OBS,302,Fournier,Louise,,,,2025-11-26,09:47,entree,ne_demarre_pas
OBS,302,Fournier,Louise,,,,2025-11-26,09:49,finalisation,recopie_correction
OBS,302,Muller,Lea,,,,2025-11-26,09:08,tutorat,aide_si_sollicite
OBS,302,Muller,Lea,,,,2025-11-26,09:10,participation,repond_si_sollicite
OBS,302,Muller,Lea,,,,2025-11-26,09:12,entree,demarre_immediat
OBS,302,Muller,Lea,,,,2025-11-26,09:14,difficulte,observe_camarade
OBS,302,Muller,Lea,,,,2025-11-26,09:16,finalisation,activite_incomplete
OBS,302,Boyer,Iris,,,,2025-11-26,09:25,tutorat,donne_reponse_directe
OBS,302,Boyer,Iris,,,,2025-11-26,09:27,participation,repond_si_insiste
OBS,302,Boyer,Iris,,,,2025-11-26,09:29,attention,distrait_momentanement
OBS,302,Boyer,Iris,,,,2025-11-26,09:31,finalisation,passe_autre_activite
OBS,302,Morel,Manon,,,,2025-11-26,09:03,tutorat,donne_reponse_directe
OBS,302,Morel,Manon,,,,2025-11-26,09:05,participation,repond_si_insiste
OBS,302,Morel,Manon,,,,2025-11-26,09:07,ressources,sollicite_immediat
OBS,302,Morel,Manon,,,,2025-11-26,09:09,finalisation,passe_autre_activite
OBS,302,Bertrand,Liam,,,,2025-11-26,09:45,tutorat,aide_si_sollicite
OBS,302,Bertrand,Liam,,,,2025-11-26,09:47,participation,repond_si_sollicite
OBS,302,Bertrand,Liam,,,,2025-11-26,09:49,entree,demarre_relance
OBS,302,Bertrand,Liam,,,,2025-11-26,09:51,finalisation,verifie_travail
OBS,302,Bertrand,Liam,,,,2025-11-26,09:53,ressources,utilise_aides_activite
OBS,302,Lambert,Maya,,,,2025-11-26,09:22,tutorat,donne_reponse_directe
OBS,302,Lambert,Maya,,,,2025-11-26,09:24,participation,repond_si_insiste
OBS,302,Lambert,Maya,,,,2025-11-26,09:26,ressources,attend_correction
OBS,302,Lambert,Maya,,,,2025-11-26,09:28,finalisation,recopie_correction
OBS,302,Robert,Ines,,,,2025-11-26,09:29,tutorat,aide_si_sollicite
OBS,302,Robert,Ines,,,,2025-11-26,09:31,participation,repond_si_sollicite
OBS,302,Robert,Ines,,,,2025-11-26,09:33,ressources,sollicite_immediat
OBS,302,Robert,Ines,,,,2025-11-26,09:35,attention,bavarde_travail
OBS,302,Robert,Ines,,,,2025-11-26,09:37,difficulte,observe_camarade
OBS,302,Fontaine,Axel,,,,2025-11-26,09:23,tutorat,donne_reponse_directe
OBS,302,Fontaine,Axel,,,,2025-11-26,09:25,participation,repond_si_insiste
OBS,302,Fontaine,Axel,,,,2025-11-26,09:27,entree,attend_sans_commencer
OBS,302,Fontaine,Axel,,,,2025-11-26,09:29,difficulte,attend_d
OBS,302,Sanchez,Rafael,,,,2025-11-26,09:28,tutorat,refuse_aider
OBS,302,Sanchez,Rafael,,,,2025-11-26,09:30,participation,ne_participe_pas
OBS,302,Sanchez,Rafael,,,,2025-11-26,09:32,finalisation,passe_autre_activite
OBS,302,Sanchez,Rafael,,,,2025-11-26,09:34,entree,ne_demarre_pas
OBS,302,Mercier,Zoe,,,,2025-11-26,09:36,tutorat,explique_camarade
OBS,302,Mercier,Zoe,,,,2025-11-26,09:38,participation,repond_si_sollicite
OBS,302,Mercier,Zoe,,,,2025-11-26,09:40,attention,concentre
OBS,302,Mercier,Zoe,,,,2025-11-26,09:42,ressources,echange_camarade
OBS,302,Aubert,Ines,,,,2025-11-26,09:39,tutorat,refuse_aider
OBS,302,Aubert,Ines,,,,2025-11-26,09:41,participation,repond_si_insiste
OBS,302,Aubert,Ines,,,,2025-11-26,09:43,finalisation,activite_incomplete
OBS,302,Aubert,Ines,,,,2025-11-26,09:45,entree,attend_sans_commencer
OBS,302,Nicolas,Adam,,,,2025-11-26,09:41,tutorat,aide_si_sollicite
OBS,302,Nicolas,Adam,,,,2025-11-26,09:43,participation,repond_si_sollicite
OBS,302,Nicolas,Adam,,,,2025-11-26,09:45,finalisation,passe_autre_activite
OBS,302,Nicolas,Adam,,,,2025-11-26,09:47,ressources,attend_professeur
OBS,302,Nicolas,Adam,,,,2025-11-26,09:49,entree,attend_sans_commencer
OBS,302,Girard,Lina,,,,2025-11-26,09:28,tutorat,donne_reponse_directe
OBS,302,Girard,Lina,,,,2025-11-26,09:30,participation,repond_si_insiste
OBS,302,Girard,Lina,,,,2025-11-26,09:32,finalisation,activite_incomplete
OBS,302,Girard,Lina,,,,2025-11-26,09:34,difficulte,utilise_document_d
OBS,302,Meunier,Jade,,,,2025-11-26,09:33,tutorat,explique_camarade
OBS,302,Meunier,Jade,,,,2025-11-26,09:35,participation,participe_spontanement
OBS,302,Meunier,Jade,,,,2025-11-26,09:37,ressources,sollicite_apres_cherche
OBS,302,Meunier,Jade,,,,2025-11-26,09:39,finalisation,corrige_erreur
OBS,302,Petit,Louis,,,,2025-11-26,09:07,tutorat,refuse_aider
OBS,302,Petit,Louis,,,,2025-11-26,09:09,participation,ne_participe_pas
OBS,302,Petit,Louis,,,,2025-11-26,09:11,entree,ne_demarre_pas
OBS,302,Marchand,Eliott,,,,2025-11-26,09:04,tutorat,aide_si_sollicite
OBS,302,Marchand,Eliott,,,,2025-11-26,09:06,participation,repond_si_sollicite
OBS,302,Marchand,Eliott,,,,2025-11-26,09:08,attention,distrait_momentanement
OBS,302,Marchand,Eliott,,,,2025-11-26,09:10,difficulte,cherche_seul
OBS,302,Marchand,Eliott,,,,2025-11-26,09:12,finalisation,activite_incomplete
OBS,302,Moreau,Louis,,,,2025-11-26,09:07,tutorat,aide_si_sollicite
OBS,302,Moreau,Louis,,,,2025-11-26,09:09,participation,repond_si_sollicite
OBS,302,Moreau,Louis,,,,2025-11-26,09:11,attention,bavarde_travail
OBS,302,Moreau,Louis,,,,2025-11-26,09:13,finalisation,passe_autre_activite
OBS,302,Chevalier,Gabriel,,,,2025-11-26,09:34,tutorat,explique_camarade
OBS,302,Chevalier,Gabriel,,,,2025-11-26,09:36,participation,participe_spontanement
OBS,302,Chevalier,Gabriel,,,,2025-11-26,09:38,attention,concentre
OBS,302,Chevalier,Gabriel,,,,2025-11-26,09:40,difficulte,utilise_document_d
OBS,302,Chevalier,Gabriel,,,,2025-11-26,09:42,finalisation,corrige_erreur
SESSION,302,demo_302_202512020900,1764662400000,1764665700000
OBS,302,Faure,Simon,,,,2025-12-02,09:43,tutorat,explique_camarade
OBS,302,Faure,Simon,,,,2025-12-02,09:45,participation,participe_spontanement
OBS,302,Faure,Simon,,,,2025-12-02,09:47,entree,demarre_immediat
OBS,302,Faure,Simon,,,,2025-12-02,09:49,difficulte,demande_aide_pertinente
OBS,302,Faure,Simon,,,,2025-12-02,09:51,attention,concentre
OBS,302,Perrin,Simon,,,,2025-12-02,09:11,tutorat,aide_si_sollicite
OBS,302,Perrin,Simon,,,,2025-12-02,09:13,participation,repond_si_sollicite
OBS,302,Perrin,Simon,,,,2025-12-02,09:15,ressources,attend_professeur
OBS,302,Perrin,Simon,,,,2025-12-02,09:17,difficulte,attend_d
OBS,302,Perrin,Simon,,,,2025-12-02,09:19,entree,demarre_relance
OBS,302,Vincent,Lucie,,,,2025-12-02,09:41,tutorat,donne_reponse_directe
OBS,302,Vincent,Lucie,,,,2025-12-02,09:43,participation,repond_si_insiste
OBS,302,Vincent,Lucie,,,,2025-12-02,09:45,ressources,sollicite_immediat
OBS,302,Vincent,Lucie,,,,2025-12-02,09:47,finalisation,passe_autre_activite
OBS,302,Fournier,Louise,,,,2025-12-02,09:33,tutorat,aide_si_sollicite
OBS,302,Fournier,Louise,,,,2025-12-02,09:35,participation,repond_si_insiste
OBS,302,Fournier,Louise,,,,2025-12-02,09:37,finalisation,activite_incomplete
OBS,302,Fournier,Louise,,,,2025-12-02,09:39,difficulte,observe_camarade
OBS,302,Muller,Lea,,,,2025-12-02,09:47,tutorat,explique_camarade
OBS,302,Muller,Lea,,,,2025-12-02,09:49,participation,repond_si_sollicite
OBS,302,Muller,Lea,,,,2025-12-02,09:51,finalisation,corrige_erreur
OBS,302,Muller,Lea,,,,2025-12-02,09:53,entree,demarre_relance
OBS,302,Muller,Lea,,,,2025-12-02,09:53,ressources,sollicite_apres_cherche
OBS,302,Boyer,Iris,,,,2025-12-02,09:26,tutorat,donne_reponse_directe
OBS,302,Boyer,Iris,,,,2025-12-02,09:28,participation,repond_si_insiste
OBS,302,Boyer,Iris,,,,2025-12-02,09:30,finalisation,activite_incomplete
OBS,302,Boyer,Iris,,,,2025-12-02,09:32,entree,attend_sans_commencer
OBS,302,Morel,Manon,,,,2025-12-02,09:25,tutorat,donne_reponse_directe
OBS,302,Morel,Manon,,,,2025-12-02,09:27,participation,repond_si_insiste
OBS,302,Morel,Manon,,,,2025-12-02,09:29,attention,distrait_momentanement
OBS,302,Morel,Manon,,,,2025-12-02,09:31,entree,attend_sans_commencer
OBS,302,Bertrand,Liam,,,,2025-12-02,09:47,tutorat,donne_reponse_directe
OBS,302,Bertrand,Liam,,,,2025-12-02,09:49,participation,repond_si_sollicite
OBS,302,Bertrand,Liam,,,,2025-12-02,09:51,difficulte,observe_camarade
OBS,302,Bertrand,Liam,,,,2025-12-02,09:53,attention,bavarde_travail
OBS,302,Lambert,Maya,,,,2025-12-02,09:47,tutorat,donne_reponse_directe
OBS,302,Lambert,Maya,,,,2025-12-02,09:49,participation,repond_si_sollicite
OBS,302,Lambert,Maya,,,,2025-12-02,09:51,ressources,sollicite_immediat
OBS,302,Lambert,Maya,,,,2025-12-02,09:53,finalisation,activite_incomplete
OBS,302,Guerin,Lola,,,,2025-12-02,09:47,tutorat,donne_reponse_directe
OBS,302,Guerin,Lola,,,,2025-12-02,09:49,participation,repond_si_sollicite
OBS,302,Guerin,Lola,,,,2025-12-02,09:51,ressources,attend_professeur
OBS,302,Guerin,Lola,,,,2025-12-02,09:53,entree,demarre_relance
OBS,302,Guerin,Lola,,,,2025-12-02,09:53,attention,reconcentre_seul
OBS,302,Renard,Rose,,,,2025-12-02,09:26,tutorat,donne_reponse_directe
OBS,302,Renard,Rose,,,,2025-12-02,09:28,participation,repond_si_insiste
OBS,302,Renard,Rose,,,,2025-12-02,09:30,difficulte,observe_camarade
OBS,302,Renard,Rose,,,,2025-12-02,09:32,finalisation,activite_incomplete
OBS,302,Robert,Ines,,,,2025-12-02,09:17,tutorat,donne_reponse_directe
OBS,302,Robert,Ines,,,,2025-12-02,09:19,participation,repond_si_sollicite
OBS,302,Robert,Ines,,,,2025-12-02,09:21,entree,attend_sans_commencer
OBS,302,Robert,Ines,,,,2025-12-02,09:23,difficulte,observe_camarade
OBS,302,Robert,Ines,,,,2025-12-02,09:25,finalisation,passe_autre_activite
OBS,302,Sanchez,Rafael,,,,2025-12-02,09:43,tutorat,refuse_aider
OBS,302,Sanchez,Rafael,,,,2025-12-02,09:45,participation,ne_participe_pas
OBS,302,Sanchez,Rafael,,,,2025-12-02,09:47,ressources,attend_correction
OBS,302,Sanchez,Rafael,,,,2025-12-02,09:49,difficulte,copie_correction
OBS,302,Blanc,Eliott,,,,2025-12-02,09:17,tutorat,aide_si_sollicite
OBS,302,Blanc,Eliott,,,,2025-12-02,09:19,participation,repond_si_insiste
OBS,302,Blanc,Eliott,,,,2025-12-02,09:21,difficulte,cherche_seul
OBS,302,Blanc,Eliott,,,,2025-12-02,09:23,ressources,utilise_aides_activite
OBS,302,Blanc,Eliott,,,,2025-12-02,09:25,entree,attend_sans_commencer
OBS,302,Mercier,Zoe,,,,2025-12-02,09:20,tutorat,donne_reponse_directe
OBS,302,Mercier,Zoe,,,,2025-12-02,09:22,participation,repond_si_sollicite
OBS,302,Mercier,Zoe,,,,2025-12-02,09:24,difficulte,observe_camarade
OBS,302,Mercier,Zoe,,,,2025-12-02,09:26,attention,distrait_momentanement
OBS,302,Mercier,Zoe,,,,2025-12-02,09:28,finalisation,verifie_travail
OBS,302,Aubert,Ines,,,,2025-12-02,09:20,tutorat,donne_reponse_directe
OBS,302,Aubert,Ines,,,,2025-12-02,09:22,participation,repond_si_sollicite
OBS,302,Aubert,Ines,,,,2025-12-02,09:24,attention,distrait_momentanement
OBS,302,Aubert,Ines,,,,2025-12-02,09:26,finalisation,activite_incomplete
OBS,302,Aubert,Ines,,,,2025-12-02,09:28,entree,demarre_relance
OBS,302,Dupont,Victor,,,,2025-12-02,09:24,tutorat,explique_camarade
OBS,302,Dupont,Victor,,,,2025-12-02,09:26,participation,repond_si_sollicite
OBS,302,Dupont,Victor,,,,2025-12-02,09:28,ressources,attend_professeur
OBS,302,Dupont,Victor,,,,2025-12-02,09:30,difficulte,observe_camarade
OBS,302,Dupont,Victor,,,,2025-12-02,09:32,finalisation,passe_autre_activite
OBS,302,Nicolas,Adam,,,,2025-12-02,09:43,tutorat,refuse_aider
OBS,302,Nicolas,Adam,,,,2025-12-02,09:45,participation,repond_si_insiste
OBS,302,Nicolas,Adam,,,,2025-12-02,09:47,ressources,sollicite_immediat
OBS,302,Nicolas,Adam,,,,2025-12-02,09:49,finalisation,recopie_correction
OBS,302,Nicolas,Adam,,,,2025-12-02,09:51,entree,demarre_relance
OBS,302,Girard,Lina,,,,2025-12-02,09:29,tutorat,donne_reponse_directe
OBS,302,Girard,Lina,,,,2025-12-02,09:31,participation,repond_si_sollicite
OBS,302,Girard,Lina,,,,2025-12-02,09:33,difficulte,observe_camarade
OBS,302,Girard,Lina,,,,2025-12-02,09:35,finalisation,passe_autre_activite
OBS,302,Laurent,Nina,,,,2025-12-02,09:13,tutorat,aide_si_sollicite
OBS,302,Laurent,Nina,,,,2025-12-02,09:15,participation,repond_si_sollicite
OBS,302,Laurent,Nina,,,,2025-12-02,09:17,difficulte,demande_aide_pertinente
OBS,302,Laurent,Nina,,,,2025-12-02,09:19,ressources,attend_professeur
OBS,302,Laurent,Nina,,,,2025-12-02,09:21,attention,bavarde_travail
OBS,302,Meunier,Jade,,,,2025-12-02,09:41,tutorat,explique_camarade
OBS,302,Meunier,Jade,,,,2025-12-02,09:43,participation,repond_si_sollicite
OBS,302,Meunier,Jade,,,,2025-12-02,09:45,finalisation,activite_terminee
OBS,302,Meunier,Jade,,,,2025-12-02,09:47,entree,demarre_relance
OBS,302,Meunier,Jade,,,,2025-12-02,09:49,ressources,utilise_aides_activite
OBS,302,Petit,Louis,,,,2025-12-02,09:45,tutorat,aide_si_sollicite
OBS,302,Petit,Louis,,,,2025-12-02,09:47,participation,ne_participe_pas
OBS,302,Petit,Louis,,,,2025-12-02,09:49,attention,distrait_momentanement
OBS,302,Petit,Louis,,,,2025-12-02,09:51,finalisation,verifie_travail
OBS,302,Marchand,Eliott,,,,2025-12-02,09:33,tutorat,donne_reponse_directe
OBS,302,Marchand,Eliott,,,,2025-12-02,09:35,participation,repond_si_sollicite
OBS,302,Marchand,Eliott,,,,2025-12-02,09:37,finalisation,activite_incomplete
OBS,302,Marchand,Eliott,,,,2025-12-02,09:39,difficulte,observe_camarade
OBS,302,Moreau,Louis,,,,2025-12-02,09:48,tutorat,aide_si_sollicite
OBS,302,Moreau,Louis,,,,2025-12-02,09:50,participation,repond_si_sollicite
OBS,302,Moreau,Louis,,,,2025-12-02,09:52,entree,demarre_relance
OBS,302,Moreau,Louis,,,,2025-12-02,09:53,finalisation,activite_incomplete
OBS,302,Moreau,Louis,,,,2025-12-02,09:53,difficulte,utilise_document_d
OBS,302,Masson,Rayan,,,,2025-12-02,09:45,tutorat,explique_camarade
OBS,302,Masson,Rayan,,,,2025-12-02,09:47,participation,participe_spontanement
OBS,302,Masson,Rayan,,,,2025-12-02,09:49,finalisation,corrige_erreur
OBS,302,Masson,Rayan,,,,2025-12-02,09:51,entree,demarre_immediat
OBS,302,Masson,Rayan,,,,2025-12-02,09:53,attention,reconcentre_seul
OBS,302,Chevalier,Gabriel,,,,2025-12-02,09:29,tutorat,aide_si_sollicite
OBS,302,Chevalier,Gabriel,,,,2025-12-02,09:31,participation,participe_spontanement
OBS,302,Chevalier,Gabriel,,,,2025-12-02,09:33,ressources,utilise_aides_activite
OBS,302,Chevalier,Gabriel,,,,2025-12-02,09:35,attention,reconcentre_seul
SESSION,302,demo_302_202512050900,1764921600000,1764924900000
OBS,302,Faure,Simon,,,,2025-12-05,09:01,tutorat,aide_si_sollicite
OBS,302,Faure,Simon,,,,2025-12-05,09:03,participation,participe_spontanement
OBS,302,Faure,Simon,,,,2025-12-05,09:05,ressources,utilise_document_r
OBS,302,Faure,Simon,,,,2025-12-05,09:07,attention,concentre
OBS,302,Faure,Simon,,,,2025-12-05,09:09,difficulte,utilise_coup_de_pouce
OBS,302,Perrin,Simon,,,,2025-12-05,09:39,tutorat,donne_reponse_directe
OBS,302,Perrin,Simon,,,,2025-12-05,09:41,participation,repond_si_sollicite
OBS,302,Perrin,Simon,,,,2025-12-05,09:43,attention,distrait_momentanement
OBS,302,Perrin,Simon,,,,2025-12-05,09:45,entree,attend_sans_commencer
OBS,302,Perrin,Simon,,,,2025-12-05,09:47,finalisation,passe_autre_activite
OBS,302,Vincent,Lucie,,,,2025-12-05,09:44,tutorat,donne_reponse_directe
OBS,302,Vincent,Lucie,,,,2025-12-05,09:46,participation,repond_si_insiste
OBS,302,Vincent,Lucie,,,,2025-12-05,09:48,ressources,attend_professeur
OBS,302,Vincent,Lucie,,,,2025-12-05,09:50,finalisation,passe_autre_activite
OBS,302,Vincent,Lucie,,,,2025-12-05,09:52,difficulte,utilise_document_d
OBS,302,Fournier,Louise,,,,2025-12-05,09:48,tutorat,donne_reponse_directe
OBS,302,Fournier,Louise,,,,2025-12-05,09:50,participation,repond_si_insiste
OBS,302,Fournier,Louise,,,,2025-12-05,09:52,attention,distrait_momentanement
OBS,302,Fournier,Louise,,,,2025-12-05,09:53,finalisation,activite_incomplete
OBS,302,Muller,Lea,,,,2025-12-05,09:13,tutorat,explique_camarade
OBS,302,Muller,Lea,,,,2025-12-05,09:15,participation,participe_spontanement
OBS,302,Muller,Lea,,,,2025-12-05,09:17,ressources,sollicite_apres_cherche
OBS,302,Muller,Lea,,,,2025-12-05,09:19,difficulte,utilise_document_d
OBS,302,Muller,Lea,,,,2025-12-05,09:21,attention,concentre
OBS,302,Boyer,Iris,,,,2025-12-05,09:01,tutorat,refuse_aider
OBS,302,Boyer,Iris,,,,2025-12-05,09:03,participation,ne_participe_pas
OBS,302,Boyer,Iris,,,,2025-12-05,09:05,difficulte,copie_camarade
OBS,302,Boyer,Iris,,,,2025-12-05,09:07,entree,ne_demarre_pas
OBS,302,Boyer,Iris,,,,2025-12-05,09:09,finalisation,recopie_correction
OBS,302,Bertrand,Liam,,,,2025-12-05,09:03,tutorat,refuse_aider
OBS,302,Bertrand,Liam,,,,2025-12-05,09:05,participation,repond_si_insiste
OBS,302,Bertrand,Liam,,,,2025-12-05,09:07,entree,ne_demarre_pas
OBS,302,Bertrand,Liam,,,,2025-12-05,09:09,finalisation,recopie_correction
OBS,302,Bertrand,Liam,,,,2025-12-05,09:11,ressources,sollicite_immediat
OBS,302,Guerin,Lola,,,,2025-12-05,09:16,tutorat,donne_reponse_directe
OBS,302,Guerin,Lola,,,,2025-12-05,09:18,participation,repond_si_insiste
OBS,302,Guerin,Lola,,,,2025-12-05,09:20,entree,demarre_relance
OBS,302,Guerin,Lola,,,,2025-12-05,09:22,finalisation,activite_incomplete
OBS,302,Robert,Ines,,,,2025-12-05,09:32,tutorat,donne_reponse_directe
OBS,302,Robert,Ines,,,,2025-12-05,09:34,participation,repond_si_insiste
OBS,302,Robert,Ines,,,,2025-12-05,09:36,attention,distrait_momentanement
OBS,302,Robert,Ines,,,,2025-12-05,09:38,ressources,attend_professeur
OBS,302,Fontaine,Axel,,,,2025-12-05,09:23,tutorat,donne_reponse_directe
OBS,302,Fontaine,Axel,,,,2025-12-05,09:25,participation,repond_si_insiste
OBS,302,Fontaine,Axel,,,,2025-12-05,09:27,ressources,sollicite_immediat
OBS,302,Fontaine,Axel,,,,2025-12-05,09:29,attention,bavarde_travail
OBS,302,Fontaine,Axel,,,,2025-12-05,09:31,entree,attend_sans_commencer
OBS,302,Sanchez,Rafael,,,,2025-12-05,09:44,tutorat,refuse_aider
OBS,302,Sanchez,Rafael,,,,2025-12-05,09:46,participation,ne_participe_pas
OBS,302,Sanchez,Rafael,,,,2025-12-05,09:48,difficulte,copie_correction
OBS,302,Sanchez,Rafael,,,,2025-12-05,09:50,finalisation,activite_incomplete
OBS,302,Sanchez,Rafael,,,,2025-12-05,09:52,attention,distrait_momentanement
OBS,302,Blanc,Eliott,,,,2025-12-05,09:35,tutorat,refuse_aider
OBS,302,Blanc,Eliott,,,,2025-12-05,09:37,participation,repond_si_sollicite
OBS,302,Blanc,Eliott,,,,2025-12-05,09:39,entree,demarre_relance
OBS,302,Blanc,Eliott,,,,2025-12-05,09:41,finalisation,activite_incomplete
OBS,302,Mercier,Zoe,,,,2025-12-05,09:43,tutorat,aide_si_sollicite
OBS,302,Mercier,Zoe,,,,2025-12-05,09:45,participation,repond_si_sollicite
OBS,302,Mercier,Zoe,,,,2025-12-05,09:47,finalisation,activite_terminee
OBS,302,Mercier,Zoe,,,,2025-12-05,09:49,attention,concentre
OBS,302,Aubert,Ines,,,,2025-12-05,09:16,tutorat,donne_reponse_directe
OBS,302,Aubert,Ines,,,,2025-12-05,09:18,participation,repond_si_insiste
OBS,302,Aubert,Ines,,,,2025-12-05,09:20,difficulte,observe_camarade
OBS,302,Aubert,Ines,,,,2025-12-05,09:22,finalisation,passe_autre_activite
OBS,302,Dupont,Victor,,,,2025-12-05,09:18,tutorat,explique_camarade
OBS,302,Dupont,Victor,,,,2025-12-05,09:20,participation,repond_si_sollicite
OBS,302,Dupont,Victor,,,,2025-12-05,09:22,finalisation,activite_terminee
OBS,302,Dupont,Victor,,,,2025-12-05,09:24,difficulte,demande_aide_pertinente
OBS,302,Dupont,Victor,,,,2025-12-05,09:26,ressources,utilise_document_r
OBS,302,Nicolas,Adam,,,,2025-12-05,09:39,tutorat,aide_si_sollicite
OBS,302,Nicolas,Adam,,,,2025-12-05,09:41,participation,repond_si_insiste
OBS,302,Nicolas,Adam,,,,2025-12-05,09:43,entree,demarre_relance
OBS,302,Nicolas,Adam,,,,2025-12-05,09:45,ressources,sollicite_immediat
OBS,302,Nicolas,Adam,,,,2025-12-05,09:47,attention,bavarde_travail
OBS,302,Girard,Lina,,,,2025-12-05,09:18,tutorat,donne_reponse_directe
OBS,302,Girard,Lina,,,,2025-12-05,09:20,participation,repond_si_sollicite
OBS,302,Girard,Lina,,,,2025-12-05,09:22,ressources,sollicite_immediat
OBS,302,Girard,Lina,,,,2025-12-05,09:24,difficulte,cherche_seul
OBS,302,Laurent,Nina,,,,2025-12-05,09:41,tutorat,aide_si_sollicite
OBS,302,Laurent,Nina,,,,2025-12-05,09:43,participation,repond_si_sollicite
OBS,302,Laurent,Nina,,,,2025-12-05,09:45,finalisation,activite_terminee
OBS,302,Laurent,Nina,,,,2025-12-05,09:47,attention,concentre
OBS,302,Meunier,Jade,,,,2025-12-05,09:17,tutorat,aide_si_sollicite
OBS,302,Meunier,Jade,,,,2025-12-05,09:19,participation,repond_si_sollicite
OBS,302,Meunier,Jade,,,,2025-12-05,09:21,difficulte,utilise_coup_de_pouce
OBS,302,Meunier,Jade,,,,2025-12-05,09:23,entree,demarre_relance
OBS,302,Meunier,Jade,,,,2025-12-05,09:25,finalisation,activite_terminee
OBS,302,Marchand,Eliott,,,,2025-12-05,09:30,tutorat,aide_si_sollicite
OBS,302,Marchand,Eliott,,,,2025-12-05,09:32,participation,repond_si_sollicite
OBS,302,Marchand,Eliott,,,,2025-12-05,09:34,entree,demarre_relance
OBS,302,Marchand,Eliott,,,,2025-12-05,09:36,ressources,attend_professeur
OBS,302,Marchand,Eliott,,,,2025-12-05,09:38,difficulte,observe_camarade
OBS,302,Moreau,Louis,,,,2025-12-05,09:22,tutorat,donne_reponse_directe
OBS,302,Moreau,Louis,,,,2025-12-05,09:24,participation,repond_si_insiste
OBS,302,Moreau,Louis,,,,2025-12-05,09:26,entree,attend_sans_commencer
OBS,302,Moreau,Louis,,,,2025-12-05,09:28,ressources,attend_professeur
OBS,302,Chevalier,Gabriel,,,,2025-12-05,09:43,tutorat,explique_camarade
OBS,302,Chevalier,Gabriel,,,,2025-12-05,09:45,participation,participe_spontanement
OBS,302,Chevalier,Gabriel,,,,2025-12-05,09:47,difficulte,cherche_seul
OBS,302,Chevalier,Gabriel,,,,2025-12-05,09:49,attention,concentre
OBS,302,Chevalier,Gabriel,,,,2025-12-05,09:51,entree,demarre_immediat
SESSION,302,demo_302_202512100900,1765353600000,1765356900000
OBS,302,Faure,Simon,,,,2025-12-10,09:29,tutorat,explique_camarade
OBS,302,Faure,Simon,,,,2025-12-10,09:31,participation,participe_spontanement
OBS,302,Faure,Simon,,,,2025-12-10,09:33,attention,reconcentre_seul
OBS,302,Faure,Simon,,,,2025-12-10,09:35,ressources,echange_camarade
OBS,302,Faure,Simon,,,,2025-12-10,09:37,entree,demarre_immediat
OBS,302,Perrin,Simon,,,,2025-12-10,09:34,tutorat,aide_si_sollicite
OBS,302,Perrin,Simon,,,,2025-12-10,09:36,participation,repond_si_sollicite
OBS,302,Perrin,Simon,,,,2025-12-10,09:38,ressources,utilise_document_r
OBS,302,Perrin,Simon,,,,2025-12-10,09:40,attention,reconcentre_seul
OBS,302,Rousseau,Jade,,,,2025-12-10,09:13,tutorat,donne_reponse_directe
OBS,302,Rousseau,Jade,,,,2025-12-10,09:15,participation,ne_participe_pas
OBS,302,Rousseau,Jade,,,,2025-12-10,09:17,finalisation,activite_incomplete
OBS,302,Vincent,Lucie,,,,2025-12-10,09:04,tutorat,donne_reponse_directe
OBS,302,Vincent,Lucie,,,,2025-12-10,09:06,participation,repond_si_insiste
OBS,302,Vincent,Lucie,,,,2025-12-10,09:08,finalisation,passe_autre_activite
OBS,302,Vincent,Lucie,,,,2025-12-10,09:10,ressources,sollicite_immediat
OBS,302,Fournier,Louise,,,,2025-12-10,09:14,tutorat,aide_si_sollicite
OBS,302,Fournier,Louise,,,,2025-12-10,09:16,participation,repond_si_insiste
OBS,302,Fournier,Louise,,,,2025-12-10,09:18,attention,reconcentre_seul
OBS,302,Fournier,Louise,,,,2025-12-10,09:20,finalisation,activite_terminee
OBS,302,Muller,Lea,,,,2025-12-10,09:16,tutorat,explique_camarade
OBS,302,Muller,Lea,,,,2025-12-10,09:18,participation,participe_spontanement
OBS,302,Muller,Lea,,,,2025-12-10,09:20,ressources,utilise_document_r
OBS,302,Muller,Lea,,,,2025-12-10,09:22,difficulte,utilise_document_d
OBS,302,Muller,Lea,,,,2025-12-10,09:24,entree,demarre_immediat
OBS,302,Boyer,Iris,,,,2025-12-10,09:47,tutorat,refuse_aider
OBS,302,Boyer,Iris,,,,2025-12-10,09:49,participation,ne_participe_pas
OBS,302,Boyer,Iris,,,,2025-12-10,09:51,difficulte,copie_camarade
OBS,302,Boyer,Iris,,,,2025-12-10,09:53,finalisation,recopie_correction
OBS,302,Bertrand,Liam,,,,2025-12-10,09:25,tutorat,donne_reponse_directe
OBS,302,Bertrand,Liam,,,,2025-12-10,09:27,participation,repond_si_insiste
OBS,302,Bertrand,Liam,,,,2025-12-10,09:29,finalisation,passe_autre_activite
OBS,302,Bertrand,Liam,,,,2025-12-10,09:31,entree,attend_sans_commencer
OBS,302,Bertrand,Liam,,,,2025-12-10,09:33,attention,distrait_momentanement
OBS,302,Lambert,Maya,,,,2025-12-10,09:17,tutorat,aide_si_sollicite
OBS,302,Lambert,Maya,,,,2025-12-10,09:19,participation,repond_si_insiste
OBS,302,Lambert,Maya,,,,2025-12-10,09:21,finalisation,corrige_erreur
OBS,302,Lambert,Maya,,,,2025-12-10,09:23,difficulte,observe_camarade
OBS,302,Guerin,Lola,,,,2025-12-10,09:18,tutorat,refuse_aider
OBS,302,Guerin,Lola,,,,2025-12-10,09:20,participation,ne_participe_pas
OBS,302,Guerin,Lola,,,,2025-12-10,09:22,attention,bavarde_travail
OBS,302,Guerin,Lola,,,,2025-12-10,09:24,entree,demarre_relance
OBS,302,Renard,Rose,,,,2025-12-10,09:17,tutorat,donne_reponse_directe
OBS,302,Renard,Rose,,,,2025-12-10,09:19,participation,repond_si_insiste
OBS,302,Renard,Rose,,,,2025-12-10,09:21,entree,attend_sans_commencer
OBS,302,Renard,Rose,,,,2025-12-10,09:23,ressources,sollicite_immediat
OBS,302,Robert,Ines,,,,2025-12-10,09:32,tutorat,donne_reponse_directe
OBS,302,Robert,Ines,,,,2025-12-10,09:34,participation,repond_si_insiste
OBS,302,Robert,Ines,,,,2025-12-10,09:36,attention,bavarde_travail
OBS,302,Robert,Ines,,,,2025-12-10,09:38,finalisation,passe_autre_activite
OBS,302,Fontaine,Axel,,,,2025-12-10,09:25,tutorat,donne_reponse_directe
OBS,302,Fontaine,Axel,,,,2025-12-10,09:27,participation,repond_si_insiste
OBS,302,Fontaine,Axel,,,,2025-12-10,09:29,attention,bavarde_hors_sujet
OBS,302,Fontaine,Axel,,,,2025-12-10,09:31,ressources,attend_professeur
OBS,302,Sanchez,Rafael,,,,2025-12-10,09:47,tutorat,refuse_aider
OBS,302,Sanchez,Rafael,,,,2025-12-10,09:49,participation,ne_participe_pas
OBS,302,Sanchez,Rafael,,,,2025-12-10,09:51,attention,revasse
OBS,302,Sanchez,Rafael,,,,2025-12-10,09:53,entree,ne_demarre_pas
OBS,302,Blanc,Eliott,,,,2025-12-10,09:39,tutorat,aide_si_sollicite
OBS,302,Blanc,Eliott,,,,2025-12-10,09:41,participation,repond_si_insiste
OBS,302,Blanc,Eliott,,,,2025-12-10,09:43,attention,bavarde_travail
OBS,302,Blanc,Eliott,,,,2025-12-10,09:45,difficulte,observe_camarade
OBS,302,Mercier,Zoe,,,,2025-12-10,09:10,tutorat,donne_reponse_directe
OBS,302,Mercier,Zoe,,,,2025-12-10,09:12,participation,repond_si_sollicite
OBS,302,Mercier,Zoe,,,,2025-12-10,09:14,finalisation,activite_incomplete
OBS,302,Mercier,Zoe,,,,2025-12-10,09:16,difficulte,attend_d
OBS,302,Mercier,Zoe,,,,2025-12-10,09:18,attention,bavarde_travail
OBS,302,Aubert,Ines,,,,2025-12-10,09:02,tutorat,donne_reponse_directe
OBS,302,Aubert,Ines,,,,2025-12-10,09:04,participation,repond_si_insiste
OBS,302,Aubert,Ines,,,,2025-12-10,09:06,finalisation,activite_incomplete
OBS,302,Aubert,Ines,,,,2025-12-10,09:08,attention,bavarde_travail
OBS,302,Aubert,Ines,,,,2025-12-10,09:10,ressources,attend_professeur
OBS,302,Dupont,Victor,,,,2025-12-10,09:02,tutorat,aide_si_sollicite
OBS,302,Dupont,Victor,,,,2025-12-10,09:04,participation,repond_si_insiste
OBS,302,Dupont,Victor,,,,2025-12-10,09:06,finalisation,recopie_correction
OBS,302,Dupont,Victor,,,,2025-12-10,09:08,entree,attend_sans_commencer
OBS,302,Girard,Lina,,,,2025-12-10,09:34,tutorat,donne_reponse_directe
OBS,302,Girard,Lina,,,,2025-12-10,09:36,participation,repond_si_sollicite
OBS,302,Girard,Lina,,,,2025-12-10,09:38,ressources,sollicite_immediat
OBS,302,Girard,Lina,,,,2025-12-10,09:40,attention,distrait_momentanement
OBS,302,Girard,Lina,,,,2025-12-10,09:42,difficulte,observe_camarade
OBS,302,Meunier,Jade,,,,2025-12-10,09:30,tutorat,explique_camarade
OBS,302,Meunier,Jade,,,,2025-12-10,09:32,participation,participe_spontanement
OBS,302,Meunier,Jade,,,,2025-12-10,09:34,finalisation,corrige_erreur
OBS,302,Meunier,Jade,,,,2025-12-10,09:36,entree,demarre_relance
OBS,302,Meunier,Jade,,,,2025-12-10,09:38,difficulte,utilise_coup_de_pouce
OBS,302,Petit,Louis,,,,2025-12-10,09:23,tutorat,donne_reponse_directe
OBS,302,Petit,Louis,,,,2025-12-10,09:25,participation,repond_si_insiste
OBS,302,Petit,Louis,,,,2025-12-10,09:27,ressources,attend_professeur
OBS,302,Marchand,Eliott,,,,2025-12-10,09:32,tutorat,donne_reponse_directe
OBS,302,Marchand,Eliott,,,,2025-12-10,09:34,participation,repond_si_insiste
OBS,302,Marchand,Eliott,,,,2025-12-10,09:36,attention,distrait_momentanement
OBS,302,Marchand,Eliott,,,,2025-12-10,09:38,difficulte,observe_camarade
OBS,302,Marchand,Eliott,,,,2025-12-10,09:40,entree,attend_sans_commencer
OBS,302,Moreau,Louis,,,,2025-12-10,09:30,tutorat,donne_reponse_directe
OBS,302,Moreau,Louis,,,,2025-12-10,09:32,participation,repond_si_insiste
OBS,302,Moreau,Louis,,,,2025-12-10,09:34,ressources,sollicite_immediat
OBS,302,Moreau,Louis,,,,2025-12-10,09:36,entree,attend_sans_commencer
OBS,302,Moreau,Louis,,,,2025-12-10,09:38,difficulte,copie_camarade
OBS,302,Masson,Rayan,,,,2025-12-10,09:12,tutorat,aide_si_sollicite
OBS,302,Masson,Rayan,,,,2025-12-10,09:14,participation,repond_si_sollicite
OBS,302,Masson,Rayan,,,,2025-12-10,09:16,attention,reconcentre_seul
OBS,302,Masson,Rayan,,,,2025-12-10,09:18,entree,demarre_immediat
OBS,302,Masson,Rayan,,,,2025-12-10,09:20,finalisation,activite_terminee
OBS,302,Chevalier,Gabriel,,,,2025-12-10,09:25,tutorat,explique_camarade
OBS,302,Chevalier,Gabriel,,,,2025-12-10,09:27,participation,participe_spontanement
OBS,302,Chevalier,Gabriel,,,,2025-12-10,09:29,attention,concentre
OBS,302,Chevalier,Gabriel,,,,2025-12-10,09:31,finalisation,corrige_erreur
SESSION,302,demo_302_202512160900,1765872000000,1765875300000
OBS,302,Faure,Simon,,,,2025-12-16,09:22,tutorat,aide_si_sollicite
OBS,302,Faure,Simon,,,,2025-12-16,09:24,participation,repond_si_sollicite
OBS,302,Faure,Simon,,,,2025-12-16,09:26,ressources,attend_professeur
OBS,302,Faure,Simon,,,,2025-12-16,09:28,attention,distrait_momentanement
OBS,302,Faure,Simon,,,,2025-12-16,09:30,difficulte,observe_camarade
OBS,302,Perrin,Simon,,,,2025-12-16,09:04,tutorat,aide_si_sollicite
OBS,302,Perrin,Simon,,,,2025-12-16,09:06,participation,repond_si_sollicite
OBS,302,Perrin,Simon,,,,2025-12-16,09:08,entree,attend_sans_commencer
OBS,302,Perrin,Simon,,,,2025-12-16,09:10,attention,bavarde_travail
OBS,302,Gauthier,Adam,,,,2025-12-16,09:34,tutorat,aide_si_sollicite
OBS,302,Gauthier,Adam,,,,2025-12-16,09:36,participation,repond_si_sollicite
OBS,302,Gauthier,Adam,,,,2025-12-16,09:38,finalisation,corrige_erreur
OBS,302,Gauthier,Adam,,,,2025-12-16,09:40,entree,demarre_relance
OBS,302,Rousseau,Jade,,,,2025-12-16,09:08,tutorat,explique_camarade
OBS,302,Rousseau,Jade,,,,2025-12-16,09:10,participation,participe_spontanement
OBS,302,Rousseau,Jade,,,,2025-12-16,09:12,difficulte,utilise_document_d
OBS,302,Vincent,Lucie,,,,2025-12-16,09:20,tutorat,aide_si_sollicite
OBS,302,Vincent,Lucie,,,,2025-12-16,09:22,participation,repond_si_sollicite
OBS,302,Vincent,Lucie,,,,2025-12-16,09:24,attention,reconcentre_seul
OBS,302,Vincent,Lucie,,,,2025-12-16,09:26,finalisation,passe_autre_activite
OBS,302,Fournier,Louise,,,,2025-12-16,09:45,tutorat,donne_reponse_directe
OBS,302,Fournier,Louise,,,,2025-12-16,09:47,participation,repond_si_insiste
OBS,302,Fournier,Louise,,,,2025-12-16,09:49,difficulte,observe_camarade
OBS,302,Fournier,Louise,,,,2025-12-16,09:51,entree,demarre_relance
OBS,302,Muller,Lea,,,,2025-12-16,09:42,tutorat,explique_camarade
OBS,302,Muller,Lea,,,,2025-12-16,09:44,participation,repond_si_sollicite
OBS,302,Muller,Lea,,,,2025-12-16,09:46,difficulte,observe_camarade
OBS,302,Muller,Lea,,,,2025-12-16,09:48,entree,demarre_immediat
OBS,302,Muller,Lea,,,,2025-12-16,09:50,ressources,sollicite_apres_cherche
OBS,302,Morel,Manon,,,,2025-12-16,09:34,tutorat,refuse_aider
OBS,302,Morel,Manon,,,,2025-12-16,09:36,participation,repond_si_insiste
OBS,302,Morel,Manon,,,,2025-12-16,09:38,finalisation,activite_incomplete
OBS,302,Morel,Manon,,,,2025-12-16,09:40,attention,distrait_momentanement
OBS,302,Morel,Manon,,,,2025-12-16,09:42,difficulte,attend_d
OBS,302,Bertrand,Liam,,,,2025-12-16,09:07,tutorat,donne_reponse_directe
OBS,302,Bertrand,Liam,,,,2025-12-16,09:09,participation,repond_si_insiste
OBS,302,Bertrand,Liam,,,,2025-12-16,09:11,attention,distrait_momentanement
OBS,302,Bertrand,Liam,,,,2025-12-16,09:13,ressources,sollicite_immediat
OBS,302,Lambert,Maya,,,,2025-12-16,09:17,tutorat,donne_reponse_directe
OBS,302,Lambert,Maya,,,,2025-12-16,09:19,participation,repond_si_insiste
OBS,302,Lambert,Maya,,,,2025-12-16,09:21,difficulte,attend_d
OBS,302,Lambert,Maya,,,,2025-12-16,09:23,attention,distrait_momentanement
OBS,302,Guerin,Lola,,,,2025-12-16,09:47,tutorat,donne_reponse_directe
OBS,302,Guerin,Lola,,,,2025-12-16,09:49,participation,repond_si_insiste
OBS,302,Guerin,Lola,,,,2025-12-16,09:51,finalisation,activite_incomplete
OBS,302,Guerin,Lola,,,,2025-12-16,09:53,entree,demarre_relance
OBS,302,Robert,Ines,,,,2025-12-16,09:38,tutorat,donne_reponse_directe
OBS,302,Robert,Ines,,,,2025-12-16,09:40,participation,repond_si_insiste
OBS,302,Robert,Ines,,,,2025-12-16,09:42,entree,attend_sans_commencer
OBS,302,Robert,Ines,,,,2025-12-16,09:44,ressources,attend_professeur
OBS,302,Robert,Ines,,,,2025-12-16,09:46,finalisation,activite_incomplete
OBS,302,Fontaine,Axel,,,,2025-12-16,09:36,tutorat,aide_si_sollicite
OBS,302,Fontaine,Axel,,,,2025-12-16,09:38,participation,repond_si_insiste
OBS,302,Fontaine,Axel,,,,2025-12-16,09:40,ressources,attend_professeur
OBS,302,Fontaine,Axel,,,,2025-12-16,09:42,attention,distrait_momentanement
OBS,302,Sanchez,Rafael,,,,2025-12-16,09:06,tutorat,refuse_aider
OBS,302,Sanchez,Rafael,,,,2025-12-16,09:08,participation,ne_participe_pas
OBS,302,Sanchez,Rafael,,,,2025-12-16,09:10,difficulte,copie_camarade
OBS,302,Sanchez,Rafael,,,,2025-12-16,09:12,ressources,attend_correction
OBS,302,Sanchez,Rafael,,,,2025-12-16,09:14,attention,perturbe_camarade
OBS,302,Dubois,Nathan,,,,2025-12-16,09:22,tutorat,donne_reponse_directe
OBS,302,Dubois,Nathan,,,,2025-12-16,09:24,participation,repond_si_sollicite
OBS,302,Dubois,Nathan,,,,2025-12-16,09:26,ressources,sollicite_immediat
OBS,302,Dubois,Nathan,,,,2025-12-16,09:28,entree,demarre_relance
OBS,302,Mercier,Zoe,,,,2025-12-16,09:47,tutorat,aide_si_sollicite
OBS,302,Mercier,Zoe,,,,2025-12-16,09:49,participation,repond_si_sollicite
OBS,302,Mercier,Zoe,,,,2025-12-16,09:51,entree,demarre_immediat
OBS,302,Mercier,Zoe,,,,2025-12-16,09:53,attention,reconcentre_seul
OBS,302,Aubert,Ines,,,,2025-12-16,09:03,tutorat,aide_si_sollicite
OBS,302,Aubert,Ines,,,,2025-12-16,09:05,participation,repond_si_sollicite
OBS,302,Aubert,Ines,,,,2025-12-16,09:07,attention,reconcentre_seul
OBS,302,Aubert,Ines,,,,2025-12-16,09:09,entree,demarre_relance
OBS,302,Aubert,Ines,,,,2025-12-16,09:11,finalisation,activite_incomplete
OBS,302,Dupont,Victor,,,,2025-12-16,09:23,tutorat,donne_reponse_directe
OBS,302,Dupont,Victor,,,,2025-12-16,09:25,participation,repond_si_sollicite
OBS,302,Dupont,Victor,,,,2025-12-16,09:27,attention,distrait_momentanement
OBS,302,Dupont,Victor,,,,2025-12-16,09:29,entree,demarre_relance
OBS,302,Girard,Lina,,,,2025-12-16,09:06,tutorat,aide_si_sollicite
OBS,302,Girard,Lina,,,,2025-12-16,09:08,participation,repond_si_sollicite
OBS,302,Girard,Lina,,,,2025-12-16,09:10,ressources,sollicite_immediat
OBS,302,Girard,Lina,,,,2025-12-16,09:12,difficulte,observe_camarade
OBS,302,Laurent,Nina,,,,2025-12-16,09:17,tutorat,donne_reponse_directe
OBS,302,Laurent,Nina,,,,2025-12-16,09:19,participation,repond_si_insiste
OBS,302,Laurent,Nina,,,,2025-12-16,09:21,entree,demarre_relance
OBS,302,Laurent,Nina,,,,2025-12-16,09:23,difficulte,utilise_document_d
OBS,302,Meunier,Jade,,,,2025-12-16,09:38,tutorat,explique_camarade
OBS,302,Meunier,Jade,,,,2025-12-16,09:40,participation,participe_spontanement
OBS,302,Meunier,Jade,,,,2025-12-16,09:42,finalisation,activite_terminee
OBS,302,Meunier,Jade,,,,2025-12-16,09:44,entree,demarre_immediat
OBS,302,Marchand,Eliott,,,,2025-12-16,09:39,tutorat,donne_reponse_directe
OBS,302,Marchand,Eliott,,,,2025-12-16,09:41,participation,repond_si_insiste
OBS,302,Marchand,Eliott,,,,2025-12-16,09:43,attention,distrait_momentanement
OBS,302,Marchand,Eliott,,,,2025-12-16,09:45,difficulte,observe_camarade
OBS,302,Moreau,Louis,,,,2025-12-16,09:42,tutorat,refuse_aider
OBS,302,Moreau,Louis,,,,2025-12-16,09:44,participation,repond_si_insiste
OBS,302,Moreau,Louis,,,,2025-12-16,09:46,difficulte,observe_camarade
OBS,302,Moreau,Louis,,,,2025-12-16,09:48,ressources,sollicite_immediat
OBS,302,Moreau,Louis,,,,2025-12-16,09:50,attention,revasse
OBS,302,Chevalier,Gabriel,,,,2025-12-16,09:28,tutorat,aide_si_sollicite
OBS,302,Chevalier,Gabriel,,,,2025-12-16,09:30,participation,participe_spontanement
OBS,302,Chevalier,Gabriel,,,,2025-12-16,09:32,finalisation,verifie_travail
OBS,302,Chevalier,Gabriel,,,,2025-12-16,09:34,entree,demarre_immediat
OBS,302,Chevalier,Gabriel,,,,2025-12-16,09:36,attention,reconcentre_seul
SESSION,302,demo_302_202512190900,1766131200000,1766134500000
OBS,302,Faure,Simon,,,,2025-12-19,09:40,tutorat,explique_camarade
OBS,302,Faure,Simon,,,,2025-12-19,09:42,participation,participe_spontanement
OBS,302,Faure,Simon,,,,2025-12-19,09:44,finalisation,corrige_erreur
OBS,302,Faure,Simon,,,,2025-12-19,09:46,difficulte,demande_aide_pertinente
OBS,302,Faure,Simon,,,,2025-12-19,09:48,attention,concentre
OBS,302,Gauthier,Adam,,,,2025-12-19,09:19,tutorat,donne_reponse_directe
OBS,302,Gauthier,Adam,,,,2025-12-19,09:21,participation,repond_si_insiste
OBS,302,Gauthier,Adam,,,,2025-12-19,09:23,ressources,sollicite_immediat
OBS,302,Gauthier,Adam,,,,2025-12-19,09:25,finalisation,activite_incomplete
OBS,302,Muller,Lea,,,,2025-12-19,09:29,tutorat,explique_camarade
OBS,302,Muller,Lea,,,,2025-12-19,09:31,participation,participe_spontanement
OBS,302,Muller,Lea,,,,2025-12-19,09:33,finalisation,corrige_erreur
OBS,302,Muller,Lea,,,,2025-12-19,09:35,entree,demarre_immediat
OBS,302,Muller,Lea,,,,2025-12-19,09:37,ressources,utilise_aides_activite
OBS,302,Boyer,Iris,,,,2025-12-19,09:10,tutorat,refuse_aider
OBS,302,Boyer,Iris,,,,2025-12-19,09:12,participation,ne_participe_pas
OBS,302,Boyer,Iris,,,,2025-12-19,09:14,entree,attend_sans_commencer
OBS,302,Boyer,Iris,,,,2025-12-19,09:16,attention,bavarde_hors_sujet
OBS,302,Morel,Manon,,,,2025-12-19,09:38,tutorat,donne_reponse_directe
OBS,302,Morel,Manon,,,,2025-12-19,09:40,participation,repond_si_insiste
OBS,302,Morel,Manon,,,,2025-12-19,09:42,ressources,attend_correction
OBS,302,Morel,Manon,,,,2025-12-19,09:44,difficulte,observe_camarade
OBS,302,Morel,Manon,,,,2025-12-19,09:46,attention,distrait_momentanement
OBS,302,Bertrand,Liam,,,,2025-12-19,09:12,tutorat,donne_reponse_directe
OBS,302,Bertrand,Liam,,,,2025-12-19,09:14,participation,repond_si_insiste
OBS,302,Bertrand,Liam,,,,2025-12-19,09:16,entree,attend_sans_commencer
OBS,302,Bertrand,Liam,,,,2025-12-19,09:18,ressources,sollicite_immediat
OBS,302,Bertrand,Liam,,,,2025-12-19,09:20,finalisation,passe_autre_activite
OBS,302,Lambert,Maya,,,,2025-12-19,09:35,tutorat,refuse_aider
OBS,302,Lambert,Maya,,,,2025-12-19,09:37,participation,repond_si_insiste
OBS,302,Lambert,Maya,,,,2025-12-19,09:39,entree,attend_sans_commencer
OBS,302,Lambert,Maya,,,,2025-12-19,09:41,finalisation,recopie_correction
OBS,302,Lambert,Maya,,,,2025-12-19,09:43,ressources,sollicite_immediat
OBS,302,Guerin,Lola,,,,2025-12-19,09:31,tutorat,aide_si_sollicite
OBS,302,Guerin,Lola,,,,2025-12-19,09:33,participation,repond_si_insiste
OBS,302,Guerin,Lola,,,,2025-12-19,09:35,difficulte,attend_d
OBS,302,Guerin,Lola,,,,2025-12-19,09:37,entree,demarre_relance
OBS,302,Renard,Rose,,,,2025-12-19,09:46,tutorat,aide_si_sollicite
OBS,302,Renard,Rose,,,,2025-12-19,09:48,participation,repond_si_sollicite
OBS,302,Renard,Rose,,,,2025-12-19,09:50,ressources,attend_professeur
OBS,302,Renard,Rose,,,,2025-12-19,09:52,attention,bavarde_travail
OBS,302,Renard,Rose,,,,2025-12-19,09:53,difficulte,observe_camarade
OBS,302,Robert,Ines,,,,2025-12-19,09:27,tutorat,donne_reponse_directe
OBS,302,Robert,Ines,,,,2025-12-19,09:29,participation,repond_si_sollicite
OBS,302,Robert,Ines,,,,2025-12-19,09:31,entree,demarre_relance
OBS,302,Robert,Ines,,,,2025-12-19,09:33,finalisation,passe_autre_activite
OBS,302,Robert,Ines,,,,2025-12-19,09:35,difficulte,attend_d
OBS,302,Sanchez,Rafael,,,,2025-12-19,09:46,tutorat,refuse_aider
OBS,302,Sanchez,Rafael,,,,2025-12-19,09:48,participation,repond_si_insiste
OBS,302,Sanchez,Rafael,,,,2025-12-19,09:50,ressources,attend_correction
OBS,302,Sanchez,Rafael,,,,2025-12-19,09:52,difficulte,copie_correction
OBS,302,Sanchez,Rafael,,,,2025-12-19,09:53,attention,bavarde_hors_sujet
OBS,302,Blanc,Eliott,,,,2025-12-19,09:17,tutorat,aide_si_sollicite
OBS,302,Blanc,Eliott,,,,2025-12-19,09:19,participation,repond_si_sollicite
OBS,302,Blanc,Eliott,,,,2025-12-19,09:21,entree,demarre_relance
OBS,302,Blanc,Eliott,,,,2025-12-19,09:23,attention,bavarde_travail
OBS,302,Mercier,Zoe,,,,2025-12-19,09:46,tutorat,donne_reponse_directe
OBS,302,Mercier,Zoe,,,,2025-12-19,09:48,participation,repond_si_sollicite
OBS,302,Mercier,Zoe,,,,2025-12-19,09:50,ressources,attend_professeur
OBS,302,Mercier,Zoe,,,,2025-12-19,09:52,finalisation,passe_autre_activite
OBS,302,Aubert,Ines,,,,2025-12-19,09:13,tutorat,aide_si_sollicite
OBS,302,Aubert,Ines,,,,2025-12-19,09:15,participation,repond_si_sollicite
OBS,302,Aubert,Ines,,,,2025-12-19,09:17,attention,distrait_momentanement
OBS,302,Aubert,Ines,,,,2025-12-19,09:19,finalisation,verifie_travail
OBS,302,Aubert,Ines,,,,2025-12-19,09:21,ressources,sollicite_immediat
OBS,302,Nicolas,Adam,,,,2025-12-19,09:06,tutorat,donne_reponse_directe
OBS,302,Nicolas,Adam,,,,2025-12-19,09:08,participation,repond_si_sollicite
OBS,302,Nicolas,Adam,,,,2025-12-19,09:10,attention,bavarde_travail
OBS,302,Nicolas,Adam,,,,2025-12-19,09:12,finalisation,activite_incomplete
OBS,302,Nicolas,Adam,,,,2025-12-19,09:14,ressources,attend_professeur
OBS,302,Girard,Lina,,,,2025-12-19,09:39,tutorat,donne_reponse_directe
OBS,302,Girard,Lina,,,,2025-12-19,09:41,participation,repond_si_insiste
OBS,302,Girard,Lina,,,,2025-12-19,09:43,difficulte,observe_camarade
OBS,302,Girard,Lina,,,,2025-12-19,09:45,entree,demarre_relance
OBS,302,Laurent,Nina,,,,2025-12-19,09:10,tutorat,donne_reponse_directe
OBS,302,Laurent,Nina,,,,2025-12-19,09:12,participation,ne_participe_pas
OBS,302,Laurent,Nina,,,,2025-12-19,09:14,attention,distrait_momentanement
OBS,302,Laurent,Nina,,,,2025-12-19,09:16,ressources,sollicite_immediat
OBS,302,Meunier,Jade,,,,2025-12-19,09:27,tutorat,aide_si_sollicite
OBS,302,Meunier,Jade,,,,2025-12-19,09:29,participation,participe_spontanement
OBS,302,Meunier,Jade,,,,2025-12-19,09:31,finalisation,corrige_erreur
OBS,302,Meunier,Jade,,,,2025-12-19,09:33,ressources,sollicite_apres_cherche
OBS,302,Meunier,Jade,,,,2025-12-19,09:35,attention,bavarde_travail
OBS,302,Moreau,Louis,,,,2025-12-19,09:31,tutorat,aide_si_sollicite
OBS,302,Moreau,Louis,,,,2025-12-19,09:33,participation,repond_si_sollicite
OBS,302,Moreau,Louis,,,,2025-12-19,09:35,difficulte,attend_d
OBS,302,Moreau,Louis,,,,2025-12-19,09:37,attention,bavarde_travail
OBS,302,Masson,Rayan,,,,2025-12-19,09:30,tutorat,explique_camarade
OBS,302,Masson,Rayan,,,,2025-12-19,09:32,participation,participe_spontanement
OBS,302,Masson,Rayan,,,,2025-12-19,09:34,finalisation,activite_terminee
OBS,302,Masson,Rayan,,,,2025-12-19,09:36,entree,demarre_relance
OBS,302,Masson,Rayan,,,,2025-12-19,09:38,attention,reconcentre_seul
OBS,302,Chevalier,Gabriel,,,,2025-12-19,09:22,tutorat,explique_camarade
OBS,302,Chevalier,Gabriel,,,,2025-12-19,09:24,participation,participe_spontanement
OBS,302,Chevalier,Gabriel,,,,2025-12-19,09:26,entree,demarre_relance
OBS,302,Chevalier,Gabriel,,,,2025-12-19,09:28,attention,concentre
OBS,302,Chevalier,Gabriel,,,,2025-12-19,09:30,difficulte,attend_d
SESSION,302,demo_302_202601080900,1767859200000,1767862500000
OBS,302,Faure,Simon,,,,2026-01-08,09:48,tutorat,explique_camarade
OBS,302,Faure,Simon,,,,2026-01-08,09:50,participation,participe_spontanement
OBS,302,Faure,Simon,,,,2026-01-08,09:52,ressources,utilise_document_r
OBS,302,Faure,Simon,,,,2026-01-08,09:53,difficulte,utilise_coup_de_pouce
OBS,302,Perrin,Simon,,,,2026-01-08,09:24,tutorat,donne_reponse_directe
OBS,302,Perrin,Simon,,,,2026-01-08,09:26,participation,repond_si_insiste
OBS,302,Perrin,Simon,,,,2026-01-08,09:28,difficulte,attend_d
OBS,302,Perrin,Simon,,,,2026-01-08,09:30,attention,bavarde_travail
OBS,302,Perrin,Simon,,,,2026-01-08,09:32,ressources,sollicite_immediat
OBS,302,Gauthier,Adam,,,,2026-01-08,09:09,tutorat,explique_camarade
OBS,302,Gauthier,Adam,,,,2026-01-08,09:11,participation,participe_spontanement
OBS,302,Gauthier,Adam,,,,2026-01-08,09:13,finalisation,corrige_erreur
OBS,302,Gauthier,Adam,,,,2026-01-08,09:15,attention,concentre
OBS,302,Gauthier,Adam,,,,2026-01-08,09:17,entree,demarre_immediat
OBS,302,Rousseau,Jade,,,,2026-01-08,09:19,tutorat,aide_si_sollicite
OBS,302,Rousseau,Jade,,,,2026-01-08,09:21,participation,repond_si_insiste
OBS,302,Rousseau,Jade,,,,2026-01-08,09:23,entree,attend_sans_commencer
OBS,302,Vincent,Lucie,,,,2026-01-08,09:36,tutorat,donne_reponse_directe
OBS,302,Vincent,Lucie,,,,2026-01-08,09:38,participation,repond_si_insiste
OBS,302,Vincent,Lucie,,,,2026-01-08,09:40,finalisation,passe_autre_activite
OBS,302,Vincent,Lucie,,,,2026-01-08,09:42,attention,distrait_momentanement
OBS,302,Vincent,Lucie,,,,2026-01-08,09:44,difficulte,attend_d
OBS,302,Fournier,Louise,,,,2026-01-08,09:06,tutorat,explique_camarade
OBS,302,Fournier,Louise,,,,2026-01-08,09:08,participation,repond_si_sollicite
OBS,302,Fournier,Louise,,,,2026-01-08,09:10,ressources,sollicite_immediat
OBS,302,Fournier,Louise,,,,2026-01-08,09:12,difficulte,observe_camarade
OBS,302,Muller,Lea,,,,2026-01-08,09:26,tutorat,explique_camarade
OBS,302,Muller,Lea,,,,2026-01-08,09:28,participation,participe_spontanement
OBS,302,Muller,Lea,,,,2026-01-08,09:30,difficulte,utilise_coup_de_pouce
OBS,302,Muller,Lea,,,,2026-01-08,09:32,ressources,utilise_document_r
OBS,302,Morel,Manon,,,,2026-01-08,09:18,tutorat,refuse_aider
OBS,302,Morel,Manon,,,,2026-01-08,09:20,participation,repond_si_insiste
OBS,302,Morel,Manon,,,,2026-01-08,09:22,ressources,attend_correction
OBS,302,Morel,Manon,,,,2026-01-08,09:24,attention,revasse
OBS,302,Bertrand,Liam,,,,2026-01-08,09:46,tutorat,donne_reponse_directe
OBS,302,Bertrand,Liam,,,,2026-01-08,09:48,participation,repond_si_insiste
OBS,302,Bertrand,Liam,,,,2026-01-08,09:50,ressources,attend_professeur
OBS,302,Bertrand,Liam,,,,2026-01-08,09:52,difficulte,copie_correction
OBS,302,Bertrand,Liam,,,,2026-01-08,09:53,finalisation,passe_autre_activite
OBS,302,Lambert,Maya,,,,2026-01-08,09:27,tutorat,aide_si_sollicite
OBS,302,Lambert,Maya,,,,2026-01-08,09:29,participation,repond_si_insiste
OBS,302,Lambert,Maya,,,,2026-01-08,09:31,finalisation,passe_autre_activite
OBS,302,Lambert,Maya,,,,2026-01-08,09:33,difficulte,observe_camarade
OBS,302,Guerin,Lola,,,,2026-01-08,09:48,tutorat,donne_reponse_directe
OBS,302,Guerin,Lola,,,,2026-01-08,09:50,participation,repond_si_insiste
OBS,302,Guerin,Lola,,,,2026-01-08,09:52,entree,attend_sans_commencer
OBS,302,Guerin,Lola,,,,2026-01-08,09:53,attention,perturbe_camarade
OBS,302,Guerin,Lola,,,,2026-01-08,09:53,finalisation,passe_autre_activite
OBS,302,Renard,Rose,,,,2026-01-08,09:24,tutorat,donne_reponse_directe
OBS,302,Renard,Rose,,,,2026-01-08,09:26,participation,repond_si_sollicite
OBS,302,Renard,Rose,,,,2026-01-08,09:28,difficulte,copie_camarade
OBS,302,Renard,Rose,,,,2026-01-08,09:30,attention,perturbe_camarade
OBS,302,Robert,Ines,,,,2026-01-08,09:37,tutorat,refuse_aider
OBS,302,Robert,Ines,,,,2026-01-08,09:39,participation,ne_participe_pas
OBS,302,Robert,Ines,,,,2026-01-08,09:41,finalisation,recopie_correction
OBS,302,Robert,Ines,,,,2026-01-08,09:43,attention,bavarde_hors_sujet
OBS,302,Robert,Ines,,,,2026-01-08,09:45,entree,attend_sans_commencer
OBS,302,Fontaine,Axel,,,,2026-01-08,09:43,tutorat,aide_si_sollicite
OBS,302,Fontaine,Axel,,,,2026-01-08,09:45,participation,repond_si_insiste
OBS,302,Fontaine,Axel,,,,2026-01-08,09:47,difficulte,utilise_document_d
OBS,302,Fontaine,Axel,,,,2026-01-08,09:49,ressources,sollicite_immediat
OBS,302,Sanchez,Rafael,,,,2026-01-08,09:36,tutorat,refuse_aider
OBS,302,Sanchez,Rafael,,,,2026-01-08,09:38,participation,ne_participe_pas
OBS,302,Sanchez,Rafael,,,,2026-01-08,09:40,attention,perturbe_camarade
OBS,302,Sanchez,Rafael,,,,2026-01-08,09:42,ressources,attend_correction
OBS,302,Blanc,Eliott,,,,2026-01-08,09:17,tutorat,aide_si_sollicite
OBS,302,Blanc,Eliott,,,,2026-01-08,09:19,participation,repond_si_insiste
OBS,302,Blanc,Eliott,,,,2026-01-08,09:21,entree,attend_sans_commencer
OBS,302,Blanc,Eliott,,,,2026-01-08,09:23,ressources,attend_professeur
OBS,302,Blanc,Eliott,,,,2026-01-08,09:25,attention,concentre
OBS,302,Mercier,Zoe,,,,2026-01-08,09:02,tutorat,donne_reponse_directe
OBS,302,Mercier,Zoe,,,,2026-01-08,09:04,participation,repond_si_sollicite
OBS,302,Mercier,Zoe,,,,2026-01-08,09:06,attention,distrait_momentanement
OBS,302,Mercier,Zoe,,,,2026-01-08,09:08,entree,attend_sans_commencer
OBS,302,Mercier,Zoe,,,,2026-01-08,09:10,finalisation,corrige_erreur
OBS,302,Aubert,Ines,,,,2026-01-08,09:06,tutorat,explique_camarade
OBS,302,Aubert,Ines,,,,2026-01-08,09:08,participation,participe_spontanement
OBS,302,Aubert,Ines,,,,2026-01-08,09:10,finalisation,verifie_travail
OBS,302,Aubert,Ines,,,,2026-01-08,09:12,difficulte,demande_aide_pertinente
OBS,302,Aubert,Ines,,,,2026-01-08,09:14,entree,demarre_immediat
OBS,302,Dupont,Victor,,,,2026-01-08,09:26,tutorat,aide_si_sollicite
OBS,302,Dupont,Victor,,,,2026-01-08,09:28,participation,repond_si_sollicite
OBS,302,Dupont,Victor,,,,2026-01-08,09:30,entree,demarre_relance
OBS,302,Dupont,Victor,,,,2026-01-08,09:32,attention,bavarde_travail
OBS,302,Dupont,Victor,,,,2026-01-08,09:34,ressources,attend_professeur
OBS,302,Nicolas,Adam,,,,2026-01-08,09:20,tutorat,donne_reponse_directe
OBS,302,Nicolas,Adam,,,,2026-01-08,09:22,participation,repond_si_insiste
OBS,302,Nicolas,Adam,,,,2026-01-08,09:24,finalisation,passe_autre_activite
OBS,302,Nicolas,Adam,,,,2026-01-08,09:26,ressources,sollicite_immediat
OBS,302,Nicolas,Adam,,,,2026-01-08,09:28,entree,demarre_relance
OBS,302,Laurent,Nina,,,,2026-01-08,09:11,tutorat,aide_si_sollicite
OBS,302,Laurent,Nina,,,,2026-01-08,09:13,participation,repond_si_insiste
OBS,302,Laurent,Nina,,,,2026-01-08,09:15,finalisation,activite_incomplete
OBS,302,Laurent,Nina,,,,2026-01-08,09:17,difficulte,cherche_seul
OBS,302,Meunier,Jade,,,,2026-01-08,09:37,tutorat,aide_si_sollicite
OBS,302,Meunier,Jade,,,,2026-01-08,09:39,participation,participe_spontanement
OBS,302,Meunier,Jade,,,,2026-01-08,09:41,attention,concentre
OBS,302,Meunier,Jade,,,,2026-01-08,09:43,finalisation,verifie_travail
OBS,302,Meunier,Jade,,,,2026-01-08,09:45,entree,demarre_relance
OBS,302,Marchand,Eliott,,,,2026-01-08,09:26,tutorat,donne_reponse_directe
OBS,302,Marchand,Eliott,,,,2026-01-08,09:28,participation,repond_si_insiste
OBS,302,Marchand,Eliott,,,,2026-01-08,09:30,ressources,sollicite_immediat
OBS,302,Marchand,Eliott,,,,2026-01-08,09:32,difficulte,observe_camarade
OBS,302,Marchand,Eliott,,,,2026-01-08,09:34,attention,concentre
OBS,302,Masson,Rayan,,,,2026-01-08,09:18,tutorat,explique_camarade
OBS,302,Masson,Rayan,,,,2026-01-08,09:20,participation,participe_spontanement
OBS,302,Masson,Rayan,,,,2026-01-08,09:22,finalisation,verifie_travail
OBS,302,Masson,Rayan,,,,2026-01-08,09:24,ressources,utilise_document_r
OBS,302,Chevalier,Gabriel,,,,2026-01-08,09:36,tutorat,explique_camarade
OBS,302,Chevalier,Gabriel,,,,2026-01-08,09:38,participation,repond_si_sollicite
OBS,302,Chevalier,Gabriel,,,,2026-01-08,09:40,finalisation,corrige_erreur
OBS,302,Chevalier,Gabriel,,,,2026-01-08,09:42,entree,demarre_immediat
OBS,302,Chevalier,Gabriel,,,,2026-01-08,09:44,attention,concentre
SESSION,302,demo_302_202601130900,1768291200000,1768294500000
OBS,302,Faure,Simon,,,,2026-01-13,09:17,tutorat,aide_si_sollicite
OBS,302,Faure,Simon,,,,2026-01-13,09:19,participation,participe_spontanement
OBS,302,Faure,Simon,,,,2026-01-13,09:21,ressources,utilise_aides_activite
OBS,302,Faure,Simon,,,,2026-01-13,09:23,difficulte,utilise_document_d
OBS,302,Faure,Simon,,,,2026-01-13,09:25,entree,demarre_immediat
OBS,302,Perrin,Simon,,,,2026-01-13,09:48,tutorat,aide_si_sollicite
OBS,302,Perrin,Simon,,,,2026-01-13,09:50,participation,repond_si_sollicite
OBS,302,Perrin,Simon,,,,2026-01-13,09:52,ressources,sollicite_immediat
OBS,302,Perrin,Simon,,,,2026-01-13,09:53,entree,demarre_relance
OBS,302,Gauthier,Adam,,,,2026-01-13,09:36,tutorat,aide_si_sollicite
OBS,302,Gauthier,Adam,,,,2026-01-13,09:38,participation,repond_si_sollicite
OBS,302,Gauthier,Adam,,,,2026-01-13,09:40,ressources,attend_professeur
OBS,302,Gauthier,Adam,,,,2026-01-13,09:42,attention,distrait_momentanement
OBS,302,Gauthier,Adam,,,,2026-01-13,09:44,finalisation,passe_autre_activite
OBS,302,Rousseau,Jade,,,,2026-01-13,09:23,tutorat,aide_si_sollicite
OBS,302,Rousseau,Jade,,,,2026-01-13,09:25,participation,repond_si_insiste
OBS,302,Rousseau,Jade,,,,2026-01-13,09:27,ressources,utilise_document_r
OBS,302,Rousseau,Jade,,,,2026-01-13,09:29,finalisation,activite_incomplete
OBS,302,Vincent,Lucie,,,,2026-01-13,09:07,tutorat,aide_si_sollicite
OBS,302,Vincent,Lucie,,,,2026-01-13,09:09,participation,repond_si_insiste
OBS,302,Vincent,Lucie,,,,2026-01-13,09:11,entree,demarre_relance
OBS,302,Vincent,Lucie,,,,2026-01-13,09:13,attention,distrait_momentanement
OBS,302,Muller,Lea,,,,2026-01-13,09:48,tutorat,aide_si_sollicite
OBS,302,Muller,Lea,,,,2026-01-13,09:50,participation,participe_spontanement
OBS,302,Muller,Lea,,,,2026-01-13,09:52,ressources,sollicite_apres_cherche
OBS,302,Muller,Lea,,,,2026-01-13,09:53,attention,concentre
OBS,302,Morel,Manon,,,,2026-01-13,09:48,tutorat,refuse_aider
OBS,302,Morel,Manon,,,,2026-01-13,09:50,participation,repond_si_insiste
OBS,302,Morel,Manon,,,,2026-01-13,09:52,difficulte,observe_camarade
OBS,302,Morel,Manon,,,,2026-01-13,09:53,entree,attend_sans_commencer
OBS,302,Bertrand,Liam,,,,2026-01-13,09:42,tutorat,aide_si_sollicite
OBS,302,Bertrand,Liam,,,,2026-01-13,09:44,participation,repond_si_insiste
OBS,302,Bertrand,Liam,,,,2026-01-13,09:46,entree,demarre_relance
OBS,302,Bertrand,Liam,,,,2026-01-13,09:48,difficulte,demande_aide_pertinente
OBS,302,Lambert,Maya,,,,2026-01-13,09:48,tutorat,aide_si_sollicite
OBS,302,Lambert,Maya,,,,2026-01-13,09:50,participation,repond_si_sollicite
OBS,302,Lambert,Maya,,,,2026-01-13,09:52,ressources,utilise_document_r
OBS,302,Lambert,Maya,,,,2026-01-13,09:53,difficulte,utilise_coup_de_pouce
OBS,302,Guerin,Lola,,,,2026-01-13,09:28,tutorat,donne_reponse_directe
OBS,302,Guerin,Lola,,,,2026-01-13,09:30,participation,repond_si_sollicite
OBS,302,Guerin,Lola,,,,2026-01-13,09:32,entree,demarre_relance
OBS,302,Guerin,Lola,,,,2026-01-13,09:34,attention,distrait_momentanement
OBS,302,Renard,Rose,,,,2026-01-13,09:07,tutorat,refuse_aider
OBS,302,Renard,Rose,,,,2026-01-13,09:09,participation,ne_participe_pas
OBS,302,Renard,Rose,,,,2026-01-13,09:11,finalisation,recopie_correction
OBS,302,Renard,Rose,,,,2026-01-13,09:13,attention,bavarde_hors_sujet
OBS,302,Renard,Rose,,,,2026-01-13,09:15,difficulte,attend_d
OBS,302,Robert,Ines,,,,2026-01-13,09:44,tutorat,donne_reponse_directe
OBS,302,Robert,Ines,,,,2026-01-13,09:46,participation,repond_si_insiste
OBS,302,Robert,Ines,,,,2026-01-13,09:48,difficulte,attend_d
OBS,302,Robert,Ines,,,,2026-01-13,09:50,finalisation,passe_autre_activite
OBS,302,Robert,Ines,,,,2026-01-13,09:52,ressources,attend_professeur
OBS,302,Fontaine,Axel,,,,2026-01-13,09:42,tutorat,donne_reponse_directe
OBS,302,Fontaine,Axel,,,,2026-01-13,09:44,participation,ne_participe_pas
OBS,302,Fontaine,Axel,,,,2026-01-13,09:46,ressources,attend_professeur
OBS,302,Fontaine,Axel,,,,2026-01-13,09:48,entree,attend_sans_commencer
OBS,302,Fontaine,Axel,,,,2026-01-13,09:50,difficulte,attend_d
OBS,302,Sanchez,Rafael,,,,2026-01-13,09:45,tutorat,donne_reponse_directe
OBS,302,Sanchez,Rafael,,,,2026-01-13,09:47,participation,repond_si_insiste
OBS,302,Sanchez,Rafael,,,,2026-01-13,09:49,ressources,sollicite_immediat
OBS,302,Sanchez,Rafael,,,,2026-01-13,09:51,finalisation,recopie_correction
OBS,302,Blanc,Eliott,,,,2026-01-13,09:40,tutorat,aide_si_sollicite
OBS,302,Blanc,Eliott,,,,2026-01-13,09:42,participation,repond_si_sollicite
OBS,302,Blanc,Eliott,,,,2026-01-13,09:44,finalisation,verifie_travail
OBS,302,Blanc,Eliott,,,,2026-01-13,09:46,difficulte,observe_camarade
OBS,302,Dubois,Nathan,,,,2026-01-13,09:01,tutorat,donne_reponse_directe
OBS,302,Dubois,Nathan,,,,2026-01-13,09:03,participation,repond_si_insiste
OBS,302,Dubois,Nathan,,,,2026-01-13,09:05,entree,ne_demarre_pas
OBS,302,Dubois,Nathan,,,,2026-01-13,09:07,difficulte,observe_camarade
OBS,302,Mercier,Zoe,,,,2026-01-13,09:32,tutorat,aide_si_sollicite
OBS,302,Mercier,Zoe,,,,2026-01-13,09:34,participation,repond_si_sollicite
OBS,302,Mercier,Zoe,,,,2026-01-13,09:36,entree,attend_sans_commencer
OBS,302,Mercier,Zoe,,,,2026-01-13,09:38,attention,bavarde_travail
OBS,302,Mercier,Zoe,,,,2026-01-13,09:40,ressources,echange_camarade
OBS,302,Aubert,Ines,,,,2026-01-13,09:32,tutorat,aide_si_sollicite
OBS,302,Aubert,Ines,,,,2026-01-13,09:34,participation,repond_si_sollicite
OBS,302,Aubert,Ines,,,,2026-01-13,09:36,ressources,sollicite_apres_cherche
OBS,302,Aubert,Ines,,,,2026-01-13,09:38,finalisation,activite_incomplete
OBS,302,Aubert,Ines,,,,2026-01-13,09:40,entree,demarre_immediat
OBS,302,Nicolas,Adam,,,,2026-01-13,09:04,tutorat,donne_reponse_directe
OBS,302,Nicolas,Adam,,,,2026-01-13,09:06,participation,ne_participe_pas
OBS,302,Nicolas,Adam,,,,2026-01-13,09:08,entree,ne_demarre_pas
OBS,302,Nicolas,Adam,,,,2026-01-13,09:10,finalisation,recopie_correction
OBS,302,Girard,Lina,,,,2026-01-13,09:28,tutorat,refuse_aider
OBS,302,Girard,Lina,,,,2026-01-13,09:30,participation,repond_si_insiste
OBS,302,Girard,Lina,,,,2026-01-13,09:32,ressources,sollicite_immediat
OBS,302,Girard,Lina,,,,2026-01-13,09:34,entree,attend_sans_commencer
OBS,302,Girard,Lina,,,,2026-01-13,09:36,difficulte,attend_d
OBS,302,Laurent,Nina,,,,2026-01-13,09:48,tutorat,aide_si_sollicite
OBS,302,Laurent,Nina,,,,2026-01-13,09:50,participation,repond_si_sollicite
OBS,302,Laurent,Nina,,,,2026-01-13,09:52,finalisation,passe_autre_activite
OBS,302,Laurent,Nina,,,,2026-01-13,09:53,attention,distrait_momentanement
OBS,302,Laurent,Nina,,,,2026-01-13,09:53,entree,attend_sans_commencer
OBS,302,Meunier,Jade,,,,2026-01-13,09:40,tutorat,explique_camarade
OBS,302,Meunier,Jade,,,,2026-01-13,09:42,participation,participe_spontanement
OBS,302,Meunier,Jade,,,,2026-01-13,09:44,attention,reconcentre_seul
OBS,302,Meunier,Jade,,,,2026-01-13,09:46,ressources,echange_camarade
OBS,302,Marchand,Eliott,,,,2026-01-13,09:11,tutorat,aide_si_sollicite
OBS,302,Marchand,Eliott,,,,2026-01-13,09:13,participation,participe_spontanement
OBS,302,Marchand,Eliott,,,,2026-01-13,09:15,attention,reconcentre_seul
OBS,302,Marchand,Eliott,,,,2026-01-13,09:17,ressources,echange_camarade
OBS,302,Marchand,Eliott,,,,2026-01-13,09:19,difficulte,cherche_seul
OBS,302,Moreau,Louis,,,,2026-01-13,09:23,tutorat,donne_reponse_directe
OBS,302,Moreau,Louis,,,,2026-01-13,09:25,participation,repond_si_insiste
OBS,302,Moreau,Louis,,,,2026-01-13,09:27,entree,attend_sans_commencer
OBS,302,Moreau,Louis,,,,2026-01-13,09:29,difficulte,attend_d
OBS,302,Masson,Rayan,,,,2026-01-13,09:18,tutorat,aide_si_sollicite
OBS,302,Masson,Rayan,,,,2026-01-13,09:20,participation,repond_si_sollicite
OBS,302,Masson,Rayan,,,,2026-01-13,09:22,difficulte,utilise_document_d
OBS,302,Masson,Rayan,,,,2026-01-13,09:24,attention,concentre
OBS,302,Chevalier,Gabriel,,,,2026-01-13,09:28,tutorat,explique_camarade
OBS,302,Chevalier,Gabriel,,,,2026-01-13,09:30,participation,participe_spontanement
OBS,302,Chevalier,Gabriel,,,,2026-01-13,09:32,finalisation,activite_terminee
OBS,302,Chevalier,Gabriel,,,,2026-01-13,09:34,ressources,echange_camarade
OBS,302,Chevalier,Gabriel,,,,2026-01-13,09:36,difficulte,utilise_coup_de_pouce
SESSION,302,demo_302_202601160900,1768550400000,1768553700000
OBS,302,Faure,Simon,,,,2026-01-16,09:45,tutorat,explique_camarade
OBS,302,Faure,Simon,,,,2026-01-16,09:47,participation,participe_spontanement
OBS,302,Faure,Simon,,,,2026-01-16,09:49,entree,demarre_relance
OBS,302,Faure,Simon,,,,2026-01-16,09:51,difficulte,cherche_seul
OBS,302,Faure,Simon,,,,2026-01-16,09:53,attention,concentre
OBS,302,Perrin,Simon,,,,2026-01-16,09:24,tutorat,aide_si_sollicite
OBS,302,Perrin,Simon,,,,2026-01-16,09:26,participation,repond_si_sollicite
OBS,302,Perrin,Simon,,,,2026-01-16,09:28,entree,demarre_relance
OBS,302,Perrin,Simon,,,,2026-01-16,09:30,ressources,utilise_document_r
OBS,302,Perrin,Simon,,,,2026-01-16,09:32,difficulte,observe_camarade
OBS,302,Fournier,Louise,,,,2026-01-16,09:09,tutorat,aide_si_sollicite
OBS,302,Fournier,Louise,,,,2026-01-16,09:11,participation,repond_si_insiste
OBS,302,Fournier,Louise,,,,2026-01-16,09:13,finalisation,activite_incomplete
OBS,302,Fournier,Louise,,,,2026-01-16,09:15,entree,ne_demarre_pas
OBS,302,Muller,Lea,,,,2026-01-16,09:34,tutorat,explique_camarade
OBS,302,Muller,Lea,,,,2026-01-16,09:36,participation,participe_spontanement
OBS,302,Muller,Lea,,,,2026-01-16,09:38,ressources,sollicite_apres_cherche
OBS,302,Muller,Lea,,,,2026-01-16,09:40,entree,demarre_immediat
OBS,302,Muller,Lea,,,,2026-01-16,09:42,finalisation,corrige_erreur
OBS,302,Boyer,Iris,,,,2026-01-16,09:33,tutorat,refuse_aider
OBS,302,Boyer,Iris,,,,2026-01-16,09:35,participation,repond_si_insiste
OBS,302,Boyer,Iris,,,,2026-01-16,09:37,ressources,attend_correction
OBS,302,Boyer,Iris,,,,2026-01-16,09:39,attention,bavarde_hors_sujet
OBS,302,Boyer,Iris,,,,2026-01-16,09:41,finalisation,recopie_correction
OBS,302,Morel,Manon,,,,2026-01-16,09:16,tutorat,refuse_aider
OBS,302,Morel,Manon,,,,2026-01-16,09:18,participation,ne_participe_pas
OBS,302,Morel,Manon,,,,2026-01-16,09:20,attention,distrait_momentanement
OBS,302,Morel,Manon,,,,2026-01-16,09:22,ressources,attend_correction
OBS,302,Bertrand,Liam,,,,2026-01-16,09:30,tutorat,donne_reponse_directe
OBS,302,Bertrand,Liam,,,,2026-01-16,09:32,participation,repond_si_sollicite
OBS,302,Bertrand,Liam,,,,2026-01-16,09:34,ressources,attend_professeur
OBS,302,Bertrand,Liam,,,,2026-01-16,09:36,finalisation,passe_autre_activite
OBS,302,Lambert,Maya,,,,2026-01-16,09:34,tutorat,donne_reponse_directe
OBS,302,Lambert,Maya,,,,2026-01-16,09:36,participation,repond_si_insiste
OBS,302,Lambert,Maya,,,,2026-01-16,09:38,finalisation,passe_autre_activite
OBS,302,Lambert,Maya,,,,2026-01-16,09:40,difficulte,attend_d
OBS,302,Lambert,Maya,,,,2026-01-16,09:42,entree,attend_sans_commencer
OBS,302,Guerin,Lola,,,,2026-01-16,09:24,tutorat,aide_si_sollicite
OBS,302,Guerin,Lola,,,,2026-01-16,09:26,participation,repond_si_sollicite
OBS,302,Guerin,Lola,,,,2026-01-16,09:28,finalisation,activite_incomplete
OBS,302,Guerin,Lola,,,,2026-01-16,09:30,difficulte,demande_aide_pertinente
OBS,302,Robert,Ines,,,,2026-01-16,09:37,tutorat,aide_si_sollicite
OBS,302,Robert,Ines,,,,2026-01-16,09:39,participation,participe_spontanement
OBS,302,Robert,Ines,,,,2026-01-16,09:41,entree,demarre_relance
OBS,302,Robert,Ines,,,,2026-01-16,09:43,finalisation,corrige_erreur
OBS,302,Robert,Ines,,,,2026-01-16,09:45,difficulte,observe_camarade
OBS,302,Sanchez,Rafael,,,,2026-01-16,09:22,tutorat,refuse_aider
OBS,302,Sanchez,Rafael,,,,2026-01-16,09:24,participation,ne_participe_pas
OBS,302,Sanchez,Rafael,,,,2026-01-16,09:26,entree,ne_demarre_pas
OBS,302,Sanchez,Rafael,,,,2026-01-16,09:28,ressources,attend_correction
OBS,302,Mercier,Zoe,,,,2026-01-16,09:29,tutorat,aide_si_sollicite
OBS,302,Mercier,Zoe,,,,2026-01-16,09:31,participation,repond_si_sollicite
OBS,302,Mercier,Zoe,,,,2026-01-16,09:33,entree,demarre_relance
OBS,302,Mercier,Zoe,,,,2026-01-16,09:35,attention,distrait_momentanement
OBS,302,Aubert,Ines,,,,2026-01-16,09:34,tutorat,aide_si_sollicite
OBS,302,Aubert,Ines,,,,2026-01-16,09:36,participation,repond_si_sollicite
OBS,302,Aubert,Ines,,,,2026-01-16,09:38,finalisation,passe_autre_activite
OBS,302,Aubert,Ines,,,,2026-01-16,09:40,ressources,utilise_document_r
OBS,302,Aubert,Ines,,,,2026-01-16,09:42,attention,bavarde_travail
OBS,302,Dupont,Victor,,,,2026-01-16,09:20,tutorat,donne_reponse_directe
OBS,302,Dupont,Victor,,,,2026-01-16,09:22,participation,repond_si_sollicite
OBS,302,Dupont,Victor,,,,2026-01-16,09:24,attention,bavarde_travail
OBS,302,Dupont,Victor,,,,2026-01-16,09:26,finalisation,passe_autre_activite
OBS,302,Dupont,Victor,,,,2026-01-16,09:28,difficulte,attend_d
OBS,302,Girard,Lina,,,,2026-01-16,09:46,tutorat,donne_reponse_directe
OBS,302,Girard,Lina,,,,2026-01-16,09:48,participation,repond_si_insiste
OBS,302,Girard,Lina,,,,2026-01-16,09:50,ressources,attend_correction
OBS,302,Girard,Lina,,,,2026-01-16,09:52,entree,attend_sans_commencer
OBS,302,Girard,Lina,,,,2026-01-16,09:53,attention,bavarde_travail
OBS,302,Laurent,Nina,,,,2026-01-16,09:10,tutorat,donne_reponse_directe
OBS,302,Laurent,Nina,,,,2026-01-16,09:12,participation,repond_si_insiste
OBS,302,Laurent,Nina,,,,2026-01-16,09:14,difficulte,attend_d
OBS,302,Laurent,Nina,,,,2026-01-16,09:16,ressources,sollicite_immediat
OBS,302,Laurent,Nina,,,,2026-01-16,09:18,entree,demarre_relance
OBS,302,Meunier,Jade,,,,2026-01-16,09:03,tutorat,aide_si_sollicite
OBS,302,Meunier,Jade,,,,2026-01-16,09:05,participation,repond_si_sollicite
OBS,302,Meunier,Jade,,,,2026-01-16,09:07,entree,demarre_relance
OBS,302,Meunier,Jade,,,,2026-01-16,09:09,finalisation,activite_incomplete
OBS,302,Moreau,Louis,,,,2026-01-16,09:21,tutorat,aide_si_sollicite
OBS,302,Moreau,Louis,,,,2026-01-16,09:23,participation,repond_si_insiste
OBS,302,Moreau,Louis,,,,2026-01-16,09:25,difficulte,observe_camarade
OBS,302,Moreau,Louis,,,,2026-01-16,09:27,ressources,sollicite_immediat
OBS,302,Moreau,Louis,,,,2026-01-16,09:29,finalisation,activite_incomplete
OBS,302,Masson,Rayan,,,,2026-01-16,09:32,tutorat,explique_camarade
OBS,302,Masson,Rayan,,,,2026-01-16,09:34,participation,participe_spontanement
OBS,302,Masson,Rayan,,,,2026-01-16,09:36,finalisation,corrige_erreur
OBS,302,Masson,Rayan,,,,2026-01-16,09:38,difficulte,cherche_seul
OBS,302,Chevalier,Gabriel,,,,2026-01-16,09:44,tutorat,aide_si_sollicite
OBS,302,Chevalier,Gabriel,,,,2026-01-16,09:46,participation,participe_spontanement
OBS,302,Chevalier,Gabriel,,,,2026-01-16,09:48,ressources,echange_camarade
OBS,302,Chevalier,Gabriel,,,,2026-01-16,09:50,difficulte,cherche_seul
SESSION,302,demo_302_202601220900,1769068800000,1769072100000
OBS,302,Faure,Simon,,,,2026-01-22,09:15,tutorat,aide_si_sollicite
OBS,302,Faure,Simon,,,,2026-01-22,09:17,participation,participe_spontanement
OBS,302,Faure,Simon,,,,2026-01-22,09:19,ressources,sollicite_apres_cherche
OBS,302,Faure,Simon,,,,2026-01-22,09:21,attention,concentre
OBS,302,Faure,Simon,,,,2026-01-22,09:23,difficulte,demande_aide_pertinente
OBS,302,Perrin,Simon,,,,2026-01-22,09:46,tutorat,donne_reponse_directe
OBS,302,Perrin,Simon,,,,2026-01-22,09:48,participation,repond_si_insiste
OBS,302,Perrin,Simon,,,,2026-01-22,09:50,attention,bavarde_travail
OBS,302,Perrin,Simon,,,,2026-01-22,09:52,entree,attend_sans_commencer
OBS,302,Perrin,Simon,,,,2026-01-22,09:53,finalisation,recopie_correction
OBS,302,Gauthier,Adam,,,,2026-01-22,09:24,tutorat,aide_si_sollicite
OBS,302,Gauthier,Adam,,,,2026-01-22,09:26,participation,repond_si_insiste
OBS,302,Gauthier,Adam,,,,2026-01-22,09:28,finalisation,passe_autre_activite
OBS,302,Gauthier,Adam,,,,2026-01-22,09:30,difficulte,observe_camarade
OBS,302,Rousseau,Jade,,,,2026-01-22,09:27,tutorat,aide_si_sollicite
OBS,302,Rousseau,Jade,,,,2026-01-22,09:29,participation,repond_si_sollicite
OBS,302,Rousseau,Jade,,,,2026-01-22,09:31,finalisation,activite_incomplete
OBS,302,Vincent,Lucie,,,,2026-01-22,09:06,tutorat,donne_reponse_directe
OBS,302,Vincent,Lucie,,,,2026-01-22,09:08,participation,repond_si_insiste
OBS,302,Vincent,Lucie,,,,2026-01-22,09:10,finalisation,activite_incomplete
OBS,302,Vincent,Lucie,,,,2026-01-22,09:12,difficulte,attend_d
OBS,302,Vincent,Lucie,,,,2026-01-22,09:14,ressources,sollicite_apres_cherche
OBS,302,Muller,Lea,,,,2026-01-22,09:16,tutorat,explique_camarade
OBS,302,Muller,Lea,,,,2026-01-22,09:18,participation,repond_si_sollicite
OBS,302,Muller,Lea,,,,2026-01-22,09:20,finalisation,activite_terminee
OBS,302,Muller,Lea,,,,2026-01-22,09:22,entree,demarre_immediat
OBS,302,Boyer,Iris,,,,2026-01-22,09:11,tutorat,refuse_aider
OBS,302,Boyer,Iris,,,,2026-01-22,09:13,participation,ne_participe_pas
OBS,302,Boyer,Iris,,,,2026-01-22,09:15,ressources,attend_correction
OBS,302,Boyer,Iris,,,,2026-01-22,09:17,difficulte,copie_correction
OBS,302,Boyer,Iris,,,,2026-01-22,09:19,finalisation,recopie_correction
OBS,302,Morel,Manon,,,,2026-01-22,09:35,tutorat,refuse_aider
OBS,302,Morel,Manon,,,,2026-01-22,09:37,participation,ne_participe_pas
OBS,302,Morel,Manon,,,,2026-01-22,09:39,entree,ne_demarre_pas
OBS,302,Morel,Manon,,,,2026-01-22,09:41,finalisation,passe_autre_activite
OBS,302,Morel,Manon,,,,2026-01-22,09:43,ressources,attend_correction
OBS,302,Lambert,Maya,,,,2026-01-22,09:09,tutorat,aide_si_sollicite
OBS,302,Lambert,Maya,,,,2026-01-22,09:11,participation,repond_si_sollicite
OBS,302,Lambert,Maya,,,,2026-01-22,09:13,difficulte,demande_aide_pertinente
OBS,302,Lambert,Maya,,,,2026-01-22,09:15,ressources,utilise_document_r
OBS,302,Lambert,Maya,,,,2026-01-22,09:17,attention,concentre
OBS,302,Guerin,Lola,,,,2026-01-22,09:34,tutorat,donne_reponse_directe
OBS,302,Guerin,Lola,,,,2026-01-22,09:36,participation,repond_si_insiste
OBS,302,Guerin,Lola,,,,2026-01-22,09:38,entree,attend_sans_commencer
OBS,302,Guerin,Lola,,,,2026-01-22,09:40,difficulte,observe_camarade
OBS,302,Guerin,Lola,,,,2026-01-22,09:42,ressources,sollicite_immediat
OBS,302,Renard,Rose,,,,2026-01-22,09:29,tutorat,donne_reponse_directe
OBS,302,Renard,Rose,,,,2026-01-22,09:31,participation,repond_si_insiste
OBS,302,Renard,Rose,,,,2026-01-22,09:33,difficulte,attend_d
OBS,302,Renard,Rose,,,,2026-01-22,09:35,attention,bavarde_travail
OBS,302,Robert,Ines,,,,2026-01-22,09:07,tutorat,donne_reponse_directe
OBS,302,Robert,Ines,,,,2026-01-22,09:09,participation,repond_si_insiste
OBS,302,Robert,Ines,,,,2026-01-22,09:11,ressources,attend_professeur
OBS,302,Robert,Ines,,,,2026-01-22,09:13,difficulte,attend_d
OBS,302,Sanchez,Rafael,,,,2026-01-22,09:24,tutorat,refuse_aider
OBS,302,Sanchez,Rafael,,,,2026-01-22,09:26,participation,ne_participe_pas
OBS,302,Sanchez,Rafael,,,,2026-01-22,09:28,difficulte,copie_correction
OBS,302,Sanchez,Rafael,,,,2026-01-22,09:30,finalisation,recopie_correction
OBS,302,Blanc,Eliott,,,,2026-01-22,09:26,tutorat,aide_si_sollicite
OBS,302,Blanc,Eliott,,,,2026-01-22,09:28,participation,repond_si_insiste
OBS,302,Blanc,Eliott,,,,2026-01-22,09:30,finalisation,passe_autre_activite
OBS,302,Blanc,Eliott,,,,2026-01-22,09:32,attention,reconcentre_seul
OBS,302,Blanc,Eliott,,,,2026-01-22,09:34,ressources,sollicite_immediat
OBS,302,Dubois,Nathan,,,,2026-01-22,09:21,tutorat,donne_reponse_directe
OBS,302,Dubois,Nathan,,,,2026-01-22,09:23,participation,repond_si_sollicite
OBS,302,Dubois,Nathan,,,,2026-01-22,09:25,ressources,attend_correction
OBS,302,Mercier,Zoe,,,,2026-01-22,09:23,tutorat,aide_si_sollicite
OBS,302,Mercier,Zoe,,,,2026-01-22,09:25,participation,repond_si_sollicite
OBS,302,Mercier,Zoe,,,,2026-01-22,09:27,difficulte,utilise_document_d
OBS,302,Mercier,Zoe,,,,2026-01-22,09:29,finalisation,activite_incomplete
OBS,302,Mercier,Zoe,,,,2026-01-22,09:31,ressources,attend_professeur
OBS,302,Aubert,Ines,,,,2026-01-22,09:48,tutorat,aide_si_sollicite
OBS,302,Aubert,Ines,,,,2026-01-22,09:50,participation,participe_spontanement
OBS,302,Aubert,Ines,,,,2026-01-22,09:52,ressources,utilise_document_r
OBS,302,Aubert,Ines,,,,2026-01-22,09:53,attention,distrait_momentanement
OBS,302,Dupont,Victor,,,,2026-01-22,09:39,tutorat,aide_si_sollicite
OBS,302,Dupont,Victor,,,,2026-01-22,09:41,participation,repond_si_sollicite
OBS,302,Dupont,Victor,,,,2026-01-22,09:43,ressources,sollicite_immediat
OBS,302,Dupont,Victor,,,,2026-01-22,09:45,attention,bavarde_travail
OBS,302,Dupont,Victor,,,,2026-01-22,09:47,difficulte,attend_d
OBS,302,Nicolas,Adam,,,,2026-01-22,09:43,tutorat,donne_reponse_directe
OBS,302,Nicolas,Adam,,,,2026-01-22,09:45,participation,ne_participe_pas
OBS,302,Nicolas,Adam,,,,2026-01-22,09:47,finalisation,recopie_correction
OBS,302,Nicolas,Adam,,,,2026-01-22,09:49,attention,bavarde_hors_sujet
OBS,302,Girard,Lina,,,,2026-01-22,09:30,tutorat,aide_si_sollicite
OBS,302,Girard,Lina,,,,2026-01-22,09:32,participation,repond_si_insiste
OBS,302,Girard,Lina,,,,2026-01-22,09:34,finalisation,activite_incomplete
OBS,302,Girard,Lina,,,,2026-01-22,09:36,entree,attend_sans_commencer
OBS,302,Girard,Lina,,,,2026-01-22,09:38,ressources,sollicite_immediat
OBS,302,Laurent,Nina,,,,2026-01-22,09:48,tutorat,aide_si_sollicite
OBS,302,Laurent,Nina,,,,2026-01-22,09:50,participation,repond_si_sollicite
OBS,302,Laurent,Nina,,,,2026-01-22,09:52,finalisation,activite_incomplete
OBS,302,Laurent,Nina,,,,2026-01-22,09:53,attention,reconcentre_seul
OBS,302,Laurent,Nina,,,,2026-01-22,09:53,entree,demarre_relance
OBS,302,Meunier,Jade,,,,2026-01-22,09:32,tutorat,explique_camarade
OBS,302,Meunier,Jade,,,,2026-01-22,09:34,participation,participe_spontanement
OBS,302,Meunier,Jade,,,,2026-01-22,09:36,attention,reconcentre_seul
OBS,302,Meunier,Jade,,,,2026-01-22,09:38,difficulte,demande_aide_pertinente
OBS,302,Meunier,Jade,,,,2026-01-22,09:40,entree,demarre_immediat
OBS,302,Petit,Louis,,,,2026-01-22,09:39,tutorat,refuse_aider
OBS,302,Petit,Louis,,,,2026-01-22,09:41,participation,ne_participe_pas
OBS,302,Petit,Louis,,,,2026-01-22,09:43,difficulte,attend_d
OBS,302,Marchand,Eliott,,,,2026-01-22,09:14,tutorat,aide_si_sollicite
OBS,302,Marchand,Eliott,,,,2026-01-22,09:16,participation,participe_spontanement
OBS,302,Marchand,Eliott,,,,2026-01-22,09:18,entree,demarre_relance
OBS,302,Marchand,Eliott,,,,2026-01-22,09:20,ressources,sollicite_immediat
SESSION,302,demo_302_202601270900,1769500800000,1769504100000
OBS,302,Faure,Simon,,,,2026-01-27,09:26,tutorat,explique_camarade
OBS,302,Faure,Simon,,,,2026-01-27,09:28,participation,repond_si_sollicite
OBS,302,Faure,Simon,,,,2026-01-27,09:30,entree,demarre_immediat
OBS,302,Faure,Simon,,,,2026-01-27,09:32,difficulte,utilise_document_d
OBS,302,Perrin,Simon,,,,2026-01-27,09:37,tutorat,aide_si_sollicite
OBS,302,Perrin,Simon,,,,2026-01-27,09:39,participation,repond_si_insiste
OBS,302,Perrin,Simon,,,,2026-01-27,09:41,difficulte,attend_d
OBS,302,Perrin,Simon,,,,2026-01-27,09:43,attention,bavarde_travail
OBS,302,Gauthier,Adam,,,,2026-01-27,09:06,tutorat,aide_si_sollicite
OBS,302,Gauthier,Adam,,,,2026-01-27,09:08,participation,repond_si_insiste
OBS,302,Gauthier,Adam,,,,2026-01-27,09:10,finalisation,activite_incomplete
OBS,302,Gauthier,Adam,,,,2026-01-27,09:12,difficulte,attend_d
OBS,302,Fournier,Louise,,,,2026-01-27,09:21,tutorat,aide_si_sollicite
OBS,302,Fournier,Louise,,,,2026-01-27,09:23,participation,repond_si_sollicite
OBS,302,Fournier,Louise,,,,2026-01-27,09:25,difficulte,attend_d
OBS,302,Fournier,Louise,,,,2026-01-27,09:27,finalisation,activite_incomplete
OBS,302,Fournier,Louise,,,,2026-01-27,09:29,ressources,sollicite_immediat
OBS,302,Muller,Lea,,,,2026-01-27,09:35,tutorat,explique_camarade
OBS,302,Muller,Lea,,,,2026-01-27,09:37,participation,repond_si_sollicite
OBS,302,Muller,Lea,,,,2026-01-27,09:39,finalisation,corrige_erreur
OBS,302,Muller,Lea,,,,2026-01-27,09:41,ressources,echange_camarade
OBS,302,Muller,Lea,,,,2026-01-27,09:43,difficulte,cherche_seul
OBS,302,Boyer,Iris,,,,2026-01-27,09:27,tutorat,donne_reponse_directe
OBS,302,Boyer,Iris,,,,2026-01-27,09:29,participation,ne_participe_pas
OBS,302,Boyer,Iris,,,,2026-01-27,09:31,attention,bavarde_travail
OBS,302,Boyer,Iris,,,,2026-01-27,09:33,ressources,attend_correction
OBS,302,Boyer,Iris,,,,2026-01-27,09:35,finalisation,passe_autre_activite
OBS,302,Morel,Manon,,,,2026-01-27,09:20,tutorat,donne_reponse_directe
OBS,302,Morel,Manon,,,,2026-01-27,09:22,participation,ne_participe_pas
OBS,302,Morel,Manon,,,,2026-01-27,09:24,difficulte,copie_correction
OBS,302,Morel,Manon,,,,2026-01-27,09:26,entree,attend_sans_commencer
OBS,302,Morel,Manon,,,,2026-01-27,09:28,ressources,attend_professeur
OBS,302,Lambert,Maya,,,,2026-01-27,09:26,tutorat,donne_reponse_directe
OBS,302,Lambert,Maya,,,,2026-01-27,09:28,participation,ne_participe_pas
OBS,302,Lambert,Maya,,,,2026-01-27,09:30,entree,attend_sans_commencer
OBS,302,Lambert,Maya,,,,2026-01-27,09:32,finalisation,activite_incomplete
OBS,302,Guerin,Lola,,,,2026-01-27,09:37,tutorat,donne_reponse_directe
OBS,302,Guerin,Lola,,,,2026-01-27,09:39,participation,repond_si_insiste
OBS,302,Guerin,Lola,,,,2026-01-27,09:41,entree,ne_demarre_pas
OBS,302,Guerin,Lola,,,,2026-01-27,09:43,difficulte,copie_correction
OBS,302,Guerin,Lola,,,,2026-01-27,09:45,finalisation,recopie_correction
OBS,302,Robert,Ines,,,,2026-01-27,09:39,tutorat,aide_si_sollicite
OBS,302,Robert,Ines,,,,2026-01-27,09:41,participation,repond_si_sollicite
OBS,302,Robert,Ines,,,,2026-01-27,09:43,finalisation,activite_incomplete
OBS,302,Robert,Ines,,,,2026-01-27,09:45,entree,demarre_relance
OBS,302,Robert,Ines,,,,2026-01-27,09:47,attention,bavarde_travail
OBS,302,Fontaine,Axel,,,,2026-01-27,09:21,tutorat,donne_reponse_directe
OBS,302,Fontaine,Axel,,,,2026-01-27,09:23,participation,repond_si_insiste
OBS,302,Fontaine,Axel,,,,2026-01-27,09:25,entree,attend_sans_commencer
OBS,302,Fontaine,Axel,,,,2026-01-27,09:27,attention,bavarde_travail
OBS,302,Fontaine,Axel,,,,2026-01-27,09:29,ressources,attend_correction
OBS,302,Blanc,Eliott,,,,2026-01-27,09:19,tutorat,aide_si_sollicite
OBS,302,Blanc,Eliott,,,,2026-01-27,09:21,participation,repond_si_sollicite
OBS,302,Blanc,Eliott,,,,2026-01-27,09:23,attention,concentre
OBS,302,Blanc,Eliott,,,,2026-01-27,09:25,entree,demarre_relance
OBS,302,Blanc,Eliott,,,,2026-01-27,09:27,finalisation,activite_incomplete
OBS,302,Dubois,Nathan,,,,2026-01-27,09:03,tutorat,refuse_aider
OBS,302,Dubois,Nathan,,,,2026-01-27,09:05,participation,ne_participe_pas
OBS,302,Dubois,Nathan,,,,2026-01-27,09:07,difficulte,copie_correction
OBS,302,Mercier,Zoe,,,,2026-01-27,09:34,tutorat,explique_camarade
OBS,302,Mercier,Zoe,,,,2026-01-27,09:36,participation,repond_si_insiste
OBS,302,Mercier,Zoe,,,,2026-01-27,09:38,difficulte,cherche_seul
OBS,302,Mercier,Zoe,,,,2026-01-27,09:40,ressources,utilise_aides_activite
OBS,302,Mercier,Zoe,,,,2026-01-27,09:42,finalisation,activite_terminee
OBS,302,Aubert,Ines,,,,2026-01-27,09:20,tutorat,donne_reponse_directe
OBS,302,Aubert,Ines,,,,2026-01-27,09:22,participation,repond_si_insiste
OBS,302,Aubert,Ines,,,,2026-01-27,09:24,entree,attend_sans_commencer
OBS,302,Aubert,Ines,,,,2026-01-27,09:26,difficulte,attend_d
OBS,302,Dupont,Victor,,,,2026-01-27,09:07,tutorat,aide_si_sollicite
OBS,302,Dupont,Victor,,,,2026-01-27,09:09,participation,repond_si_sollicite
OBS,302,Dupont,Victor,,,,2026-01-27,09:11,difficulte,utilise_document_d
OBS,302,Dupont,Victor,,,,2026-01-27,09:13,ressources,sollicite_immediat
OBS,302,Nicolas,Adam,,,,2026-01-27,09:23,tutorat,donne_reponse_directe
OBS,302,Nicolas,Adam,,,,2026-01-27,09:25,participation,repond_si_insiste
OBS,302,Nicolas,Adam,,,,2026-01-27,09:27,ressources,attend_professeur
OBS,302,Nicolas,Adam,,,,2026-01-27,09:29,entree,demarre_relance
OBS,302,Nicolas,Adam,,,,2026-01-27,09:31,attention,distrait_momentanement
OBS,302,Girard,Lina,,,,2026-01-27,09:37,tutorat,donne_reponse_directe
OBS,302,Girard,Lina,,,,2026-01-27,09:39,participation,ne_participe_pas
OBS,302,Girard,Lina,,,,2026-01-27,09:41,attention,bavarde_travail
OBS,302,Girard,Lina,,,,2026-01-27,09:43,difficulte,observe_camarade
OBS,302,Laurent,Nina,,,,2026-01-27,09:14,tutorat,aide_si_sollicite
OBS,302,Laurent,Nina,,,,2026-01-27,09:16,participation,repond_si_sollicite
OBS,302,Laurent,Nina,,,,2026-01-27,09:18,entree,demarre_relance
OBS,302,Laurent,Nina,,,,2026-01-27,09:20,finalisation,activite_terminee
OBS,302,Meunier,Jade,,,,2026-01-27,09:05,tutorat,aide_si_sollicite
OBS,302,Meunier,Jade,,,,2026-01-27,09:07,participation,repond_si_sollicite
OBS,302,Meunier,Jade,,,,2026-01-27,09:09,entree,demarre_relance
OBS,302,Meunier,Jade,,,,2026-01-27,09:11,attention,concentre
OBS,302,Petit,Louis,,,,2026-01-27,09:04,tutorat,refuse_aider
OBS,302,Petit,Louis,,,,2026-01-27,09:06,participation,repond_si_sollicite
OBS,302,Petit,Louis,,,,2026-01-27,09:08,finalisation,activite_incomplete
OBS,302,Petit,Louis,,,,2026-01-27,09:10,ressources,sollicite_immediat
OBS,302,Marchand,Eliott,,,,2026-01-27,09:27,tutorat,aide_si_sollicite
OBS,302,Marchand,Eliott,,,,2026-01-27,09:29,participation,repond_si_sollicite
OBS,302,Marchand,Eliott,,,,2026-01-27,09:31,attention,bavarde_travail
OBS,302,Marchand,Eliott,,,,2026-01-27,09:33,entree,demarre_relance
OBS,302,Marchand,Eliott,,,,2026-01-27,09:35,finalisation,verifie_travail
OBS,302,Moreau,Louis,,,,2026-01-27,09:10,tutorat,donne_reponse_directe
OBS,302,Moreau,Louis,,,,2026-01-27,09:12,participation,repond_si_insiste
OBS,302,Moreau,Louis,,,,2026-01-27,09:14,entree,attend_sans_commencer
OBS,302,Moreau,Louis,,,,2026-01-27,09:16,ressources,attend_professeur
OBS,302,Masson,Rayan,,,,2026-01-27,09:10,tutorat,explique_camarade
OBS,302,Masson,Rayan,,,,2026-01-27,09:12,participation,participe_spontanement
OBS,302,Masson,Rayan,,,,2026-01-27,09:14,difficulte,cherche_seul
OBS,302,Masson,Rayan,,,,2026-01-27,09:16,entree,demarre_relance
OBS,302,Masson,Rayan,,,,2026-01-27,09:18,attention,reconcentre_seul
OBS,302,Chevalier,Gabriel,,,,2026-01-27,09:17,tutorat,aide_si_sollicite
OBS,302,Chevalier,Gabriel,,,,2026-01-27,09:19,participation,participe_spontanement
OBS,302,Chevalier,Gabriel,,,,2026-01-27,09:21,difficulte,utilise_document_d
OBS,302,Chevalier,Gabriel,,,,2026-01-27,09:23,ressources,sollicite_apres_cherche
SESSION,302,demo_302_202602020900,1770019200000,1770022500000
OBS,302,Faure,Simon,,,,2026-02-02,09:28,tutorat,aide_si_sollicite
OBS,302,Faure,Simon,,,,2026-02-02,09:30,participation,repond_si_sollicite
OBS,302,Faure,Simon,,,,2026-02-02,09:32,finalisation,verifie_travail
OBS,302,Faure,Simon,,,,2026-02-02,09:34,ressources,echange_camarade
OBS,302,Perrin,Simon,,,,2026-02-02,09:19,tutorat,aide_si_sollicite
OBS,302,Perrin,Simon,,,,2026-02-02,09:21,participation,repond_si_sollicite
OBS,302,Perrin,Simon,,,,2026-02-02,09:23,difficulte,utilise_document_d
OBS,302,Perrin,Simon,,,,2026-02-02,09:25,attention,distrait_momentanement
OBS,302,Perrin,Simon,,,,2026-02-02,09:27,finalisation,corrige_erreur
OBS,302,Gauthier,Adam,,,,2026-02-02,09:38,tutorat,donne_reponse_directe
OBS,302,Gauthier,Adam,,,,2026-02-02,09:40,participation,repond_si_sollicite
OBS,302,Gauthier,Adam,,,,2026-02-02,09:42,attention,bavarde_hors_sujet
OBS,302,Gauthier,Adam,,,,2026-02-02,09:44,finalisation,activite_incomplete
OBS,302,Gauthier,Adam,,,,2026-02-02,09:46,entree,demarre_relance
OBS,302,Vincent,Lucie,,,,2026-02-02,09:27,tutorat,aide_si_sollicite
OBS,302,Vincent,Lucie,,,,2026-02-02,09:29,participation,participe_spontanement
OBS,302,Vincent,Lucie,,,,2026-02-02,09:31,difficulte,utilise_document_d
OBS,302,Vincent,Lucie,,,,2026-02-02,09:33,attention,bavarde_travail
OBS,302,Vincent,Lucie,,,,2026-02-02,09:35,ressources,echange_camarade
OBS,302,Muller,Lea,,,,2026-02-02,09:16,tutorat,aide_si_sollicite
OBS,302,Muller,Lea,,,,2026-02-02,09:18,participation,repond_si_sollicite
OBS,302,Muller,Lea,,,,2026-02-02,09:20,ressources,utilise_document_r
OBS,302,Muller,Lea,,,,2026-02-02,09:22,difficulte,utilise_document_d
OBS,302,Morel,Manon,,,,2026-02-02,09:04,tutorat,donne_reponse_directe
OBS,302,Morel,Manon,,,,2026-02-02,09:06,participation,repond_si_insiste
OBS,302,Morel,Manon,,,,2026-02-02,09:08,ressources,sollicite_immediat
OBS,302,Morel,Manon,,,,2026-02-02,09:10,difficulte,observe_camarade
OBS,302,Morel,Manon,,,,2026-02-02,09:12,finalisation,passe_autre_activite
OBS,302,Bertrand,Liam,,,,2026-02-02,09:07,tutorat,refuse_aider
OBS,302,Bertrand,Liam,,,,2026-02-02,09:09,participation,ne_participe_pas
OBS,302,Bertrand,Liam,,,,2026-02-02,09:11,entree,ne_demarre_pas
OBS,302,Bertrand,Liam,,,,2026-02-02,09:13,finalisation,recopie_correction
OBS,302,Bertrand,Liam,,,,2026-02-02,09:15,ressources,sollicite_immediat
OBS,302,Lambert,Maya,,,,2026-02-02,09:07,tutorat,aide_si_sollicite
OBS,302,Lambert,Maya,,,,2026-02-02,09:09,participation,repond_si_insiste
OBS,302,Lambert,Maya,,,,2026-02-02,09:11,difficulte,attend_d
OBS,302,Lambert,Maya,,,,2026-02-02,09:13,attention,bavarde_travail
OBS,302,Guerin,Lola,,,,2026-02-02,09:39,tutorat,donne_reponse_directe
OBS,302,Guerin,Lola,,,,2026-02-02,09:41,participation,repond_si_insiste
OBS,302,Guerin,Lola,,,,2026-02-02,09:43,entree,attend_sans_commencer
OBS,302,Guerin,Lola,,,,2026-02-02,09:45,difficulte,copie_correction
OBS,302,Guerin,Lola,,,,2026-02-02,09:47,attention,distrait_momentanement
OBS,302,Renard,Rose,,,,2026-02-02,09:13,tutorat,donne_reponse_directe
OBS,302,Renard,Rose,,,,2026-02-02,09:15,participation,repond_si_insiste
OBS,302,Renard,Rose,,,,2026-02-02,09:17,difficulte,copie_camarade
OBS,302,Renard,Rose,,,,2026-02-02,09:19,ressources,sollicite_immediat
OBS,302,Renard,Rose,,,,2026-02-02,09:21,finalisation,passe_autre_activite
OBS,302,Fontaine,Axel,,,,2026-02-02,09:34,tutorat,aide_si_sollicite
OBS,302,Fontaine,Axel,,,,2026-02-02,09:36,participation,repond_si_insiste
OBS,302,Fontaine,Axel,,,,2026-02-02,09:38,difficulte,demande_aide_pertinente
OBS,302,Fontaine,Axel,,,,2026-02-02,09:40,attention,distrait_momentanement
OBS,302,Fontaine,Axel,,,,2026-02-02,09:42,finalisation,passe_autre_activite
OBS,302,Sanchez,Rafael,,,,2026-02-02,09:31,tutorat,donne_reponse_directe
OBS,302,Sanchez,Rafael,,,,2026-02-02,09:33,participation,ne_participe_pas
OBS,302,Sanchez,Rafael,,,,2026-02-02,09:35,difficulte,copie_camarade
OBS,302,Sanchez,Rafael,,,,2026-02-02,09:37,attention,perturbe_camarade
OBS,302,Blanc,Eliott,,,,2026-02-02,09:28,tutorat,donne_reponse_directe
OBS,302,Blanc,Eliott,,,,2026-02-02,09:30,participation,repond_si_sollicite
OBS,302,Blanc,Eliott,,,,2026-02-02,09:32,difficulte,observe_camarade
OBS,302,Blanc,Eliott,,,,2026-02-02,09:34,entree,demarre_relance
OBS,302,Blanc,Eliott,,,,2026-02-02,09:36,ressources,sollicite_immediat
OBS,302,Mercier,Zoe,,,,2026-02-02,09:07,tutorat,aide_si_sollicite
OBS,302,Mercier,Zoe,,,,2026-02-02,09:09,participation,repond_si_sollicite
OBS,302,Mercier,Zoe,,,,2026-02-02,09:11,entree,demarre_relance
OBS,302,Mercier,Zoe,,,,2026-02-02,09:13,finalisation,passe_autre_activite
OBS,302,Mercier,Zoe,,,,2026-02-02,09:15,attention,distrait_momentanement
OBS,302,Aubert,Ines,,,,2026-02-02,09:11,tutorat,explique_camarade
OBS,302,Aubert,Ines,,,,2026-02-02,09:13,participation,repond_si_insiste
OBS,302,Aubert,Ines,,,,2026-02-02,09:15,ressources,sollicite_immediat
OBS,302,Aubert,Ines,,,,2026-02-02,09:17,difficulte,utilise_document_d
OBS,302,Aubert,Ines,,,,2026-02-02,09:19,entree,demarre_relance
OBS,302,Dupont,Victor,,,,2026-02-02,09:38,tutorat,aide_si_sollicite
OBS,302,Dupont,Victor,,,,2026-02-02,09:40,participation,repond_si_sollicite
OBS,302,Dupont,Victor,,,,2026-02-02,09:42,entree,demarre_relance
OBS,302,Dupont,Victor,,,,2026-02-02,09:44,difficulte,demande_aide_pertinente
OBS,302,Dupont,Victor,,,,2026-02-02,09:46,finalisation,activite_terminee
OBS,302,Nicolas,Adam,,,,2026-02-02,09:05,tutorat,donne_reponse_directe
OBS,302,Nicolas,Adam,,,,2026-02-02,09:07,participation,ne_participe_pas
OBS,302,Nicolas,Adam,,,,2026-02-02,09:09,entree,attend_sans_commencer
OBS,302,Nicolas,Adam,,,,2026-02-02,09:11,ressources,attend_professeur
OBS,302,Nicolas,Adam,,,,2026-02-02,09:13,difficulte,attend_d
OBS,302,Girard,Lina,,,,2026-02-02,09:17,tutorat,aide_si_sollicite
OBS,302,Girard,Lina,,,,2026-02-02,09:19,participation,repond_si_insiste
OBS,302,Girard,Lina,,,,2026-02-02,09:21,ressources,attend_professeur
OBS,302,Girard,Lina,,,,2026-02-02,09:23,difficulte,attend_d
OBS,302,Meunier,Jade,,,,2026-02-02,09:10,tutorat,explique_camarade
OBS,302,Meunier,Jade,,,,2026-02-02,09:12,participation,participe_spontanement
OBS,302,Meunier,Jade,,,,2026-02-02,09:14,attention,reconcentre_seul
OBS,302,Meunier,Jade,,,,2026-02-02,09:16,difficulte,cherche_seul
OBS,302,Meunier,Jade,,,,2026-02-02,09:18,ressources,utilise_document_r
OBS,302,Masson,Rayan,,,,2026-02-02,09:42,tutorat,explique_camarade
OBS,302,Masson,Rayan,,,,2026-02-02,09:44,participation,participe_spontanement
OBS,302,Masson,Rayan,,,,2026-02-02,09:46,entree,demarre_immediat
OBS,302,Masson,Rayan,,,,2026-02-02,09:48,difficulte,cherche_seul
OBS,302,Chevalier,Gabriel,,,,2026-02-02,09:07,tutorat,aide_si_sollicite
OBS,302,Chevalier,Gabriel,,,,2026-02-02,09:09,participation,participe_spontanement
OBS,302,Chevalier,Gabriel,,,,2026-02-02,09:11,ressources,echange_camarade
OBS,302,Chevalier,Gabriel,,,,2026-02-02,09:13,attention,concentre
OBS,302,Chevalier,Gabriel,,,,2026-02-02,09:15,finalisation,activite_terminee
SESSION,302,demo_302_202602060900,1770364800000,1770368100000
OBS,302,Faure,Simon,,,,2026-02-06,09:40,tutorat,aide_si_sollicite
OBS,302,Faure,Simon,,,,2026-02-06,09:42,participation,repond_si_sollicite
OBS,302,Faure,Simon,,,,2026-02-06,09:44,ressources,sollicite_immediat
OBS,302,Faure,Simon,,,,2026-02-06,09:46,finalisation,corrige_erreur
OBS,302,Faure,Simon,,,,2026-02-06,09:48,entree,demarre_relance
OBS,302,Perrin,Simon,,,,2026-02-06,09:35,tutorat,refuse_aider
OBS,302,Perrin,Simon,,,,2026-02-06,09:37,participation,ne_participe_pas
OBS,302,Perrin,Simon,,,,2026-02-06,09:39,difficulte,attend_d
OBS,302,Perrin,Simon,,,,2026-02-06,09:41,entree,attend_sans_commencer
OBS,302,Perrin,Simon,,,,2026-02-06,09:43,finalisation,passe_autre_activite
OBS,302,Gauthier,Adam,,,,2026-02-06,09:38,tutorat,explique_camarade
OBS,302,Gauthier,Adam,,,,2026-02-06,09:40,participation,repond_si_sollicite
OBS,302,Gauthier,Adam,,,,2026-02-06,09:42,attention,reconcentre_seul
OBS,302,Gauthier,Adam,,,,2026-02-06,09:44,difficulte,cherche_seul
OBS,302,Rousseau,Jade,,,,2026-02-06,09:44,tutorat,donne_reponse_directe
OBS,302,Rousseau,Jade,,,,2026-02-06,09:46,participation,ne_participe_pas
OBS,302,Rousseau,Jade,,,,2026-02-06,09:48,attention,distrait_momentanement
OBS,302,Rousseau,Jade,,,,2026-02-06,09:50,difficulte,attend_d
OBS,302,Fournier,Louise,,,,2026-02-06,09:45,tutorat,aide_si_sollicite
OBS,302,Fournier,Louise,,,,2026-02-06,09:47,participation,repond_si_sollicite
OBS,302,Fournier,Louise,,,,2026-02-06,09:49,ressources,attend_professeur
OBS,302,Fournier,Louise,,,,2026-02-06,09:51,attention,bavarde_travail
OBS,302,Fournier,Louise,,,,2026-02-06,09:53,difficulte,observe_camarade
OBS,302,Muller,Lea,,,,2026-02-06,09:17,tutorat,explique_camarade
OBS,302,Muller,Lea,,,,2026-02-06,09:19,participation,repond_si_sollicite
OBS,302,Muller,Lea,,,,2026-02-06,09:21,attention,reconcentre_seul
OBS,302,Muller,Lea,,,,2026-02-06,09:23,entree,demarre_relance
OBS,302,Muller,Lea,,,,2026-02-06,09:25,finalisation,corrige_erreur
OBS,302,Boyer,Iris,,,,2026-02-06,09:07,tutorat,refuse_aider
OBS,302,Boyer,Iris,,,,2026-02-06,09:09,participation,ne_participe_pas
OBS,302,Boyer,Iris,,,,2026-02-06,09:11,finalisation,recopie_correction
OBS,302,Boyer,Iris,,,,2026-02-06,09:13,entree,ne_demarre_pas
OBS,302,Bertrand,Liam,,,,2026-02-06,09:48,tutorat,refuse_aider
OBS,302,Bertrand,Liam,,,,2026-02-06,09:50,participation,ne_participe_pas
OBS,302,Bertrand,Liam,,,,2026-02-06,09:52,difficulte,copie_correction
OBS,302,Bertrand,Liam,,,,2026-02-06,09:53,ressources,attend_correction
OBS,302,Lambert,Maya,,,,2026-02-06,09:37,tutorat,aide_si_sollicite
OBS,302,Lambert,Maya,,,,2026-02-06,09:39,participation,repond_si_sollicite
OBS,302,Lambert,Maya,,,,2026-02-06,09:41,attention,reconcentre_seul
OBS,302,Lambert,Maya,,,,2026-02-06,09:43,finalisation,passe_autre_activite
OBS,302,Guerin,Lola,,,,2026-02-06,09:13,tutorat,refuse_aider
OBS,302,Guerin,Lola,,,,2026-02-06,09:15,participation,repond_si_insiste
OBS,302,Guerin,Lola,,,,2026-02-06,09:17,attention,distrait_momentanement
OBS,302,Guerin,Lola,,,,2026-02-06,09:19,finalisation,activite_incomplete
OBS,302,Robert,Ines,,,,2026-02-06,09:21,tutorat,aide_si_sollicite
OBS,302,Robert,Ines,,,,2026-02-06,09:23,participation,repond_si_sollicite
OBS,302,Robert,Ines,,,,2026-02-06,09:25,attention,distrait_momentanement
OBS,302,Robert,Ines,,,,2026-02-06,09:27,difficulte,attend_d
OBS,302,Robert,Ines,,,,2026-02-06,09:29,ressources,sollicite_apres_cherche
OBS,302,Fontaine,Axel,,,,2026-02-06,09:40,tutorat,aide_si_sollicite
OBS,302,Fontaine,Axel,,,,2026-02-06,09:42,participation,repond_si_insiste
OBS,302,Fontaine,Axel,,,,2026-02-06,09:44,entree,demarre_relance
OBS,302,Fontaine,Axel,,,,2026-02-06,09:46,attention,bavarde_travail
OBS,302,Blanc,Eliott,,,,2026-02-06,09:07,tutorat,donne_reponse_directe
OBS,302,Blanc,Eliott,,,,2026-02-06,09:09,participation,participe_spontanement
OBS,302,Blanc,Eliott,,,,2026-02-06,09:11,attention,distrait_momentanement
OBS,302,Blanc,Eliott,,,,2026-02-06,09:13,difficulte,attend_d
OBS,302,Mercier,Zoe,,,,2026-02-06,09:40,tutorat,aide_si_sollicite
OBS,302,Mercier,Zoe,,,,2026-02-06,09:42,participation,repond_si_sollicite
OBS,302,Mercier,Zoe,,,,2026-02-06,09:44,ressources,sollicite_immediat
OBS,302,Mercier,Zoe,,,,2026-02-06,09:46,attention,distrait_momentanement
OBS,302,Aubert,Ines,,,,2026-02-06,09:31,tutorat,explique_camarade
OBS,302,Aubert,Ines,,,,2026-02-06,09:33,participation,repond_si_sollicite
OBS,302,Aubert,Ines,,,,2026-02-06,09:35,entree,demarre_immediat
OBS,302,Aubert,Ines,,,,2026-02-06,09:37,attention,reconcentre_seul
OBS,302,Nicolas,Adam,,,,2026-02-06,09:12,tutorat,aide_si_sollicite
OBS,302,Nicolas,Adam,,,,2026-02-06,09:14,participation,repond_si_insiste
OBS,302,Nicolas,Adam,,,,2026-02-06,09:16,attention,distrait_momentanement
OBS,302,Nicolas,Adam,,,,2026-02-06,09:18,entree,attend_sans_commencer
OBS,302,Girard,Lina,,,,2026-02-06,09:32,tutorat,donne_reponse_directe
OBS,302,Girard,Lina,,,,2026-02-06,09:34,participation,repond_si_sollicite
OBS,302,Girard,Lina,,,,2026-02-06,09:36,entree,attend_sans_commencer
OBS,302,Girard,Lina,,,,2026-02-06,09:38,finalisation,passe_autre_activite
OBS,302,Girard,Lina,,,,2026-02-06,09:40,difficulte,attend_d
OBS,302,Laurent,Nina,,,,2026-02-06,09:13,tutorat,donne_reponse_directe
OBS,302,Laurent,Nina,,,,2026-02-06,09:15,participation,repond_si_sollicite
OBS,302,Laurent,Nina,,,,2026-02-06,09:17,entree,demarre_relance
OBS,302,Laurent,Nina,,,,2026-02-06,09:19,ressources,sollicite_immediat
OBS,302,Laurent,Nina,,,,2026-02-06,09:21,attention,distrait_momentanement
OBS,302,Meunier,Jade,,,,2026-02-06,09:26,tutorat,explique_camarade
OBS,302,Meunier,Jade,,,,2026-02-06,09:28,participation,participe_spontanement
OBS,302,Meunier,Jade,,,,2026-02-06,09:30,difficulte,utilise_coup_de_pouce
OBS,302,Meunier,Jade,,,,2026-02-06,09:32,finalisation,activite_terminee
OBS,302,Masson,Rayan,,,,2026-02-06,09:06,tutorat,explique_camarade
OBS,302,Masson,Rayan,,,,2026-02-06,09:08,participation,participe_spontanement
OBS,302,Masson,Rayan,,,,2026-02-06,09:10,ressources,echange_camarade
OBS,302,Masson,Rayan,,,,2026-02-06,09:12,attention,reconcentre_seul
OBS,302,Chevalier,Gabriel,,,,2026-02-06,09:34,tutorat,explique_camarade
OBS,302,Chevalier,Gabriel,,,,2026-02-06,09:36,participation,participe_spontanement
OBS,302,Chevalier,Gabriel,,,,2026-02-06,09:38,finalisation,activite_terminee
OBS,302,Chevalier,Gabriel,,,,2026-02-06,09:40,attention,concentre
OBS,302,Chevalier,Gabriel,,,,2026-02-06,09:42,ressources,utilise_document_r
SESSION,302,demo_302_202602120900,1770883200000,1770886500000
OBS,302,Faure,Simon,,,,2026-02-12,09:36,tutorat,aide_si_sollicite
OBS,302,Faure,Simon,,,,2026-02-12,09:38,participation,repond_si_sollicite
OBS,302,Faure,Simon,,,,2026-02-12,09:40,attention,distrait_momentanement
OBS,302,Faure,Simon,,,,2026-02-12,09:42,entree,demarre_relance
OBS,302,Perrin,Simon,,,,2026-02-12,09:29,tutorat,explique_camarade
OBS,302,Perrin,Simon,,,,2026-02-12,09:31,participation,repond_si_sollicite
OBS,302,Perrin,Simon,,,,2026-02-12,09:33,attention,concentre
OBS,302,Perrin,Simon,,,,2026-02-12,09:35,entree,demarre_relance
OBS,302,Gauthier,Adam,,,,2026-02-12,09:17,tutorat,aide_si_sollicite
OBS,302,Gauthier,Adam,,,,2026-02-12,09:19,participation,repond_si_sollicite
OBS,302,Gauthier,Adam,,,,2026-02-12,09:21,ressources,utilise_aides_activite
OBS,302,Gauthier,Adam,,,,2026-02-12,09:23,finalisation,activite_incomplete
OBS,302,Gauthier,Adam,,,,2026-02-12,09:25,attention,concentre
OBS,302,Fournier,Louise,,,,2026-02-12,09:43,tutorat,aide_si_sollicite
OBS,302,Fournier,Louise,,,,2026-02-12,09:45,participation,repond_si_sollicite
OBS,302,Fournier,Louise,,,,2026-02-12,09:47,entree,demarre_immediat
OBS,302,Fournier,Louise,,,,2026-02-12,09:49,finalisation,activite_terminee
OBS,302,Fournier,Louise,,,,2026-02-12,09:51,difficulte,cherche_seul
OBS,302,Muller,Lea,,,,2026-02-12,09:17,tutorat,explique_camarade
OBS,302,Muller,Lea,,,,2026-02-12,09:19,participation,repond_si_sollicite
OBS,302,Muller,Lea,,,,2026-02-12,09:21,ressources,utilise_aides_activite
OBS,302,Muller,Lea,,,,2026-02-12,09:23,attention,distrait_momentanement
OBS,302,Muller,Lea,,,,2026-02-12,09:25,finalisation,activite_incomplete
OBS,302,Boyer,Iris,,,,2026-02-12,09:26,tutorat,refuse_aider
OBS,302,Boyer,Iris,,,,2026-02-12,09:28,participation,ne_participe_pas
OBS,302,Boyer,Iris,,,,2026-02-12,09:30,attention,bavarde_hors_sujet
OBS,302,Boyer,Iris,,,,2026-02-12,09:32,difficulte,copie_correction
OBS,302,Bertrand,Liam,,,,2026-02-12,09:16,tutorat,donne_reponse_directe
OBS,302,Bertrand,Liam,,,,2026-02-12,09:18,participation,ne_participe_pas
OBS,302,Bertrand,Liam,,,,2026-02-12,09:20,finalisation,recopie_correction
OBS,302,Bertrand,Liam,,,,2026-02-12,09:22,difficulte,copie_camarade
OBS,302,Bertrand,Liam,,,,2026-02-12,09:24,ressources,attend_professeur
OBS,302,Lambert,Maya,,,,2026-02-12,09:44,tutorat,aide_si_sollicite
OBS,302,Lambert,Maya,,,,2026-02-12,09:46,participation,repond_si_insiste
OBS,302,Lambert,Maya,,,,2026-02-12,09:48,ressources,sollicite_immediat
OBS,302,Lambert,Maya,,,,2026-02-12,09:50,finalisation,passe_autre_activite
OBS,302,Lambert,Maya,,,,2026-02-12,09:52,entree,demarre_relance
OBS,302,Guerin,Lola,,,,2026-02-12,09:06,tutorat,donne_reponse_directe
OBS,302,Guerin,Lola,,,,2026-02-12,09:08,participation,repond_si_insiste
OBS,302,Guerin,Lola,,,,2026-02-12,09:10,finalisation,activite_incomplete
OBS,302,Guerin,Lola,,,,2026-02-12,09:12,entree,attend_sans_commencer
OBS,302,Guerin,Lola,,,,2026-02-12,09:14,ressources,sollicite_immediat
OBS,302,Renard,Rose,,,,2026-02-12,09:31,tutorat,donne_reponse_directe
OBS,302,Renard,Rose,,,,2026-02-12,09:33,participation,repond_si_insiste
OBS,302,Renard,Rose,,,,2026-02-12,09:35,attention,distrait_momentanement
OBS,302,Renard,Rose,,,,2026-02-12,09:37,ressources,attend_correction
OBS,302,Renard,Rose,,,,2026-02-12,09:39,finalisation,recopie_correction
OBS,302,Robert,Ines,,,,2026-02-12,09:36,tutorat,aide_si_sollicite
OBS,302,Robert,Ines,,,,2026-02-12,09:38,participation,repond_si_sollicite
OBS,302,Robert,Ines,,,,2026-02-12,09:40,attention,distrait_momentanement
OBS,302,Robert,Ines,,,,2026-02-12,09:42,finalisation,activite_incomplete
OBS,302,Robert,Ines,,,,2026-02-12,09:44,entree,demarre_relance
OBS,302,Fontaine,Axel,,,,2026-02-12,09:20,tutorat,aide_si_sollicite
OBS,302,Fontaine,Axel,,,,2026-02-12,09:22,participation,repond_si_sollicite
OBS,302,Fontaine,Axel,,,,2026-02-12,09:24,ressources,sollicite_apres_cherche
OBS,302,Fontaine,Axel,,,,2026-02-12,09:26,entree,demarre_relance
OBS,302,Blanc,Eliott,,,,2026-02-12,09:33,tutorat,donne_reponse_directe
OBS,302,Blanc,Eliott,,,,2026-02-12,09:35,participation,participe_spontanement
OBS,302,Blanc,Eliott,,,,2026-02-12,09:37,finalisation,activite_incomplete
OBS,302,Blanc,Eliott,,,,2026-02-12,09:39,difficulte,observe_camarade
OBS,302,Mercier,Zoe,,,,2026-02-12,09:30,tutorat,donne_reponse_directe
OBS,302,Mercier,Zoe,,,,2026-02-12,09:32,participation,repond_si_sollicite
OBS,302,Mercier,Zoe,,,,2026-02-12,09:34,attention,bavarde_travail
OBS,302,Mercier,Zoe,,,,2026-02-12,09:36,ressources,sollicite_immediat
OBS,302,Mercier,Zoe,,,,2026-02-12,09:38,finalisation,passe_autre_activite
OBS,302,Laurent,Nina,,,,2026-02-12,09:40,tutorat,explique_camarade
OBS,302,Laurent,Nina,,,,2026-02-12,09:42,participation,repond_si_sollicite
OBS,302,Laurent,Nina,,,,2026-02-12,09:44,attention,distrait_momentanement
OBS,302,Laurent,Nina,,,,2026-02-12,09:46,entree,demarre_relance
OBS,302,Meunier,Jade,,,,2026-02-12,09:18,tutorat,aide_si_sollicite
OBS,302,Meunier,Jade,,,,2026-02-12,09:20,participation,repond_si_sollicite
OBS,302,Meunier,Jade,,,,2026-02-12,09:22,difficulte,cherche_seul
OBS,302,Meunier,Jade,,,,2026-02-12,09:24,entree,demarre_immediat
OBS,302,Meunier,Jade,,,,2026-02-12,09:26,finalisation,corrige_erreur
OBS,302,Chevalier,Gabriel,,,,2026-02-12,09:35,tutorat,explique_camarade
OBS,302,Chevalier,Gabriel,,,,2026-02-12,09:37,participation,participe_spontanement
OBS,302,Chevalier,Gabriel,,,,2026-02-12,09:39,difficulte,utilise_coup_de_pouce
OBS,302,Chevalier,Gabriel,,,,2026-02-12,09:41,ressources,echange_camarade
SESSION,302,demo_302_202602190900,1771488000000,1771491300000
OBS,302,Faure,Simon,,,,2026-02-19,09:21,tutorat,explique_camarade
OBS,302,Faure,Simon,,,,2026-02-19,09:23,participation,participe_spontanement
OBS,302,Faure,Simon,,,,2026-02-19,09:25,attention,concentre
OBS,302,Faure,Simon,,,,2026-02-19,09:27,finalisation,corrige_erreur
OBS,302,Faure,Simon,,,,2026-02-19,09:29,ressources,utilise_document_r
OBS,302,Perrin,Simon,,,,2026-02-19,09:05,tutorat,aide_si_sollicite
OBS,302,Perrin,Simon,,,,2026-02-19,09:07,participation,repond_si_insiste
OBS,302,Perrin,Simon,,,,2026-02-19,09:09,difficulte,attend_d
OBS,302,Perrin,Simon,,,,2026-02-19,09:11,finalisation,activite_incomplete
OBS,302,Gauthier,Adam,,,,2026-02-19,09:26,tutorat,explique_camarade
OBS,302,Gauthier,Adam,,,,2026-02-19,09:28,participation,participe_spontanement
OBS,302,Gauthier,Adam,,,,2026-02-19,09:30,entree,demarre_immediat
OBS,302,Gauthier,Adam,,,,2026-02-19,09:32,attention,reconcentre_seul
OBS,302,Gauthier,Adam,,,,2026-02-19,09:34,ressources,attend_professeur
OBS,302,Rousseau,Jade,,,,2026-02-19,09:39,tutorat,refuse_aider
OBS,302,Rousseau,Jade,,,,2026-02-19,09:41,participation,repond_si_insiste
OBS,302,Rousseau,Jade,,,,2026-02-19,09:43,entree,ne_demarre_pas
OBS,302,Vincent,Lucie,,,,2026-02-19,09:01,tutorat,aide_si_sollicite
OBS,302,Vincent,Lucie,,,,2026-02-19,09:03,participation,repond_si_insiste
OBS,302,Vincent,Lucie,,,,2026-02-19,09:05,difficulte,observe_camarade
OBS,302,Vincent,Lucie,,,,2026-02-19,09:07,attention,distrait_momentanement
OBS,302,Muller,Lea,,,,2026-02-19,09:09,tutorat,explique_camarade
OBS,302,Muller,Lea,,,,2026-02-19,09:11,participation,repond_si_sollicite
OBS,302,Muller,Lea,,,,2026-02-19,09:13,finalisation,activite_terminee
OBS,302,Muller,Lea,,,,2026-02-19,09:15,attention,reconcentre_seul
OBS,302,Muller,Lea,,,,2026-02-19,09:17,ressources,echange_camarade
OBS,302,Boyer,Iris,,,,2026-02-19,09:06,tutorat,refuse_aider
OBS,302,Boyer,Iris,,,,2026-02-19,09:08,participation,ne_participe_pas
OBS,302,Boyer,Iris,,,,2026-02-19,09:10,finalisation,recopie_correction
OBS,302,Boyer,Iris,,,,2026-02-19,09:12,attention,bavarde_travail
OBS,302,Morel,Manon,,,,2026-02-19,09:46,tutorat,refuse_aider
OBS,302,Morel,Manon,,,,2026-02-19,09:48,participation,ne_participe_pas
OBS,302,Morel,Manon,,,,2026-02-19,09:50,difficulte,copie_camarade
OBS,302,Morel,Manon,,,,2026-02-19,09:52,attention,revasse
OBS,302,Morel,Manon,,,,2026-02-19,09:53,ressources,attend_correction
OBS,302,Bertrand,Liam,,,,2026-02-19,09:05,tutorat,refuse_aider
OBS,302,Bertrand,Liam,,,,2026-02-19,09:07,participation,ne_participe_pas
OBS,302,Bertrand,Liam,,,,2026-02-19,09:09,ressources,sollicite_immediat
OBS,302,Bertrand,Liam,,,,2026-02-19,09:11,attention,perturbe_camarade
OBS,302,Bertrand,Liam,,,,2026-02-19,09:13,finalisation,recopie_correction
OBS,302,Lambert,Maya,,,,2026-02-19,09:01,tutorat,donne_reponse_directe
OBS,302,Lambert,Maya,,,,2026-02-19,09:03,participation,participe_spontanement
OBS,302,Lambert,Maya,,,,2026-02-19,09:05,difficulte,observe_camarade
OBS,302,Lambert,Maya,,,,2026-02-19,09:07,finalisation,activite_incomplete
OBS,302,Guerin,Lola,,,,2026-02-19,09:23,tutorat,donne_reponse_directe
OBS,302,Guerin,Lola,,,,2026-02-19,09:25,participation,repond_si_insiste
OBS,302,Guerin,Lola,,,,2026-02-19,09:27,difficulte,observe_camarade
OBS,302,Guerin,Lola,,,,2026-02-19,09:29,attention,distrait_momentanement
OBS,302,Renard,Rose,,,,2026-02-19,09:36,tutorat,refuse_aider
OBS,302,Renard,Rose,,,,2026-02-19,09:38,participation,repond_si_insiste
OBS,302,Renard,Rose,,,,2026-02-19,09:40,finalisation,passe_autre_activite
OBS,302,Renard,Rose,,,,2026-02-19,09:42,difficulte,copie_camarade
OBS,302,Robert,Ines,,,,2026-02-19,09:05,tutorat,aide_si_sollicite
OBS,302,Robert,Ines,,,,2026-02-19,09:07,participation,repond_si_sollicite
OBS,302,Robert,Ines,,,,2026-02-19,09:09,finalisation,passe_autre_activite
OBS,302,Robert,Ines,,,,2026-02-19,09:11,difficulte,observe_camarade
OBS,302,Robert,Ines,,,,2026-02-19,09:13,entree,attend_sans_commencer
OBS,302,Fontaine,Axel,,,,2026-02-19,09:23,tutorat,donne_reponse_directe
OBS,302,Fontaine,Axel,,,,2026-02-19,09:25,participation,repond_si_insiste
OBS,302,Fontaine,Axel,,,,2026-02-19,09:27,finalisation,passe_autre_activite
OBS,302,Fontaine,Axel,,,,2026-02-19,09:29,difficulte,observe_camarade
OBS,302,Fontaine,Axel,,,,2026-02-19,09:31,ressources,attend_professeur
OBS,302,Sanchez,Rafael,,,,2026-02-19,09:13,tutorat,refuse_aider
OBS,302,Sanchez,Rafael,,,,2026-02-19,09:15,participation,ne_participe_pas
OBS,302,Sanchez,Rafael,,,,2026-02-19,09:17,difficulte,copie_camarade
OBS,302,Sanchez,Rafael,,,,2026-02-19,09:19,attention,revasse
OBS,302,Blanc,Eliott,,,,2026-02-19,09:29,tutorat,donne_reponse_directe
OBS,302,Blanc,Eliott,,,,2026-02-19,09:31,participation,repond_si_sollicite
OBS,302,Blanc,Eliott,,,,2026-02-19,09:33,finalisation,activite_incomplete
OBS,302,Blanc,Eliott,,,,2026-02-19,09:35,difficulte,cherche_seul
OBS,302,Mercier,Zoe,,,,2026-02-19,09:17,tutorat,aide_si_sollicite
OBS,302,Mercier,Zoe,,,,2026-02-19,09:19,participation,participe_spontanement
OBS,302,Mercier,Zoe,,,,2026-02-19,09:21,attention,concentre
OBS,302,Mercier,Zoe,,,,2026-02-19,09:23,entree,demarre_immediat
OBS,302,Nicolas,Adam,,,,2026-02-19,09:32,tutorat,donne_reponse_directe
OBS,302,Nicolas,Adam,,,,2026-02-19,09:34,participation,repond_si_insiste
OBS,302,Nicolas,Adam,,,,2026-02-19,09:36,finalisation,passe_autre_activite
OBS,302,Nicolas,Adam,,,,2026-02-19,09:38,difficulte,copie_camarade
OBS,302,Laurent,Nina,,,,2026-02-19,09:35,tutorat,donne_reponse_directe
OBS,302,Laurent,Nina,,,,2026-02-19,09:37,participation,repond_si_insiste
OBS,302,Laurent,Nina,,,,2026-02-19,09:39,finalisation,activite_incomplete
OBS,302,Laurent,Nina,,,,2026-02-19,09:41,attention,distrait_momentanement
OBS,302,Laurent,Nina,,,,2026-02-19,09:43,entree,attend_sans_commencer
OBS,302,Meunier,Jade,,,,2026-02-19,09:34,tutorat,aide_si_sollicite
OBS,302,Meunier,Jade,,,,2026-02-19,09:36,participation,repond_si_sollicite
OBS,302,Meunier,Jade,,,,2026-02-19,09:38,ressources,utilise_aides_activite
OBS,302,Meunier,Jade,,,,2026-02-19,09:40,entree,demarre_immediat
OBS,302,Petit,Louis,,,,2026-02-19,09:42,tutorat,refuse_aider
OBS,302,Petit,Louis,,,,2026-02-19,09:44,participation,ne_participe_pas
OBS,302,Petit,Louis,,,,2026-02-19,09:46,entree,attend_sans_commencer
OBS,302,Petit,Louis,,,,2026-02-19,09:48,attention,distrait_momentanement
OBS,302,Moreau,Louis,,,,2026-02-19,09:35,tutorat,explique_camarade
OBS,302,Moreau,Louis,,,,2026-02-19,09:37,participation,repond_si_sollicite
OBS,302,Moreau,Louis,,,,2026-02-19,09:39,ressources,sollicite_immediat
OBS,302,Moreau,Louis,,,,2026-02-19,09:41,finalisation,activite_terminee
OBS,302,Masson,Rayan,,,,2026-02-19,09:01,tutorat,aide_si_sollicite
OBS,302,Masson,Rayan,,,,2026-02-19,09:03,participation,repond_si_sollicite
OBS,302,Masson,Rayan,,,,2026-02-19,09:05,finalisation,corrige_erreur
OBS,302,Masson,Rayan,,,,2026-02-19,09:07,ressources,utilise_aides_activite
OBS,302,Masson,Rayan,,,,2026-02-19,09:09,difficulte,cherche_seul
OBS,302,Chevalier,Gabriel,,,,2026-02-19,09:13,tutorat,aide_si_sollicite
OBS,302,Chevalier,Gabriel,,,,2026-02-19,09:15,participation,participe_spontanement
OBS,302,Chevalier,Gabriel,,,,2026-02-19,09:17,entree,demarre_relance
OBS,302,Chevalier,Gabriel,,,,2026-02-19,09:19,finalisation,activite_terminee
OBS,302,Chevalier,Gabriel,,,,2026-02-19,09:21,difficulte,demande_aide_pertinente
SESSION,302,demo_302_202602250900,1772006400000,1772009700000
OBS,302,Faure,Simon,,,,2026-02-25,09:43,tutorat,explique_camarade
OBS,302,Faure,Simon,,,,2026-02-25,09:45,participation,participe_spontanement
OBS,302,Faure,Simon,,,,2026-02-25,09:47,attention,concentre
OBS,302,Faure,Simon,,,,2026-02-25,09:49,difficulte,observe_camarade
OBS,302,Faure,Simon,,,,2026-02-25,09:51,ressources,utilise_aides_activite
OBS,302,Perrin,Simon,,,,2026-02-25,09:35,tutorat,donne_reponse_directe
OBS,302,Perrin,Simon,,,,2026-02-25,09:37,participation,repond_si_sollicite
OBS,302,Perrin,Simon,,,,2026-02-25,09:39,entree,attend_sans_commencer
OBS,302,Perrin,Simon,,,,2026-02-25,09:41,difficulte,attend_d
OBS,302,Gauthier,Adam,,,,2026-02-25,09:44,tutorat,aide_si_sollicite
OBS,302,Gauthier,Adam,,,,2026-02-25,09:46,participation,repond_si_sollicite
OBS,302,Gauthier,Adam,,,,2026-02-25,09:48,finalisation,activite_incomplete
OBS,302,Gauthier,Adam,,,,2026-02-25,09:50,entree,attend_sans_commencer
OBS,302,Gauthier,Adam,,,,2026-02-25,09:52,ressources,sollicite_immediat
OBS,302,Vincent,Lucie,,,,2026-02-25,09:17,tutorat,donne_reponse_directe
OBS,302,Vincent,Lucie,,,,2026-02-25,09:19,participation,repond_si_insiste
OBS,302,Vincent,Lucie,,,,2026-02-25,09:21,finalisation,activite_incomplete
OBS,302,Vincent,Lucie,,,,2026-02-25,09:23,difficulte,attend_d
OBS,302,Fournier,Louise,,,,2026-02-25,09:05,tutorat,donne_reponse_directe
OBS,302,Fournier,Louise,,,,2026-02-25,09:07,participation,repond_si_insiste
OBS,302,Fournier,Louise,,,,2026-02-25,09:09,entree,demarre_relance
OBS,302,Fournier,Louise,,,,2026-02-25,09:11,attention,distrait_momentanement
OBS,302,Fournier,Louise,,,,2026-02-25,09:13,finalisation,activite_terminee
OBS,302,Muller,Lea,,,,2026-02-25,09:03,tutorat,explique_camarade
OBS,302,Muller,Lea,,,,2026-02-25,09:05,participation,participe_spontanement
OBS,302,Muller,Lea,,,,2026-02-25,09:07,ressources,sollicite_apres_cherche
OBS,302,Muller,Lea,,,,2026-02-25,09:09,difficulte,demande_aide_pertinente
OBS,302,Muller,Lea,,,,2026-02-25,09:11,attention,concentre
OBS,302,Boyer,Iris,,,,2026-02-25,09:37,tutorat,refuse_aider
OBS,302,Boyer,Iris,,,,2026-02-25,09:39,participation,ne_participe_pas
OBS,302,Boyer,Iris,,,,2026-02-25,09:41,attention,bavarde_hors_sujet
OBS,302,Boyer,Iris,,,,2026-02-25,09:43,finalisation,recopie_correction
OBS,302,Boyer,Iris,,,,2026-02-25,09:45,difficulte,attend_d
OBS,302,Morel,Manon,,,,2026-02-25,09:17,tutorat,donne_reponse_directe
OBS,302,Morel,Manon,,,,2026-02-25,09:19,participation,ne_participe_pas
OBS,302,Morel,Manon,,,,2026-02-25,09:21,entree,attend_sans_commencer
OBS,302,Morel,Manon,,,,2026-02-25,09:23,ressources,sollicite_immediat
OBS,302,Bertrand,Liam,,,,2026-02-25,09:18,tutorat,refuse_aider
OBS,302,Bertrand,Liam,,,,2026-02-25,09:20,participation,repond_si_insiste
OBS,302,Bertrand,Liam,,,,2026-02-25,09:22,entree,ne_demarre_pas
OBS,302,Bertrand,Liam,,,,2026-02-25,09:24,difficulte,copie_correction
OBS,302,Bertrand,Liam,,,,2026-02-25,09:26,ressources,sollicite_immediat
OBS,302,Lambert,Maya,,,,2026-02-25,09:25,tutorat,donne_reponse_directe
OBS,302,Lambert,Maya,,,,2026-02-25,09:27,participation,repond_si_sollicite
OBS,302,Lambert,Maya,,,,2026-02-25,09:29,difficulte,observe_camarade
OBS,302,Lambert,Maya,,,,2026-02-25,09:31,entree,demarre_relance
OBS,302,Lambert,Maya,,,,2026-02-25,09:33,attention,concentre
OBS,302,Guerin,Lola,,,,2026-02-25,09:46,tutorat,donne_reponse_directe
OBS,302,Guerin,Lola,,,,2026-02-25,09:48,participation,repond_si_insiste
OBS,302,Guerin,Lola,,,,2026-02-25,09:50,attention,distrait_momentanement
OBS,302,Guerin,Lola,,,,2026-02-25,09:52,finalisation,recopie_correction
OBS,302,Renard,Rose,,,,2026-02-25,09:06,tutorat,donne_reponse_directe
OBS,302,Renard,Rose,,,,2026-02-25,09:08,participation,repond_si_sollicite
OBS,302,Renard,Rose,,,,2026-02-25,09:10,ressources,sollicite_immediat
OBS,302,Renard,Rose,,,,2026-02-25,09:12,entree,attend_sans_commencer
OBS,302,Robert,Ines,,,,2026-02-25,09:07,tutorat,aide_si_sollicite
OBS,302,Robert,Ines,,,,2026-02-25,09:09,participation,repond_si_sollicite
OBS,302,Robert,Ines,,,,2026-02-25,09:11,finalisation,verifie_travail
OBS,302,Robert,Ines,,,,2026-02-25,09:13,difficulte,observe_camarade
OBS,302,Sanchez,Rafael,,,,2026-02-25,09:17,tutorat,refuse_aider
OBS,302,Sanchez,Rafael,,,,2026-02-25,09:19,participation,ne_participe_pas
OBS,302,Sanchez,Rafael,,,,2026-02-25,09:21,ressources,attend_correction
OBS,302,Sanchez,Rafael,,,,2026-02-25,09:23,attention,bavarde_travail
OBS,302,Sanchez,Rafael,,,,2026-02-25,09:25,finalisation,activite_incomplete
OBS,302,Dubois,Nathan,,,,2026-02-25,09:12,tutorat,refuse_aider
OBS,302,Dubois,Nathan,,,,2026-02-25,09:14,participation,ne_participe_pas
OBS,302,Dubois,Nathan,,,,2026-02-25,09:16,finalisation,recopie_correction
OBS,302,Mercier,Zoe,,,,2026-02-25,09:40,tutorat,aide_si_sollicite
OBS,302,Mercier,Zoe,,,,2026-02-25,09:42,participation,repond_si_sollicite
OBS,302,Mercier,Zoe,,,,2026-02-25,09:44,difficulte,attend_d
OBS,302,Mercier,Zoe,,,,2026-02-25,09:46,entree,attend_sans_commencer
OBS,302,Nicolas,Adam,,,,2026-02-25,09:08,tutorat,donne_reponse_directe
OBS,302,Nicolas,Adam,,,,2026-02-25,09:10,participation,repond_si_insiste
OBS,302,Nicolas,Adam,,,,2026-02-25,09:12,attention,bavarde_travail
OBS,302,Nicolas,Adam,,,,2026-02-25,09:14,entree,attend_sans_commencer
OBS,302,Nicolas,Adam,,,,2026-02-25,09:16,finalisation,activite_incomplete
OBS,302,Girard,Lina,,,,2026-02-25,09:42,tutorat,donne_reponse_directe
OBS,302,Girard,Lina,,,,2026-02-25,09:44,participation,repond_si_insiste
OBS,302,Girard,Lina,,,,2026-02-25,09:46,ressources,attend_professeur
OBS,302,Girard,Lina,,,,2026-02-25,09:48,finalisation,passe_autre_activite
OBS,302,Laurent,Nina,,,,2026-02-25,09:44,tutorat,donne_reponse_directe
OBS,302,Laurent,Nina,,,,2026-02-25,09:46,participation,repond_si_insiste
OBS,302,Laurent,Nina,,,,2026-02-25,09:48,finalisation,recopie_correction
OBS,302,Laurent,Nina,,,,2026-02-25,09:50,difficulte,attend_d
OBS,302,Laurent,Nina,,,,2026-02-25,09:52,entree,attend_sans_commencer
OBS,302,Meunier,Jade,,,,2026-02-25,09:46,tutorat,explique_camarade
OBS,302,Meunier,Jade,,,,2026-02-25,09:48,participation,participe_spontanement
OBS,302,Meunier,Jade,,,,2026-02-25,09:50,ressources,utilise_aides_activite
OBS,302,Meunier,Jade,,,,2026-02-25,09:52,difficulte,cherche_seul
OBS,302,Meunier,Jade,,,,2026-02-25,09:53,finalisation,activite_terminee
OBS,302,Petit,Louis,,,,2026-02-25,09:08,tutorat,refuse_aider
OBS,302,Petit,Louis,,,,2026-02-25,09:10,participation,ne_participe_pas
OBS,302,Petit,Louis,,,,2026-02-25,09:12,ressources,attend_professeur
OBS,302,Moreau,Louis,,,,2026-02-25,09:20,tutorat,aide_si_sollicite
OBS,302,Moreau,Louis,,,,2026-02-25,09:22,participation,participe_spontanement
OBS,302,Moreau,Louis,,,,2026-02-25,09:24,difficulte,utilise_coup_de_pouce
OBS,302,Moreau,Louis,,,,2026-02-25,09:26,ressources,sollicite_apres_cherche
OBS,302,Moreau,Louis,,,,2026-02-25,09:28,entree,demarre_relance
OBS,302,Masson,Rayan,,,,2026-02-25,09:01,tutorat,aide_si_sollicite
OBS,302,Masson,Rayan,,,,2026-02-25,09:03,participation,repond_si_sollicite
OBS,302,Masson,Rayan,,,,2026-02-25,09:05,ressources,sollicite_apres_cherche
OBS,302,Masson,Rayan,,,,2026-02-25,09:07,finalisation,corrige_erreur
OBS,302,Chevalier,Gabriel,,,,2026-02-25,09:33,tutorat,aide_si_sollicite
OBS,302,Chevalier,Gabriel,,,,2026-02-25,09:35,participation,repond_si_sollicite
OBS,302,Chevalier,Gabriel,,,,2026-02-25,09:37,attention,reconcentre_seul
OBS,302,Chevalier,Gabriel,,,,2026-02-25,09:39,difficulte,demande_aide_pertinente
OBS,302,Chevalier,Gabriel,,,,2026-02-25,09:41,finalisation,corrige_erreur
SESSION,302,demo_302_202603030900,1772524800000,1772528100000
OBS,302,Faure,Simon,,,,2026-03-03,09:22,tutorat,explique_camarade
OBS,302,Faure,Simon,,,,2026-03-03,09:24,participation,participe_spontanement
OBS,302,Faure,Simon,,,,2026-03-03,09:26,difficulte,cherche_seul
OBS,302,Faure,Simon,,,,2026-03-03,09:28,entree,demarre_relance
OBS,302,Gauthier,Adam,,,,2026-03-03,09:29,tutorat,explique_camarade
OBS,302,Gauthier,Adam,,,,2026-03-03,09:31,participation,repond_si_sollicite
OBS,302,Gauthier,Adam,,,,2026-03-03,09:33,difficulte,demande_aide_pertinente
OBS,302,Gauthier,Adam,,,,2026-03-03,09:35,entree,demarre_relance
OBS,302,Gauthier,Adam,,,,2026-03-03,09:37,ressources,attend_professeur
OBS,302,Rousseau,Jade,,,,2026-03-03,09:23,tutorat,donne_reponse_directe
OBS,302,Rousseau,Jade,,,,2026-03-03,09:25,participation,repond_si_sollicite
OBS,302,Rousseau,Jade,,,,2026-03-03,09:27,difficulte,attend_d
OBS,302,Vincent,Lucie,,,,2026-03-03,09:29,tutorat,donne_reponse_directe
OBS,302,Vincent,Lucie,,,,2026-03-03,09:31,participation,repond_si_sollicite
OBS,302,Vincent,Lucie,,,,2026-03-03,09:33,ressources,attend_professeur
OBS,302,Vincent,Lucie,,,,2026-03-03,09:35,finalisation,passe_autre_activite
OBS,302,Fournier,Louise,,,,2026-03-03,09:35,tutorat,aide_si_sollicite
OBS,302,Fournier,Louise,,,,2026-03-03,09:37,participation,repond_si_sollicite
OBS,302,Fournier,Louise,,,,2026-03-03,09:39,attention,bavarde_travail
OBS,302,Fournier,Louise,,,,2026-03-03,09:41,ressources,utilise_document_r
OBS,302,Fournier,Louise,,,,2026-03-03,09:43,entree,demarre_immediat
OBS,302,Muller,Lea,,,,2026-03-03,09:43,tutorat,explique_camarade
OBS,302,Muller,Lea,,,,2026-03-03,09:45,participation,participe_spontanement
OBS,302,Muller,Lea,,,,2026-03-03,09:47,finalisation,verifie_travail
OBS,302,Muller,Lea,,,,2026-03-03,09:49,entree,demarre_immediat
OBS,302,Muller,Lea,,,,2026-03-03,09:51,difficulte,demande_aide_pertinente
OBS,302,Bertrand,Liam,,,,2026-03-03,09:28,tutorat,donne_reponse_directe
OBS,302,Bertrand,Liam,,,,2026-03-03,09:30,participation,ne_participe_pas
OBS,302,Bertrand,Liam,,,,2026-03-03,09:32,ressources,attend_professeur
OBS,302,Bertrand,Liam,,,,2026-03-03,09:34,finalisation,activite_incomplete
OBS,302,Bertrand,Liam,,,,2026-03-03,09:36,difficulte,copie_camarade
OBS,302,Lambert,Maya,,,,2026-03-03,09:21,tutorat,aide_si_sollicite
OBS,302,Lambert,Maya,,,,2026-03-03,09:23,participation,repond_si_sollicite
OBS,302,Lambert,Maya,,,,2026-03-03,09:25,ressources,sollicite_immediat
OBS,302,Lambert,Maya,,,,2026-03-03,09:27,difficulte,observe_camarade
OBS,302,Robert,Ines,,,,2026-03-03,09:05,tutorat,aide_si_sollicite
OBS,302,Robert,Ines,,,,2026-03-03,09:07,participation,participe_spontanement
OBS,302,Robert,Ines,,,,2026-03-03,09:09,attention,reconcentre_seul
OBS,302,Robert,Ines,,,,2026-03-03,09:11,entree,demarre_immediat
OBS,302,Robert,Ines,,,,2026-03-03,09:13,finalisation,activite_incomplete
OBS,302,Sanchez,Rafael,,,,2026-03-03,09:34,tutorat,donne_reponse_directe
OBS,302,Sanchez,Rafael,,,,2026-03-03,09:36,participation,ne_participe_pas
OBS,302,Sanchez,Rafael,,,,2026-03-03,09:38,attention,revasse
OBS,302,Sanchez,Rafael,,,,2026-03-03,09:40,entree,ne_demarre_pas
OBS,302,Blanc,Eliott,,,,2026-03-03,09:46,tutorat,donne_reponse_directe
OBS,302,Blanc,Eliott,,,,2026-03-03,09:48,participation,repond_si_sollicite
OBS,302,Blanc,Eliott,,,,2026-03-03,09:50,attention,distrait_momentanement
OBS,302,Blanc,Eliott,,,,2026-03-03,09:52,finalisation,passe_autre_activite
OBS,302,Blanc,Eliott,,,,2026-03-03,09:53,difficulte,attend_d
OBS,302,Mercier,Zoe,,,,2026-03-03,09:24,tutorat,aide_si_sollicite
OBS,302,Mercier,Zoe,,,,2026-03-03,09:26,participation,repond_si_sollicite
OBS,302,Mercier,Zoe,,,,2026-03-03,09:28,entree,attend_sans_commencer
OBS,302,Mercier,Zoe,,,,2026-03-03,09:30,attention,bavarde_travail
OBS,302,Mercier,Zoe,,,,2026-03-03,09:32,difficulte,utilise_coup_de_pouce
OBS,302,Dupont,Victor,,,,2026-03-03,09:46,tutorat,aide_si_sollicite
OBS,302,Dupont,Victor,,,,2026-03-03,09:48,participation,repond_si_insiste
OBS,302,Dupont,Victor,,,,2026-03-03,09:50,ressources,sollicite_immediat
OBS,302,Dupont,Victor,,,,2026-03-03,09:52,difficulte,attend_d
OBS,302,Dupont,Victor,,,,2026-03-03,09:53,entree,attend_sans_commencer
OBS,302,Nicolas,Adam,,,,2026-03-03,09:28,tutorat,refuse_aider
OBS,302,Nicolas,Adam,,,,2026-03-03,09:30,participation,repond_si_insiste
OBS,302,Nicolas,Adam,,,,2026-03-03,09:32,entree,attend_sans_commencer
OBS,302,Nicolas,Adam,,,,2026-03-03,09:34,attention,distrait_momentanement
OBS,302,Nicolas,Adam,,,,2026-03-03,09:36,difficulte,observe_camarade
OBS,302,Girard,Lina,,,,2026-03-03,09:23,tutorat,aide_si_sollicite
OBS,302,Girard,Lina,,,,2026-03-03,09:25,participation,repond_si_sollicite
OBS,302,Girard,Lina,,,,2026-03-03,09:27,attention,bavarde_travail
OBS,302,Girard,Lina,,,,2026-03-03,09:29,difficulte,attend_d
OBS,302,Meunier,Jade,,,,2026-03-03,09:10,tutorat,explique_camarade
OBS,302,Meunier,Jade,,,,2026-03-03,09:12,participation,repond_si_sollicite
OBS,302,Meunier,Jade,,,,2026-03-03,09:14,difficulte,demande_aide_pertinente
OBS,302,Meunier,Jade,,,,2026-03-03,09:16,finalisation,activite_terminee
OBS,302,Chevalier,Gabriel,,,,2026-03-03,09:48,tutorat,aide_si_sollicite
OBS,302,Chevalier,Gabriel,,,,2026-03-03,09:50,participation,repond_si_sollicite
OBS,302,Chevalier,Gabriel,,,,2026-03-03,09:52,finalisation,activite_incomplete
OBS,302,Chevalier,Gabriel,,,,2026-03-03,09:53,ressources,sollicite_immediat
SESSION,302,demo_302_202603100900,1773129600000,1773132900000
OBS,302,Faure,Simon,,,,2026-03-10,09:18,tutorat,explique_camarade
OBS,302,Faure,Simon,,,,2026-03-10,09:20,participation,participe_spontanement
OBS,302,Faure,Simon,,,,2026-03-10,09:22,ressources,sollicite_apres_cherche
OBS,302,Faure,Simon,,,,2026-03-10,09:24,finalisation,corrige_erreur
OBS,302,Perrin,Simon,,,,2026-03-10,09:21,tutorat,donne_reponse_directe
OBS,302,Perrin,Simon,,,,2026-03-10,09:23,participation,repond_si_insiste
OBS,302,Perrin,Simon,,,,2026-03-10,09:25,finalisation,passe_autre_activite
OBS,302,Perrin,Simon,,,,2026-03-10,09:27,difficulte,attend_d
OBS,302,Perrin,Simon,,,,2026-03-10,09:29,ressources,utilise_document_r
OBS,302,Gauthier,Adam,,,,2026-03-10,09:04,tutorat,aide_si_sollicite
OBS,302,Gauthier,Adam,,,,2026-03-10,09:06,participation,repond_si_insiste
OBS,302,Gauthier,Adam,,,,2026-03-10,09:08,difficulte,cherche_seul
OBS,302,Gauthier,Adam,,,,2026-03-10,09:10,finalisation,passe_autre_activite
OBS,302,Fournier,Louise,,,,2026-03-10,09:42,tutorat,aide_si_sollicite
OBS,302,Fournier,Louise,,,,2026-03-10,09:44,participation,repond_si_sollicite
OBS,302,Fournier,Louise,,,,2026-03-10,09:46,ressources,attend_professeur
OBS,302,Fournier,Louise,,,,2026-03-10,09:48,entree,demarre_relance
OBS,302,Fournier,Louise,,,,2026-03-10,09:50,attention,distrait_momentanement
OBS,302,Muller,Lea,,,,2026-03-10,09:14,tutorat,explique_camarade
OBS,302,Muller,Lea,,,,2026-03-10,09:16,participation,participe_spontanement
OBS,302,Muller,Lea,,,,2026-03-10,09:18,finalisation,activite_terminee
OBS,302,Muller,Lea,,,,2026-03-10,09:20,entree,demarre_immediat
OBS,302,Boyer,Iris,,,,2026-03-10,09:48,tutorat,refuse_aider
OBS,302,Boyer,Iris,,,,2026-03-10,09:50,participation,ne_participe_pas
OBS,302,Boyer,Iris,,,,2026-03-10,09:52,ressources,attend_professeur
OBS,302,Boyer,Iris,,,,2026-03-10,09:53,entree,attend_sans_commencer
OBS,302,Boyer,Iris,,,,2026-03-10,09:53,difficulte,observe_camarade
OBS,302,Morel,Manon,,,,2026-03-10,09:44,tutorat,aide_si_sollicite
OBS,302,Morel,Manon,,,,2026-03-10,09:46,participation,repond_si_insiste
OBS,302,Morel,Manon,,,,2026-03-10,09:48,difficulte,observe_camarade
OBS,302,Morel,Manon,,,,2026-03-10,09:50,finalisation,activite_incomplete
OBS,302,Morel,Manon,,,,2026-03-10,09:52,entree,attend_sans_commencer
OBS,302,Lambert,Maya,,,,2026-03-10,09:20,tutorat,donne_reponse_directe
OBS,302,Lambert,Maya,,,,2026-03-10,09:22,participation,repond_si_insiste
OBS,302,Lambert,Maya,,,,2026-03-10,09:24,attention,distrait_momentanement
OBS,302,Lambert,Maya,,,,2026-03-10,09:26,ressources,attend_professeur
OBS,302,Lambert,Maya,,,,2026-03-10,09:28,difficulte,demande_aide_pertinente
OBS,302,Renard,Rose,,,,2026-03-10,09:30,tutorat,donne_reponse_directe
OBS,302,Renard,Rose,,,,2026-03-10,09:32,participation,repond_si_insiste
OBS,302,Renard,Rose,,,,2026-03-10,09:34,difficulte,attend_d
OBS,302,Renard,Rose,,,,2026-03-10,09:36,attention,bavarde_hors_sujet
OBS,302,Robert,Ines,,,,2026-03-10,09:38,tutorat,explique_camarade
OBS,302,Robert,Ines,,,,2026-03-10,09:40,participation,repond_si_sollicite
OBS,302,Robert,Ines,,,,2026-03-10,09:42,entree,demarre_relance
OBS,302,Robert,Ines,,,,2026-03-10,09:44,ressources,sollicite_immediat
OBS,302,Robert,Ines,,,,2026-03-10,09:46,attention,reconcentre_seul
OBS,302,Fontaine,Axel,,,,2026-03-10,09:14,tutorat,aide_si_sollicite
OBS,302,Fontaine,Axel,,,,2026-03-10,09:16,participation,repond_si_insiste
OBS,302,Fontaine,Axel,,,,2026-03-10,09:18,ressources,attend_professeur
OBS,302,Fontaine,Axel,,,,2026-03-10,09:20,attention,bavarde_travail
OBS,302,Sanchez,Rafael,,,,2026-03-10,09:18,tutorat,refuse_aider
OBS,302,Sanchez,Rafael,,,,2026-03-10,09:20,participation,ne_participe_pas
OBS,302,Sanchez,Rafael,,,,2026-03-10,09:22,finalisation,passe_autre_activite
OBS,302,Sanchez,Rafael,,,,2026-03-10,09:24,ressources,sollicite_immediat
OBS,302,Sanchez,Rafael,,,,2026-03-10,09:26,entree,ne_demarre_pas
OBS,302,Blanc,Eliott,,,,2026-03-10,09:06,tutorat,aide_si_sollicite
OBS,302,Blanc,Eliott,,,,2026-03-10,09:08,participation,repond_si_sollicite
OBS,302,Blanc,Eliott,,,,2026-03-10,09:10,entree,demarre_immediat
OBS,302,Blanc,Eliott,,,,2026-03-10,09:12,ressources,attend_professeur
OBS,302,Dubois,Nathan,,,,2026-03-10,09:03,tutorat,explique_camarade
OBS,302,Dubois,Nathan,,,,2026-03-10,09:05,participation,repond_si_sollicite
OBS,302,Dubois,Nathan,,,,2026-03-10,09:07,entree,demarre_relance
OBS,302,Mercier,Zoe,,,,2026-03-10,09:07,tutorat,aide_si_sollicite
OBS,302,Mercier,Zoe,,,,2026-03-10,09:09,participation,repond_si_sollicite
OBS,302,Mercier,Zoe,,,,2026-03-10,09:11,finalisation,activite_incomplete
OBS,302,Mercier,Zoe,,,,2026-03-10,09:13,ressources,attend_professeur
OBS,302,Girard,Lina,,,,2026-03-10,09:03,tutorat,refuse_aider
OBS,302,Girard,Lina,,,,2026-03-10,09:05,participation,repond_si_insiste
OBS,302,Girard,Lina,,,,2026-03-10,09:07,difficulte,attend_d
OBS,302,Girard,Lina,,,,2026-03-10,09:09,attention,bavarde_travail
OBS,302,Laurent,Nina,,,,2026-03-10,09:10,tutorat,donne_reponse_directe
OBS,302,Laurent,Nina,,,,2026-03-10,09:12,participation,repond_si_insiste
OBS,302,Laurent,Nina,,,,2026-03-10,09:14,attention,distrait_momentanement
OBS,302,Laurent,Nina,,,,2026-03-10,09:16,ressources,sollicite_immediat
OBS,302,Meunier,Jade,,,,2026-03-10,09:26,tutorat,explique_camarade
OBS,302,Meunier,Jade,,,,2026-03-10,09:28,participation,participe_spontanement
OBS,302,Meunier,Jade,,,,2026-03-10,09:30,attention,reconcentre_seul
OBS,302,Meunier,Jade,,,,2026-03-10,09:32,finalisation,verifie_travail
OBS,302,Petit,Louis,,,,2026-03-10,09:29,tutorat,donne_reponse_directe
OBS,302,Petit,Louis,,,,2026-03-10,09:31,participation,participe_spontanement
OBS,302,Petit,Louis,,,,2026-03-10,09:33,ressources,sollicite_immediat
OBS,302,Moreau,Louis,,,,2026-03-10,09:46,tutorat,donne_reponse_directe
OBS,302,Moreau,Louis,,,,2026-03-10,09:48,participation,repond_si_sollicite
OBS,302,Moreau,Louis,,,,2026-03-10,09:50,difficulte,observe_camarade
OBS,302,Moreau,Louis,,,,2026-03-10,09:52,ressources,attend_professeur
OBS,302,Masson,Rayan,,,,2026-03-10,09:09,tutorat,explique_camarade
OBS,302,Masson,Rayan,,,,2026-03-10,09:11,participation,participe_spontanement
OBS,302,Masson,Rayan,,,,2026-03-10,09:13,ressources,utilise_aides_activite
OBS,302,Masson,Rayan,,,,2026-03-10,09:15,attention,reconcentre_seul
OBS,302,Chevalier,Gabriel,,,,2026-03-10,09:35,tutorat,explique_camarade
OBS,302,Chevalier,Gabriel,,,,2026-03-10,09:37,participation,participe_spontanement
OBS,302,Chevalier,Gabriel,,,,2026-03-10,09:39,attention,concentre
OBS,302,Chevalier,Gabriel,,,,2026-03-10,09:41,finalisation,verifie_travail
OBS,302,Chevalier,Gabriel,,,,2026-03-10,09:43,difficulte,utilise_document_d
SESSION,302,demo_302_202603160900,1773648000000,1773651300000
OBS,302,Faure,Simon,,,,2026-03-16,09:26,tutorat,aide_si_sollicite
OBS,302,Faure,Simon,,,,2026-03-16,09:28,participation,repond_si_sollicite
OBS,302,Faure,Simon,,,,2026-03-16,09:30,ressources,sollicite_apres_cherche
OBS,302,Faure,Simon,,,,2026-03-16,09:32,difficulte,observe_camarade
OBS,302,Faure,Simon,,,,2026-03-16,09:34,finalisation,activite_incomplete
OBS,302,Perrin,Simon,,,,2026-03-16,09:43,tutorat,explique_camarade
OBS,302,Perrin,Simon,,,,2026-03-16,09:45,participation,repond_si_sollicite
OBS,302,Perrin,Simon,,,,2026-03-16,09:47,ressources,sollicite_apres_cherche
OBS,302,Perrin,Simon,,,,2026-03-16,09:49,entree,demarre_relance
OBS,302,Gauthier,Adam,,,,2026-03-16,09:43,tutorat,aide_si_sollicite
OBS,302,Gauthier,Adam,,,,2026-03-16,09:45,participation,repond_si_sollicite
OBS,302,Gauthier,Adam,,,,2026-03-16,09:47,ressources,sollicite_immediat
OBS,302,Gauthier,Adam,,,,2026-03-16,09:49,finalisation,activite_terminee
OBS,302,Vincent,Lucie,,,,2026-03-16,09:40,tutorat,donne_reponse_directe
OBS,302,Vincent,Lucie,,,,2026-03-16,09:42,participation,repond_si_insiste
OBS,302,Vincent,Lucie,,,,2026-03-16,09:44,finalisation,activite_incomplete
OBS,302,Vincent,Lucie,,,,2026-03-16,09:46,attention,bavarde_travail
OBS,302,Vincent,Lucie,,,,2026-03-16,09:48,entree,attend_sans_commencer
OBS,302,Muller,Lea,,,,2026-03-16,09:40,tutorat,aide_si_sollicite
OBS,302,Muller,Lea,,,,2026-03-16,09:42,participation,participe_spontanement
OBS,302,Muller,Lea,,,,2026-03-16,09:44,attention,distrait_momentanement
OBS,302,Muller,Lea,,,,2026-03-16,09:46,difficulte,observe_camarade
OBS,302,Muller,Lea,,,,2026-03-16,09:48,ressources,sollicite_immediat
OBS,302,Boyer,Iris,,,,2026-03-16,09:31,tutorat,refuse_aider
OBS,302,Boyer,Iris,,,,2026-03-16,09:33,participation,ne_participe_pas
OBS,302,Boyer,Iris,,,,2026-03-16,09:35,entree,ne_demarre_pas
OBS,302,Boyer,Iris,,,,2026-03-16,09:37,difficulte,copie_correction
OBS,302,Morel,Manon,,,,2026-03-16,09:28,tutorat,donne_reponse_directe
OBS,302,Morel,Manon,,,,2026-03-16,09:30,participation,repond_si_insiste
OBS,302,Morel,Manon,,,,2026-03-16,09:32,attention,revasse
OBS,302,Morel,Manon,,,,2026-03-16,09:34,ressources,attend_correction
OBS,302,Bertrand,Liam,,,,2026-03-16,09:04,tutorat,refuse_aider
OBS,302,Bertrand,Liam,,,,2026-03-16,09:06,participation,repond_si_insiste
OBS,302,Bertrand,Liam,,,,2026-03-16,09:08,entree,ne_demarre_pas
OBS,302,Bertrand,Liam,,,,2026-03-16,09:10,ressources,attend_professeur
OBS,302,Lambert,Maya,,,,2026-03-16,09:38,tutorat,aide_si_sollicite
OBS,302,Lambert,Maya,,,,2026-03-16,09:40,participation,repond_si_insiste
OBS,302,Lambert,Maya,,,,2026-03-16,09:42,finalisation,corrige_erreur
OBS,302,Lambert,Maya,,,,2026-03-16,09:44,entree,demarre_relance
OBS,302,Lambert,Maya,,,,2026-03-16,09:46,attention,reconcentre_seul
OBS,302,Renard,Rose,,,,2026-03-16,09:22,tutorat,refuse_aider
OBS,302,Renard,Rose,,,,2026-03-16,09:24,participation,ne_participe_pas
OBS,302,Renard,Rose,,,,2026-03-16,09:26,entree,attend_sans_commencer
OBS,302,Renard,Rose,,,,2026-03-16,09:28,difficulte,copie_correction
OBS,302,Robert,Ines,,,,2026-03-16,09:12,tutorat,donne_reponse_directe
OBS,302,Robert,Ines,,,,2026-03-16,09:14,participation,repond_si_sollicite
OBS,302,Robert,Ines,,,,2026-03-16,09:16,finalisation,passe_autre_activite
OBS,302,Robert,Ines,,,,2026-03-16,09:18,attention,distrait_momentanement
OBS,302,Robert,Ines,,,,2026-03-16,09:20,ressources,sollicite_immediat
OBS,302,Fontaine,Axel,,,,2026-03-16,09:35,tutorat,donne_reponse_directe
OBS,302,Fontaine,Axel,,,,2026-03-16,09:37,participation,repond_si_insiste
OBS,302,Fontaine,Axel,,,,2026-03-16,09:39,attention,concentre
OBS,302,Fontaine,Axel,,,,2026-03-16,09:41,ressources,sollicite_apres_cherche
OBS,302,Blanc,Eliott,,,,2026-03-16,09:30,tutorat,donne_reponse_directe
OBS,302,Blanc,Eliott,,,,2026-03-16,09:32,participation,repond_si_insiste
OBS,302,Blanc,Eliott,,,,2026-03-16,09:34,difficulte,observe_camarade
OBS,302,Blanc,Eliott,,,,2026-03-16,09:36,ressources,attend_professeur
OBS,302,Blanc,Eliott,,,,2026-03-16,09:38,attention,bavarde_travail
OBS,302,Mercier,Zoe,,,,2026-03-16,09:31,tutorat,aide_si_sollicite
OBS,302,Mercier,Zoe,,,,2026-03-16,09:33,participation,repond_si_insiste
OBS,302,Mercier,Zoe,,,,2026-03-16,09:35,finalisation,activite_incomplete
OBS,302,Mercier,Zoe,,,,2026-03-16,09:37,attention,distrait_momentanement
OBS,302,Mercier,Zoe,,,,2026-03-16,09:39,difficulte,observe_camarade
OBS,302,Nicolas,Adam,,,,2026-03-16,09:45,tutorat,refuse_aider
OBS,302,Nicolas,Adam,,,,2026-03-16,09:47,participation,repond_si_insiste
OBS,302,Nicolas,Adam,,,,2026-03-16,09:49,ressources,attend_correction
OBS,302,Nicolas,Adam,,,,2026-03-16,09:51,attention,revasse
OBS,302,Nicolas,Adam,,,,2026-03-16,09:53,entree,ne_demarre_pas
OBS,302,Girard,Lina,,,,2026-03-16,09:43,tutorat,donne_reponse_directe
OBS,302,Girard,Lina,,,,2026-03-16,09:45,participation,ne_participe_pas
OBS,302,Girard,Lina,,,,2026-03-16,09:47,attention,bavarde_travail
OBS,302,Girard,Lina,,,,2026-03-16,09:49,difficulte,attend_d
OBS,302,Girard,Lina,,,,2026-03-16,09:51,finalisation,recopie_correction
OBS,302,Laurent,Nina,,,,2026-03-16,09:25,tutorat,aide_si_sollicite
OBS,302,Laurent,Nina,,,,2026-03-16,09:27,participation,participe_spontanement
OBS,302,Laurent,Nina,,,,2026-03-16,09:29,finalisation,verifie_travail
OBS,302,Laurent,Nina,,,,2026-03-16,09:31,difficulte,observe_camarade
OBS,302,Laurent,Nina,,,,2026-03-16,09:33,attention,concentre
OBS,302,Petit,Louis,,,,2026-03-16,09:27,tutorat,donne_reponse_directe
OBS,302,Petit,Louis,,,,2026-03-16,09:29,participation,repond_si_sollicite
OBS,302,Petit,Louis,,,,2026-03-16,09:31,finalisation,passe_autre_activite
OBS,302,Moreau,Louis,,,,2026-03-16,09:18,tutorat,aide_si_sollicite
OBS,302,Moreau,Louis,,,,2026-03-16,09:20,participation,repond_si_insiste
OBS,302,Moreau,Louis,,,,2026-03-16,09:22,entree,demarre_relance
OBS,302,Moreau,Louis,,,,2026-03-16,09:24,finalisation,activite_incomplete
OBS,302,Moreau,Louis,,,,2026-03-16,09:26,attention,distrait_momentanement
OBS,302,Masson,Rayan,,,,2026-03-16,09:17,tutorat,aide_si_sollicite
OBS,302,Masson,Rayan,,,,2026-03-16,09:19,participation,participe_spontanement
OBS,302,Masson,Rayan,,,,2026-03-16,09:21,ressources,utilise_aides_activite
OBS,302,Masson,Rayan,,,,2026-03-16,09:23,finalisation,corrige_erreur
OBS,302,Masson,Rayan,,,,2026-03-16,09:25,difficulte,cherche_seul
ABSENCE,302,demo_302_202509080900,Lambert,Maya
ABSENCE,302,demo_302_202509080900,Guerin,Lola
ABSENCE,302,demo_302_202509080900,Nicolas,Adam
ABSENCE,302,demo_302_202509080900,Girard,Lina
ABSENCE,302,demo_302_202509080900,Chevalier,Gabriel
ABSENCE,302,demo_302_202509110900,Lambert,Maya
ABSENCE,302,demo_302_202509110900,Blanc,Eliott
ABSENCE,302,demo_302_202509160900,Muller,Lea
ABSENCE,302,demo_302_202509160900,Robert,Ines
ABSENCE,302,demo_302_202509160900,Dubois,Nathan
ABSENCE,302,demo_302_202509160900,Nicolas,Adam
ABSENCE,302,demo_302_202509160900,Girard,Lina
ABSENCE,302,demo_302_202509220900,Morel,Manon
ABSENCE,302,demo_302_202509250900,Rousseau,Jade
ABSENCE,302,demo_302_202509250900,Nicolas,Adam
ABSENCE,302,demo_302_202510010900,Lambert,Maya
ABSENCE,302,demo_302_202510010900,Marchand,Eliott
ABSENCE,302,demo_302_202510060900,Faure,Simon
ABSENCE,302,demo_302_202510060900,Lambert,Maya
ABSENCE,302,demo_302_202510060900,Renard,Rose
ABSENCE,302,demo_302_202510060900,Chevalier,Gabriel
ABSENCE,302,demo_302_202510090900,Fontaine,Axel
ABSENCE,302,demo_302_202510090900,Blanc,Eliott
ABSENCE,302,demo_302_202510090900,Mercier,Zoe
ABSENCE,302,demo_302_202510090900,Marchand,Eliott
ABSENCE,302,demo_302_202510150900,Mercier,Zoe
ABSENCE,302,demo_302_202510150900,Nicolas,Adam
ABSENCE,302,demo_302_202511030900,Faure,Simon
ABSENCE,302,demo_302_202511030900,Rousseau,Jade
ABSENCE,302,demo_302_202511070900,Bertrand,Liam
ABSENCE,302,demo_302_202511120900,Muller,Lea
ABSENCE,302,demo_302_202511120900,Bertrand,Liam
ABSENCE,302,demo_302_202511120900,Sanchez,Rafael
ABSENCE,302,demo_302_202511170900,Nicolas,Adam
ABSENCE,302,demo_302_202511210900,Guerin,Lola
ABSENCE,302,demo_302_202511260900,Gauthier,Adam
ABSENCE,302,demo_302_202511260900,Guerin,Lola
ABSENCE,302,demo_302_202511260900,Blanc,Eliott
ABSENCE,302,demo_302_202511260900,Laurent,Nina
ABSENCE,302,demo_302_202512020900,Gauthier,Adam
ABSENCE,302,demo_302_202512050900,Lambert,Maya
ABSENCE,302,demo_302_202512100900,Gauthier,Adam
ABSENCE,302,demo_302_202512100900,Nicolas,Adam
ABSENCE,302,demo_302_202512160900,Boyer,Iris
ABSENCE,302,demo_302_202512160900,Nicolas,Adam
ABSENCE,302,demo_302_202512190900,Perrin,Simon
ABSENCE,302,demo_302_202512190900,Fournier,Louise
ABSENCE,302,demo_302_202512190900,Dubois,Nathan
ABSENCE,302,demo_302_202512190900,Marchand,Eliott
ABSENCE,302,demo_302_202601080900,Girard,Lina
ABSENCE,302,demo_302_202601130900,Boyer,Iris
ABSENCE,302,demo_302_202601160900,Vincent,Lucie
ABSENCE,302,demo_302_202601160900,Blanc,Eliott
ABSENCE,302,demo_302_202601160900,Dubois,Nathan
ABSENCE,302,demo_302_202601160900,Nicolas,Adam
ABSENCE,302,demo_302_202601160900,Marchand,Eliott
ABSENCE,302,demo_302_202601220900,Fournier,Louise
ABSENCE,302,demo_302_202601220900,Bertrand,Liam
ABSENCE,302,demo_302_202601220900,Chevalier,Gabriel
ABSENCE,302,demo_302_202602020900,Boyer,Iris
ABSENCE,302,demo_302_202602060900,Marchand,Eliott
ABSENCE,302,demo_302_202602120900,Morel,Manon
ABSENCE,302,demo_302_202602120900,Dubois,Nathan
ABSENCE,302,demo_302_202602120900,Nicolas,Adam
ABSENCE,302,demo_302_202602120900,Girard,Lina
ABSENCE,302,demo_302_202602120900,Moreau,Louis
ABSENCE,302,demo_302_202602190900,Girard,Lina
ABSENCE,302,demo_302_202602250900,Fontaine,Axel
ABSENCE,302,demo_302_202603030900,Guerin,Lola
ABSENCE,302,demo_302_202603100900,Vincent,Lucie
ABSENCE,302,demo_302_202603100900,Bertrand,Liam
ABSENCE,302,demo_302_202603100900,Guerin,Lola
ABSENCE,302,demo_302_202603100900,Nicolas,Adam
ABSENCE,302,demo_302_202603160900,Guerin,Lola
ABSENCE,302,demo_302_202603160900,Sanchez,Rafael
ABSENCE,302,demo_302_202603160900,Meunier,Jade
ABSENCE,302,demo_302_202603160900,Chevalier,Gabriel
OBJECTIF,302,Faure,Simon,100,100,100,75,100,100,100
OBJECTIF,302,Perrin,Simon,100,100,100,100,75,100,75
OBJECTIF,302,Gauthier,Adam,75,100,100,100,100,100,100
OBJECTIF,302,Rousseau,Jade,75,75,75,25,50,75,75
OBJECTIF,302,Vincent,Lucie,100,75,50,75,75,75,75
OBJECTIF,302,Fournier,Louise,100,75,100,100,100,100,100
OBJECTIF,302,Muller,Lea,100,100,75,100,100,100,100
OBJECTIF,302,Boyer,Iris,50,50,25,50,50,50,50
OBJECTIF,302,Morel,Manon,25,25,25,25,50,25,25
OBJECTIF,302,Bertrand,Liam,50,50,50,75,75,75,50
OBJECTIF,302,Lambert,Maya,100,100,100,100,100,75,75
OBJECTIF,302,Guerin,Lola,50,25,25,50,25,25,25
OBJECTIF,302,Renard,Rose,50,75,50,75,50,50,25
OBJECTIF,302,Robert,Ines,75,100,100,75,75,75,75
OBJECTIF,302,Fontaine,Axel,100,100,100,100,100,100,100
OBJECTIF,302,Sanchez,Rafael,25,50,50,25,25,25,25
OBJECTIF,302,Blanc,Eliott,100,100,75,100,100,100,100
OBJECTIF,302,Dubois,Nathan,100,75,100,75,75,75,50
OBJECTIF,302,Mercier,Zoe,100,75,100,100,100,100,100
OBJECTIF,302,Aubert,Ines,75,50,100,75,100,75,75
OBJECTIF,302,Dupont,Victor,50,50,75,50,50,100,75
OBJECTIF,302,Nicolas,Adam,25,25,50,25,25,25,50
OBJECTIF,302,Girard,Lina,50,75,50,50,25,50,75
OBJECTIF,302,Laurent,Nina,50,25,75,50,50,50,50
OBJECTIF,302,Meunier,Jade,100,75,75,75,100,100,100
OBJECTIF,302,Petit,Louis,25,50,50,50,25,25,25
OBJECTIF,302,Marchand,Eliott,75,100,50,100,50,75,75
OBJECTIF,302,Moreau,Louis,100,75,75,100,100,75,50
OBJECTIF,302,Masson,Rayan,100,75,100,100,100,100,100
OBJECTIF,302,Chevalier,Gabriel,100,100,100,100,100,100,100
